🧠 Default specimen detected at /workspace/grugbot420_repo/src/../grug-binary/default.specimen.gz — auto-loading...
  🧹 Wiping current cave state...
  ✅ Cave wiped clean. Beginning restore...
  🔢 ID counters restored (node=20, msg=38)
  🗳  Last voters restored (0 IDs)
  👁  Eye state restored
  🔧 Verb registry restored (5 classes, 22 verbs, 0 synonyms)
  🔤 Thesaurus restored (499 words)
  🧠 Lobes restored (7)
  📋 Lobe tables restored (7)
  🌱 Nodes restored (20)
  ⚡ Hopfield cache restored (0 entries)
  ⚙️  Rules restored (0)
  🚫 Inhibitions restored (0)
  💬 Messages restored (38 total, 3 pinned)
  👁  Arousal restored (level=0.3)
  🧬 BrainStem state restored
  🔗 Attachments restored (0)
  🔮 Trajectory restored (0 entries)
  🕐 Temporal coherence restored (0 entries)
  ⏳ Morph cooldowns restored (0 active)
  🛡 Immune system restored (0 signatures, 0 ledger entries)
  🤖 AIML system restored (0 nodes across 6 lobes)
  ✅ Default specimen restored.
    ╔══════════════════════════════════════════════════════════════╗
    ║            🧬 SPECIMEN LOADED SUCCESSFULLY                   ║
    ╠══════════════════════════════════════════════════════════════╣
      📁  File             : /workspace/grugbot420_repo/src/../grug-binary/default.specimen.gz
      📦  Compressed size  : 12556 bytes
      📄  JSON size        : 92213 bytes
  (Set GRUG_NO_AUTOLOAD=1 to skip this on next boot.)
System Online. Grug waiting at cave entrance for instructions.
Primary  : /mission <input>                    (text or image binary)
Feedback : /wrong                              (penalize last response voters)
Explicit : /explicit <cmd> [<node_id>] <input>
Grow     : /grow <lobe_id> <json_packet>      (plant node(s) into a lobe)
         :   • <lobe_id> is required — use `-` for unassigned pool
         :   • Single node: {"pattern":"...","action_packet":"...","data":{...}}
         :   • Multi node:  {"nodes":[{...},{...}]}
         :   • `data.system_prompt` defaults to "Grug speaks plainly." if absent
Rules    : /addRule <rule text> [prob=0.0-1.0]
           Tags: {MISSION}, {PRIMARY_ACTION}, {SURE_ACTIONS}, {UNSURE_ACTIONS},
                 {ALL_ACTIONS}, {CONFIDENCE}, {NODE_ID}, {MEMORY}, {LOBE_CONTEXT}
Memory   : /pin <text>
Nodes    : /nodes                              (show node map status)
Status   : /status                             (show chatter + system status)
Arousal  : /arousal <0.0-1.0>                 (set eye system arousal level)
Verbs    : /addVerb <verb> <class>             (add verb to relation class)
         : /addRelationClass <name>            (create new verb class bucket)
         : /addSynonym <canonical> <alias>     (normalize alias->canonical)
         : /listVerbs                          (show all verb classes + synonyms)
Lobes    : /newLobe <id> <subject>             (create a new subject lobe)
         : /connectLobes <id_a> <id_b>         (connect two lobes)
         : /lobeGrow <lobe_id> <json_packet>   (DEPRECATED — alias for /grow)
         : /lobes                              (list all lobes + node counts)
         : /tableStatus <lobe_id>              (show hash table chunks for a lobe)
         : /tableMatch <lobe_id> <chunk> <pat> (pattern-activate entries in chunk)
Thesaurus: /thesaurus <word1> | <word2>        (compare words/concepts dimensionally)
         : /thesaurus <w1> | <w2> :: <ctx1> :: <ctx2>  (with context lists)
NegThes  : /negativeThesaurus add|remove|list|check|flush
Attach   : /nodeAttach <lobe> <target> <id> <pat> ...  (attach nodes with relational fire patterns)
         : /nodeDetach <lobe> <target> <id>            (detach a node from target)
ImgAttach: /imgnodeAttach <lobe> <tgt> <id> <b64> [w h] (attach image node with SDF-based fire)
         : /imgnodeDetach <lobe> <target> <id>         (detach image node from target)
         : /attachments                         (show all node attachments)
Crystal  : /crystalize <lobe> <target> <attach>        (💎 mark attachment as sticky/user-locked)
         : /decrystalize <lobe> <target> <attach>      (🔓 remove sticky flag, restore coinflip)
Specimen : /saveSpecimen <filepath>            (save full cave state to compressed file)
         : /loadSpecimen <filepath>            (restore full cave state from compressed file)
Help     : /help                               (full command reference)

╔══════════════════════════════════════════════════════════════════╗
║  SPECIMEN SEEDING GUIDE (read before /grow)                     ║
╠══════════════════════════════════════════════════════════════════╣
║  Automatic neighbor latching is SUPPRESSED below 1000 nodes.   ║
║  Below that threshold, YOU control topology via drop_table.     ║
║                                                                  ║
║  For a coherent specimen from the start:                        ║
║  1. Seed ORTHOGONAL archetypes first - distinct semantic poles. ║
║     Don't plant 50 near-identical nodes up front.               ║
║  2. Use required_relations as semantic GATES from day one.      ║
║     Nodes that demand specific verbs won't fire on noise.       ║
║  3. Name action_packets deliberately - distinct action families ║
║     give the superposition orchestrator something to work with. ║
║  4. Wire drop_tables manually for known co-activation pairs.    ║
║     Don't rely on the latch system to discover semantics.       ║
║  5. Your first ~100 nodes are the specimen's DNA.               ║
║     The engine enforces structure at scale (1000+ nodes).       ║
║     You enforce MEANING at the start.                           ║
╚══════════════════════════════════════════════════════════════════╝

Brain > --> Grug thawing specimen from file...
  🧹 Wiping current cave state...
  ✅ Cave wiped clean. Beginning restore...
  🔢 ID counters restored (node=42, msg=84)
  🗳  Last voters restored (0 IDs)
  👁  Eye state restored
  🔧 Verb registry restored (6 classes, 30 verbs, 5 synonyms)
  🔤 Thesaurus restored (499 words)
  🧠 Lobes restored (13)
  📋 Lobe tables restored (13)
  🌱 Nodes restored (42)
  ⚡ Hopfield cache restored (0 entries)
  ⚙️  Rules restored (0)
  🚫 Inhibitions restored (0)
  💬 Messages restored (84 total, 5 pinned)
  👁  Arousal restored (level=0.3)
  🧬 BrainStem state restored
  🔗 Attachments restored (0)
  🔮 Trajectory restored (0 entries)
  🕐 Temporal coherence restored (0 entries)
  ⏳ Morph cooldowns restored (0 active)
  🛡 Immune system restored (0 signatures, 0 ledger entries)
  🤖 AIML system restored (0 nodes across 12 lobes)

╔══════════════════════════════════════════════════════════════╗
║            🧬 SPECIMEN LOADED SUCCESSFULLY                   ║
╠══════════════════════════════════════════════════════════════╣
  📁  File             : /workspace/grug_test/kitchen_sink_v10_b3c/kitchen_sink.specimen.gz
  📦  Compressed size  : 15689 bytes
  📄  JSON size        : 130229 bytes
  ⏱️   Time             : 0.01s
  ─────────────────────────────────────────────
  🌱  Nodes            : 42
  🧠  Lobes            : 13
  📋  Lobe tables      : 13
  ⚡  Hopfield entries  : 0
  ⚙️   Rules            : 0
  💬  Messages         : 84 (5 pinned)
  🔧  Verb classes     : 6 (30 verbs)
  🔤  Thesaurus words  : 499
  🚫  Inhibitions      : 0
  🔗  Attachments      : 0
  🤖  AIML nodes       : 0 (12 lobes)
  👁   Arousal          : 0.3
  🔢  ID counters      : node=42, msg=84
  ─────────────────────────────────────────────
  🧹  Previous state   : WIPED (full brain transplant)
╚══════════════════════════════════════════════════════════════╝

Brain > === LOBE REGISTRY (13 lobes, 42 nodes indexed) ===
  alert | subject='warn caution notify danger flag urgent' | nodes=3/20000 | fires=0 | inhibits=0 | connected=[survival] | tbl[nodes=3 json=3 drop=0 hopf=0]
  celebration | subject='celebrate joy happy glad cheerful' | nodes=3/20000 | fires=0 | inhibits=0 | connected=[comfort,greeting] | tbl[nodes=3 json=3 drop=0 hopf=0]
  comfort | subject='comfort support validate reassure care' | nodes=4/20000 | fires=0 | inhibits=0 | connected=[celebration,greeting] | tbl[nodes=4 json=4 drop=0 hopf=0]
  craft | subject='tool make build hammer carve' | nodes=3/20000 | fires=0 | inhibits=0 | connected=[explanation] | tbl[nodes=3 json=3 drop=0 hopf=0]
  default | subject='general thinking reasoning conversation greeting' | nodes=3/20000 | fires=0 | inhibits=0 | connected=[none] | tbl[nodes=3 json=0 drop=0 hopf=0]
  explanation | subject='explain clarify describe define teach' | nodes=4/20000 | fires=0 | inhibits=0 | connected=[craft,inquiry,nature,reasoning] | tbl[nodes=4 json=4 drop=0 hopf=0]
  greeting | subject='hello hi greet welcome conversation' | nodes=3/20000 | fires=0 | inhibits=0 | connected=[celebration,comfort] | tbl[nodes=3 json=3 drop=5 hopf=0]
  inquiry | subject='question ask wonder curious investigate' | nodes=3/20000 | fires=0 | inhibits=0 | connected=[explanation] | tbl[nodes=3 json=3 drop=0 hopf=0]
  memory | subject='remember recall past history recollect' | nodes=2/20000 | fires=0 | inhibits=0 | connected=[reasoning] | tbl[nodes=2 json=2 drop=0 hopf=0]
  nature | subject='stone tree water sky weather' | nodes=3/20000 | fires=0 | inhibits=0 | connected=[explanation] | tbl[nodes=3 json=3 drop=0 hopf=0]
  planning | subject='plan strategy goal future intend' | nodes=3/20000 | fires=0 | inhibits=0 | connected=[reasoning] | tbl[nodes=3 json=3 drop=0 hopf=0]
  reasoning | subject='think reason analyze ponder logic' | nodes=4/20000 | fires=0 | inhibits=0 | connected=[explanation,memory,planning] | tbl[nodes=4 json=4 drop=0 hopf=0]
  survival | subject='flee hide fight danger threat run' | nodes=4/20000 | fires=0 | inhibits=0 | connected=[alert] | tbl[nodes=4 json=4 drop=2 hopf=0]

Brain > === SEMANTIC VERB REGISTRY ===
  [action]: breaks, burns, hits, runs
  [causal]: causes, contradicts, hits, increases, makes, reduces, routes
  [emotive]: fears, feels, loves
  [epistemic]: believes, knows, thinks
  [spatial]: are, connects, is, on, sees, under, was, were
  [temporal]: after, before, chasing, follows, precedes
  --- Synonyms ---
    dreads → fears
    ponders → thinks
    reasons → thinks
    spots → sees
    strikes → hits

Brain > ╔══════════════════════════════════════════════════╗
║              GRUGBOT SYSTEM STATUS               ║
╠══════════════════════════════════════════════════╣
║  ENGINE                                          ║
  Nodes in cave   : 42
  Hopfield cache  : 0 entries
  Memory messages : 85
  Est. memory use : ~83 KB
  Trajectory buf  : 0 entries
  Temporal coher  : 0 entries
  Morph cooldowns : 0 active
  Current arousal : 0.3
  Last input ago  : 0.0s
║  LOBES                                           ║
  Lobes registered: 13
  Nodes in lobes  : 42
  Top lobe (fires): explanation (0 fires)
║  BRAINSTEM                                       ║
  Dispatches run  : 0
  Last winner     : none
  Propagations    : 0
  Is dispatching  : false
║  CHATTER                                         ║
  Chatter running : false
  Input queue     : 0 pending
  Sessions run    : 0
║  AIML NODE TRIBES                                ║
=== AIML NODE TRIBES (cycle=0) ===
  alert | pop=0/6666 | live=0 | grave=0
  celebration | pop=0/6666 | live=0 | grave=0
  comfort | pop=0/6666 | live=0 | grave=0
  craft | pop=0/6666 | live=0 | grave=0
  explanation | pop=0/6666 | live=0 | grave=0
  greeting | pop=0/6666 | live=0 | grave=0
  inquiry | pop=0/6666 | live=0 | grave=0
  memory | pop=0/6666 | live=0 | grave=0
  nature | pop=0/6666 | live=0 | grave=0
  planning | pop=0/6666 | live=0 | grave=0
  reasoning | pop=0/6666 | live=0 | grave=0
  survival | pop=0/6666 | live=0 | grave=0
╚══════════════════════════════════════════════════╝

Brain > 👁  Arousal set to 0.5. Eye system updated.

Brain > 
🔍 THESAURUS COMPARISON
  Input 1  : "happy"  → seeds: cheerful, content, delighted, elated
  Input 2  : "sad"  → seeds: dejected, downcast, gloomy, melancholy
  Type     : word-word
  ─────────────────────────────
  Overall  : 0.0%  [NEGLIGIBLE]
  Semantic : 0.0%
  Context  : 50.0%
  Assoc    : 0.0%
  Confid.  : 90.0%


Brain > 
🔍 THESAURUS COMPARISON
  Input 1  : "tool"
  Input 2  : "weapon"
  Type     : word-word
  ─────────────────────────────
  Overall  : 0.0%  [NEGLIGIBLE]
  Semantic : 0.0%
  Context  : 50.0%
  Assoc    : 0.0%
  Confid.  : 90.0%


Brain > [ENGINE] 🔗  Node 'node_4' attached to target 'node_3' with pattern "morning hello" (base_conf=0.383, 1/4 slots used).
🔗 /nodeAttach complete:
   → Attached 'node_4' to 'node_3' with pattern "morning hello" (base_conf=0.383, 1/4)

Brain > [ENGINE] 🔗  Node 'node_5' attached to target 'node_3' with pattern "casual hello" (base_conf=0.05, 2/4 slots used).
🔗 /nodeAttach complete:
   → Attached 'node_5' to 'node_3' with pattern "casual hello" (base_conf=0.05, 2/4)

Brain > [ENGINE] 🔗  Node 'node_7' attached to target 'node_6' with pattern "why think" (base_conf=0.55, 1/4 slots used).
🔗 /nodeAttach complete:
   → Attached 'node_7' to 'node_6' with pattern "why think" (base_conf=0.55, 1/4)

Brain > [ENGINE] 🔗  Node 'node_8' attached to target 'node_6' with pattern "think mechanism" (base_conf=0.05, 2/4 slots used).
🔗 /nodeAttach complete:
   → Attached 'node_8' to 'node_6' with pattern "think mechanism" (base_conf=0.05, 2/4)

Brain > [ENGINE] 🔗  Node 'node_11' attached to target 'node_10' with pattern "danger run" (base_conf=0.55, 1/4 slots used).
🔗 /nodeAttach complete:
   → Attached 'node_11' to 'node_10' with pattern "danger run" (base_conf=0.55, 1/4)

Brain > [ENGINE] 🔗  Node 'node_12' attached to target 'node_10' with pattern "danger fire" (base_conf=0.383, 2/4 slots used).
🔗 /nodeAttach complete:
   → Attached 'node_12' to 'node_10' with pattern "danger fire" (base_conf=0.383, 2/4)

Brain > [ENGINE] 🔗  Node 'node_19' attached to target 'node_18' with pattern "feel sad" (base_conf=0.55, 1/4 slots used).
🔗 /nodeAttach complete:
   → Attached 'node_19' to 'node_18' with pattern "feel sad" (base_conf=0.55, 1/4)

Brain > [ENGINE] 🔗  Node 'node_20' attached to target 'node_18' with pattern "feel worried" (base_conf=0.55, 2/4 slots used).
🔗 /nodeAttach complete:
   → Attached 'node_20' to 'node_18' with pattern "feel worried" (base_conf=0.55, 2/4)

Brain > [ENGINE] 🔗  Node 'node_21' attached to target 'node_18' with pattern "feel lonely" (base_conf=0.55, 3/4 slots used).
🔗 /nodeAttach complete:
   → Attached 'node_21' to 'node_18' with pattern "feel lonely" (base_conf=0.55, 3/4)

Brain > [ENGINE] 🔗  Node 'node_34' attached to target 'node_33' with pattern "should plan" (base_conf=0.383, 1/4 slots used).
🔗 /nodeAttach complete:
   → Attached 'node_34' to 'node_33' with pattern "should plan" (base_conf=0.383, 1/4)

Brain > [ENGINE] 🔗  Node 'node_35' attached to target 'node_33' with pattern "should next" (base_conf=0.383, 2/4 slots used).
🔗 /nodeAttach complete:
   → Attached 'node_35' to 'node_33' with pattern "should next" (base_conf=0.383, 2/4)

Brain > [ENGINE] 🔗  Node 'node_37' attached to target 'node_36' with pattern "sky river" (base_conf=0.55, 1/4 slots used).
🔗 /nodeAttach complete:
   → Attached 'node_37' to 'node_36' with pattern "sky river" (base_conf=0.55, 1/4)

Brain > [ENGINE] 🔗  Node 'node_40' attached to target 'node_39' with pattern "tool build" (base_conf=0.55, 1/4 slots used).
🔗 /nodeAttach complete:
   → Attached 'node_40' to 'node_39' with pattern "tool build" (base_conf=0.55, 1/4)

Brain > === ATTACHMENT MAP (7 targets with attachments) ===
  🎯 node_10 (2/4 attached):
      🔗 node_11 [ALIVE str=1.0] | base_conf=0.55 | connector="danger run"
      🔗 node_12 [ALIVE str=1.0] | base_conf=0.383 | connector="danger fire"
  🎯 node_18 (3/4 attached):
      🔗 node_19 [ALIVE str=1.0] | base_conf=0.55 | connector="feel sad"
      🔗 node_20 [ALIVE str=1.0] | base_conf=0.55 | connector="feel worried"
      🔗 node_21 [ALIVE str=1.0] | base_conf=0.55 | connector="feel lonely"
  🎯 node_3 (2/4 attached):
      🔗 node_4 [ALIVE str=1.0] | base_conf=0.383 | connector="morning hello"
      🔗 node_5 [ALIVE str=1.0] | base_conf=0.05 | connector="casual hello"
  🎯 node_33 (2/4 attached):
      🔗 node_34 [ALIVE str=1.0] | base_conf=0.383 | connector="should plan"
      🔗 node_35 [ALIVE str=1.0] | base_conf=0.383 | connector="should next"
  🎯 node_36 (1/4 attached):
      🔗 node_37 [ALIVE str=1.0] | base_conf=0.55 | connector="sky river"
  🎯 node_39 (1/4 attached):
      🔗 node_40 [ALIVE str=1.0] | base_conf=0.55 | connector="tool build"
  🎯 node_6 (2/4 attached):
      🔗 node_7 [ALIVE str=1.0] | base_conf=0.55 | connector="why think"
      🔗 node_8 [ALIVE str=1.0] | base_conf=0.05 | connector="think mechanism"

Brain > 💎 💎 Attachment node_18→node_19 CRYSTALIZED (origin=:user). Always fires.

Brain > 💎 💎 Attachment node_10→node_12 CRYSTALIZED (origin=:user). Always fires.

Brain > 💎 💎 Attachment node_39→node_40 CRYSTALIZED (origin=:user). Always fires.

Brain > === ATTACHMENT MAP (7 targets with attachments) ===
  🎯 node_10 (2/4 attached):
      🔗 node_11 [ALIVE str=1.0] | base_conf=0.55 | connector="danger run"
      🔗 node_12 [ALIVE str=1.0] 💎[CRYSTAL:user] | base_conf=0.383 | connector="danger fire"
  🎯 node_18 (3/4 attached):
      🔗 node_19 [ALIVE str=1.0] 💎[CRYSTAL:user] | base_conf=0.55 | connector="feel sad"
      🔗 node_20 [ALIVE str=1.0] | base_conf=0.55 | connector="feel worried"
      🔗 node_21 [ALIVE str=1.0] | base_conf=0.55 | connector="feel lonely"
  🎯 node_3 (2/4 attached):
      🔗 node_4 [ALIVE str=1.0] | base_conf=0.383 | connector="morning hello"
      🔗 node_5 [ALIVE str=1.0] | base_conf=0.05 | connector="casual hello"
  🎯 node_33 (2/4 attached):
      🔗 node_34 [ALIVE str=1.0] | base_conf=0.383 | connector="should plan"
      🔗 node_35 [ALIVE str=1.0] | base_conf=0.383 | connector="should next"
  🎯 node_36 (1/4 attached):
      🔗 node_37 [ALIVE str=1.0] | base_conf=0.55 | connector="sky river"
  🎯 node_39 (1/4 attached):
      🔗 node_40 [ALIVE str=1.0] 💎[CRYSTAL:user] | base_conf=0.55 | connector="tool build"
  🎯 node_6 (2/4 attached):
      🔗 node_7 [ALIVE str=1.0] | base_conf=0.55 | connector="why think"
      🔗 node_8 [ALIVE str=1.0] | base_conf=0.05 | connector="think mechanism"

Brain > --> Scanning specimens & looking for dialectical relations...
[ORCHESTRATOR] 🎯 Lobe Curve (base × top = score):
  👑 greeting: base=0.663 × top=0.663 = 0.4395 [hard_votes=1]
  · default: base=0.519 × top=0.519 = 0.2697 [hard_votes=1]
--> 1 valid votes passed gate... compiling JIT superposition...
[ENGINE] 🐢  Node node_3 marked [GRAVED-SLOW] (avg: 5.16s > 5.0s).

🤖 AIML Output Scaffold:
[Grug greet warm] Hello — here is what matters: hello hi.
--- DEBUG TELEMETRY (orchestration internals, not for speech) ---
Mission: 'hello'
Primary Action: smile  (conf=0.66, certainty=SURE)
Sure Actions: [smile]
Unsure Actions (Coinflip Side-Features): [None]
Constraints: [None]
Winning Node: node_3
Lobe Context: [greeting (3/3 active (good morning | howdy | hello hi))]
User Triples: None
Node Triples: None
Anti-Match Detected: false
AIML Memory Bank:
Deep Memory (Pinned): [User_Pinned]: Grug speak plain. Grug not pretend smart. | [User_Pinned]: Many rocks compete. Loudest rock get to talk. | [User_Pinned]: Grug listen first, talk second. | [User_Pinned]: Tribe stronger than lone hunter. | [User_Pinned]: Hot rock burn. Soft skin remember.
Fresh Memory [threshold=0.67 eligible=5] (Recent): [System]: /nodeAttach: Attached 'node_5' to 'node_3' with pattern "casual hello" (base_conf=0.05, 2/4) (intensity=0.7)
Memory-Pull Policy: pull_fresh=false — SURE vote (conf=0.66) and no winning node requested context — fresh memory withheld
Lobe Curve (base × top = score):
  👑 greeting: base=0.663 × top=0.663 = 0.4395 [hard_votes=1]
  · default: base=0.519 × top=0.519 = 0.2697 [hard_votes=1]
=========================================

Brain > [ENGINE] ✅ /right: contributors=1 rewarded=0 double_skip=0 coinflip_miss=0 grave_skip=1
✅ /right applied. 1 contributor(s) processed: 0 rewarded, 0 skipped (already gained), 0 missed coinflip.
   ↳ context intensity nudged up on 6 message(s) used last cycle.

Brain > --> Scanning specimens & looking for dialectical relations...
[ORCHESTRATOR] 🎯 Lobe Curve (base × top = score):
  👑 default: base=0.518 × top=0.518 = 0.2685 [hard_votes=1]
--> 1 valid votes passed gate... compiling JIT superposition...

🤖 AIML Output Scaffold:
[Highly polite greeting protocols active] Hello — here is what matters: hello hi greeting mornin.
--- DEBUG TELEMETRY (orchestration internals, not for speech) ---
Mission: 'hello'
Primary Action: smile  (conf=0.52, certainty=SURE)
Sure Actions: [smile]
Unsure Actions (Coinflip Side-Features): [None]
Constraints: [dont frown, dont insult, dont be rude]
Winning Node: node_0
Lobe Context: [default (3/3 active (hello hi greeting mornin | think ponder reason calculate | grug hits rock and makes fire))]
User Triples: None
Node Triples: None
Anti-Match Detected: false
AIML Memory Bank:
Deep Memory (Pinned): [User_Pinned]: Grug speak plain. Grug not pretend smart. | [User_Pinned]: Many rocks compete. Loudest rock get to talk. | [User_Pinned]: Grug listen first, talk second. | [User_Pinned]: Tribe stronger than lone hunter. | [User_Pinned]: Hot rock burn. Soft skin remember.
Fresh Memory [threshold=0.47 eligible=5] (Recent): [System]: /nodeAttach: Attached 'node_4' to 'node_3' with pattern "morning hello" (base_conf=0.383, 1/4) (intensity=0.54) | [System]: /nodeAttach: Attached 'node_5' to 'node_3' with pattern "casual hello" (base_conf=0.05, 2/4) (intensity=0.83)
Memory-Pull Policy: pull_fresh=false — SURE vote (conf=0.52) and no winning node requested context — fresh memory withheld
Lobe Curve (base × top = score):
  👑 default: base=0.518 × top=0.518 = 0.2685 [hard_votes=1]
=========================================

Brain > --> Scanning specimens & looking for dialectical relations...
[ORCHESTRATOR] 🎯 Lobe Curve (base × top = score):
  👑 default: base=0.517 × top=0.517 = 0.2677 [hard_votes=1]
--> 1 valid votes passed gate... compiling JIT superposition...

🤖 AIML Output Scaffold:
[Highly polite greeting protocols active] Hello — here is what matters: hello hi greeting mornin.
--- DEBUG TELEMETRY (orchestration internals, not for speech) ---
Mission: 'hello'
Primary Action: welcome  (conf=0.52, certainty=SURE)
Sure Actions: [welcome]
Unsure Actions (Coinflip Side-Features): [None]
Constraints: [dont frown, dont insult, dont be rude]
Winning Node: node_0
Lobe Context: [default (3/3 active (hello hi greeting mornin | think ponder reason calculate | grug hits rock and makes fire))]
User Triples: None
Node Triples: None
Anti-Match Detected: false
AIML Memory Bank:
Deep Memory (Pinned): [User_Pinned]: Grug speak plain. Grug not pretend smart. | [User_Pinned]: Many rocks compete. Loudest rock get to talk. | [User_Pinned]: Grug listen first, talk second. | [User_Pinned]: Tribe stronger than lone hunter. | [User_Pinned]: Hot rock burn. Soft skin remember.
Fresh Memory [threshold=0.38 eligible=7] (Recent): [System]: /nodeAttach: Attached 'node_5' to 'node_3' with pattern "casual hello" (base_conf=0.05, 2/4) (intensity=0.62) | [User]: hello (intensity=1.47) | [System]: Mission "hello" → primary=smile conf=0.52 node=node_0 (intensity=0.78) | [User]: hello (intensity=1.29)
Memory-Pull Policy: pull_fresh=false — SURE vote (conf=0.52) and no winning node requested context — fresh memory withheld
Lobe Curve (base × top = score):
  👑 default: base=0.517 × top=0.517 = 0.2677 [hard_votes=1]
=========================================

Brain > [ENGINE] ✅ /right: contributors=1 rewarded=1 double_skip=0 coinflip_miss=0 grave_skip=0
✅ /right applied. 1 contributor(s) processed: 1 rewarded, 0 skipped (already gained), 0 missed coinflip.
   ↳ context intensity nudged up on 9 message(s) used last cycle.

Brain > --> Scanning specimens & looking for dialectical relations...
[ORCHESTRATOR] 🎯 Lobe Curve (base × top = score):
  👑 greeting: base=0.898 × top=0.898 = 0.8057 [hard_votes=1]
--> 1 valid votes passed gate... compiling JIT superposition...

🤖 AIML Output Scaffold:
[Grug acknowledge time of day with warmth] Hello — here is what matters: good morning.
--- DEBUG TELEMETRY (orchestration internals, not for speech) ---
Mission: 'good morning'
Primary Action: greet  (conf=0.9, certainty=SURE)
Sure Actions: [greet]
Unsure Actions (Coinflip Side-Features): [None]
Constraints: [None]
Winning Node: node_4
Lobe Context: [greeting (3/3 active (good morning | howdy | hello hi))]
User Triples: None
Node Triples: None
Anti-Match Detected: false
AIML Memory Bank:
Deep Memory (Pinned): [User_Pinned]: Grug speak plain. Grug not pretend smart. | [User_Pinned]: Many rocks compete. Loudest rock get to talk. | [User_Pinned]: Grug listen first, talk second. | [User_Pinned]: Tribe stronger than lone hunter. | [User_Pinned]: Hot rock burn. Soft skin remember.
Fresh Memory [threshold=0.75 eligible=5] (Recent): [User]: hello (intensity=1.03)
Memory-Pull Policy: pull_fresh=false — SURE vote (conf=0.9) and no winning node requested context — fresh memory withheld
Lobe Curve (base × top = score):
  👑 greeting: base=0.898 × top=0.898 = 0.8057 [hard_votes=1]
=========================================

Brain > [ENGINE] ✅ /right: contributors=1 rewarded=1 double_skip=0 coinflip_miss=0 grave_skip=0
✅ /right applied. 1 contributor(s) processed: 1 rewarded, 0 skipped (already gained), 0 missed coinflip.
   ↳ context intensity nudged up on 6 message(s) used last cycle.

Brain > --> Scanning specimens & looking for dialectical relations...
[ORCHESTRATOR] 🎯 Lobe Curve (base × top = score):
  👑 greeting: base=0.661 × top=0.661 = 0.4368 [hard_votes=1]
--> 1 valid votes passed gate... compiling JIT superposition...

🤖 AIML Output Scaffold:
[Grug greet casually] Hello — here is what matters: howdy.
--- DEBUG TELEMETRY (orchestration internals, not for speech) ---
Mission: 'howdy partner'
Primary Action: greet  (conf=0.66, certainty=SURE)
Sure Actions: [greet]
Unsure Actions (Coinflip Side-Features): [None]
Constraints: [None]
Winning Node: node_5
Lobe Context: [greeting (3/3 active (good morning | howdy | hello hi))]
User Triples: None
Node Triples: None
Anti-Match Detected: false
AIML Memory Bank:
Deep Memory (Pinned): [User_Pinned]: Grug speak plain. Grug not pretend smart. | [User_Pinned]: Many rocks compete. Loudest rock get to talk. | [User_Pinned]: Grug listen first, talk second. | [User_Pinned]: Tribe stronger than lone hunter. | [User_Pinned]: Hot rock burn. Soft skin remember.
Fresh Memory [threshold=0.75 eligible=5] (Recent): [User]: hello (intensity=1.01) | [User]: hello (intensity=0.78)
Memory-Pull Policy: pull_fresh=false — SURE vote (conf=0.66) and no winning node requested context — fresh memory withheld
Lobe Curve (base × top = score):
  👑 greeting: base=0.661 × top=0.661 = 0.4368 [hard_votes=1]
=========================================

Brain > --> Scanning specimens & looking for dialectical relations...
[ORCHESTRATOR] 🎯 Lobe Curve (base × top = score):
  👑 explanation: base=0.916 × top=0.916 = 0.8398 [hard_votes=1]
  · default: base=0.55 × top=0.55 = 0.3023 [hard_votes=1]
  · survival: base=0.307 × top=0.307 = 0.0944 [hard_votes=0]
--> 1 valid votes passed gate... compiling JIT superposition...

🤖 AIML Output Scaffold:
[Grug explain plain] Here is the picture: what is.
--- DEBUG TELEMETRY (orchestration internals, not for speech) ---
Mission: 'what is fire'
Primary Action: explain  (conf=0.92, certainty=SURE)
Sure Actions: [explain]
Unsure Actions (Coinflip Side-Features): [None]
Constraints: [None]
Winning Node: node_14
Lobe Context: [explanation (4/4 active (what is | clarify | define))]
User Triples: (what, is, fire)
Node Triples: None
Anti-Match Detected: false
AIML Memory Bank:
Deep Memory (Pinned): [User_Pinned]: Grug speak plain. Grug not pretend smart. | [User_Pinned]: Many rocks compete. Loudest rock get to talk. | [User_Pinned]: Grug listen first, talk second. | [User_Pinned]: Tribe stronger than lone hunter. | [User_Pinned]: Hot rock burn. Soft skin remember.
Fresh Memory [threshold=0.38 eligible=8] (Recent): [User]: hello (intensity=0.55) | [System]: Mission "good morning" → primary=greet conf=0.9 node=node_4 (intensity=0.44) | [User]: howdy partner (intensity=0.8) | [System]: Mission "howdy partner" → primary=greet conf=0.66 node=node_5 (intensity=0.65) | [User]: what is fire (intensity=1.67)
Memory-Pull Policy: pull_fresh=false — SURE vote (conf=0.92) and no winning node requested context — fresh memory withheld
Lobe Curve (base × top = score):
  👑 explanation: base=0.916 × top=0.916 = 0.8398 [hard_votes=1]
  · default: base=0.55 × top=0.55 = 0.3023 [hard_votes=1]
  · survival: base=0.307 × top=0.307 = 0.0944 [hard_votes=0]
=========================================

Brain > [ENGINE] ✅ /right: contributors=1 rewarded=0 double_skip=0 coinflip_miss=1 grave_skip=0
✅ /right applied. 1 contributor(s) processed: 0 rewarded, 0 skipped (already gained), 1 missed coinflip.
   ↳ context intensity nudged up on 10 message(s) used last cycle.

Brain > --> Scanning specimens & looking for dialectical relations...
[ORCHESTRATOR] 🎯 Lobe Curve (base × top = score):
  👑 explanation: base=0.794 × top=0.794 = 0.631 [hard_votes=1]
  · reasoning: base=0.331 × top=0.331 = 0.1099 [hard_votes=0]
--> 1 valid votes passed gate... compiling JIT superposition...

🤖 AIML Output Scaffold:
[Grug share what grug know] Here is the picture: converse me. Pinned note: Many rocks compete. Loudest rock get to talk.
--- DEBUG TELEMETRY (orchestration internals, not for speech) ---
Mission: 'tell me about rocks'
Primary Action: explain  (conf=0.79, certainty=SURE)
Sure Actions: [explain]
Unsure Actions (Coinflip Side-Features): [None]
Constraints: [None]
Winning Node: node_15
Lobe Context: [explanation (4/4 active (what is | clarify | define))]
User Triples: None
Node Triples: None
Anti-Match Detected: false
AIML Memory Bank:
Deep Memory (Pinned): [User_Pinned]: Grug speak plain. Grug not pretend smart. | [User_Pinned]: Many rocks compete. Loudest rock get to talk. | [User_Pinned]: Grug listen first, talk second. | [User_Pinned]: Tribe stronger than lone hunter. | [User_Pinned]: Hot rock burn. Soft skin remember.
Fresh Memory [threshold=0.38 eligible=8] (Recent): [User]: what is fire (intensity=1.44) | [User]: tell me about rocks (intensity=1.28)
Memory-Pull Policy: pull_fresh=false — SURE vote (conf=0.79) and no winning node requested context — fresh memory withheld
Lobe Curve (base × top = score):
  👑 explanation: base=0.794 × top=0.794 = 0.631 [hard_votes=1]
  · reasoning: base=0.331 × top=0.331 = 0.1099 [hard_votes=0]
=========================================

Brain > --> Scanning specimens & looking for dialectical relations...
[ORCHESTRATOR] 🎯 Lobe Curve (base × top = score):
  👑 reasoning: base=0.783 × top=0.783 = 0.6132 [hard_votes=1]
  · default: base=0.47 × top=0.47 = 0.2208 [hard_votes=0]
  · survival: base=0.231 × top=0.231 = 0.0532 [hard_votes=0]
--> 1 valid votes passed gate... compiling JIT superposition...

🤖 AIML Output Scaffold:
[Grug seek cause] Thinking it through: why. Pinned note: Hot rock burn. Soft skin remember.
--- DEBUG TELEMETRY (orchestration internals, not for speech) ---
Mission: 'why does fire burn'
Primary Action: analyze  (conf=0.78, certainty=SURE)
Sure Actions: [analyze]
Unsure Actions (Coinflip Side-Features): [None]
Constraints: [None]
Winning Node: node_7
Lobe Context: [reasoning (4/4 active (think about | how does | why))]
User Triples: None
Node Triples: None
Anti-Match Detected: false
AIML Memory Bank:
Deep Memory (Pinned): [User_Pinned]: Grug speak plain. Grug not pretend smart. | [User_Pinned]: Many rocks compete. Loudest rock get to talk. | [User_Pinned]: Grug listen first, talk second. | [User_Pinned]: Tribe stronger than lone hunter. | [User_Pinned]: Hot rock burn. Soft skin remember.
Fresh Memory [threshold=0.38 eligible=9] (Recent): [User]: why does fire burn (intensity=1.31)
Memory-Pull Policy: pull_fresh=false — SURE vote (conf=0.78) and no winning node requested context — fresh memory withheld
Lobe Curve (base × top = score):
  👑 reasoning: base=0.783 × top=0.783 = 0.6132 [hard_votes=1]
  · default: base=0.47 × top=0.47 = 0.2208 [hard_votes=0]
  · survival: base=0.231 × top=0.231 = 0.0532 [hard_votes=0]
=========================================

Brain > [ENGINE] ✅ /right: contributors=1 rewarded=1 double_skip=0 coinflip_miss=0 grave_skip=0
✅ /right applied. 1 contributor(s) processed: 1 rewarded, 0 skipped (already gained), 0 missed coinflip.
   ↳ context intensity nudged up on 6 message(s) used last cycle.

Brain > --> Scanning specimens & looking for dialectical relations...
[ORCHESTRATOR] 🎯 Lobe Curve (base × top = score):
  👑 craft: base=0.783 × top=0.783 = 0.6132 [hard_votes=1]
  · reasoning: base=0.511 × top=0.511 = 0.2607 [hard_votes=1]
  · inquiry: base=0.438 × top=0.438 = 0.1918 [hard_votes=0]
--> 1 valid votes passed gate... compiling JIT superposition...

🤖 AIML Output Scaffold:
[Grug talk about hitting-rock-with-handle] Here is the picture: hammer.
--- DEBUG TELEMETRY (orchestration internals, not for speech) ---
Mission: 'how does a hammer work'
Primary Action: explain  (conf=0.78, certainty=SURE)
Sure Actions: [explain]
Unsure Actions (Coinflip Side-Features): [None]
Constraints: [None]
Winning Node: node_41
Lobe Context: [craft (3/3 active (hammer | make a tool | build))]
User Triples: None
Node Triples: None
Anti-Match Detected: false
AIML Memory Bank:
Deep Memory (Pinned): [User_Pinned]: Grug speak plain. Grug not pretend smart. | [User_Pinned]: Many rocks compete. Loudest rock get to talk. | [User_Pinned]: Grug listen first, talk second. | [User_Pinned]: Tribe stronger than lone hunter. | [User_Pinned]: Hot rock burn. Soft skin remember.
Fresh Memory [threshold=0.38 eligible=6] (Recent): No recent sounds
Memory-Pull Policy: pull_fresh=false — SURE vote (conf=0.78) and no winning node requested context — fresh memory withheld
Lobe Curve (base × top = score):
  👑 craft: base=0.783 × top=0.783 = 0.6132 [hard_votes=1]
  · reasoning: base=0.511 × top=0.511 = 0.2607 [hard_votes=1]
  · inquiry: base=0.438 × top=0.438 = 0.1918 [hard_votes=0]
=========================================

Brain > --> Scanning specimens & looking for dialectical relations...
[ORCHESTRATOR] 🎯 Lobe Curve (base × top = score):
  👑 explanation: base=0.729 × top=0.729 = 0.5319 [hard_votes=1]
--> 1 valid votes passed gate... compiling JIT superposition...

🤖 AIML Output Scaffold:
[Grug explain plain] Here is the picture: what is.
--- DEBUG TELEMETRY (orchestration internals, not for speech) ---
Mission: 'what causes the storm to rumble'
Primary Action: explain  (conf=0.73, certainty=SURE)
Sure Actions: [explain]
Unsure Actions (Coinflip Side-Features): [None]
Constraints: [None]
Winning Node: node_14
Lobe Context: [explanation (4/4 active (what is | clarify | define))]
User Triples: (what, causes, the)
Node Triples: None
Anti-Match Detected: false
AIML Memory Bank:
Deep Memory (Pinned): [User_Pinned]: Grug speak plain. Grug not pretend smart. | [User_Pinned]: Many rocks compete. Loudest rock get to talk. | [User_Pinned]: Grug listen first, talk second. | [User_Pinned]: Tribe stronger than lone hunter. | [User_Pinned]: Hot rock burn. Soft skin remember.
Fresh Memory [threshold=0.38 eligible=6] (Recent): [User]: what causes the storm to rumble (intensity=1.7)
Memory-Pull Policy: pull_fresh=false — SURE vote (conf=0.73) and no winning node requested context — fresh memory withheld
Lobe Curve (base × top = score):
  👑 explanation: base=0.729 × top=0.729 = 0.5319 [hard_votes=1]
=========================================

Brain > --> Scanning specimens & looking for dialectical relations...
[ENGINE] ⚡  Attachment relay: 'node_12' fired via target 'node_10' (conf=0.411, connector="danger fire")
[ENGINE] 🔗  Attachment relay pass added 1 node(s) to expanded set.
[ORCHESTRATOR] 🎯 Lobe Curve (base × top = score):
  👑 survival: base=0.503 × top=0.595 = 0.3539 [hard_votes=1]
--> 2 valid votes passed gate... compiling JIT superposition...

🤖 AIML Output Scaffold:
[Grug see threat] A caution: danger.
--- DEBUG TELEMETRY (orchestration internals, not for speech) ---
Mission: 'danger ahead'
Primary Action: alert  (conf=0.59, certainty=SURE)
Sure Actions: [alert]
Unsure Actions (Coinflip Side-Features): [alert]
Constraints: [None]
Winning Node: node_10
Lobe Context: [survival (4/4 active (hide | fire burns | danger))]
User Triples: None
Node Triples: None
Anti-Match Detected: false
Other Possibilities (strong but not winners):
  🔸 node_12 | action=alert | conf=0.41 | relations=None
AIML Memory Bank:
Deep Memory (Pinned): [User_Pinned]: Grug speak plain. Grug not pretend smart. | [User_Pinned]: Many rocks compete. Loudest rock get to talk. | [User_Pinned]: Grug listen first, talk second. | [User_Pinned]: Tribe stronger than lone hunter. | [User_Pinned]: Hot rock burn. Soft skin remember.
Fresh Memory [threshold=0.38 eligible=6] (Recent): [User]: why does fire burn (intensity=0.52) | [User]: how does a hammer work (intensity=0.56) | [System]: Mission "what causes the storm to rumble" → primary=explain conf=0.73 node=node_14 (intensity=0.67) | [User]: danger ahead (intensity=1.28)
Memory-Pull Policy: pull_fresh=false — SURE vote (conf=0.59) and no winning node requested context — fresh memory withheld
Lobe Curve (base × top = score):
  👑 survival: base=0.503 × top=0.595 = 0.3539 [hard_votes=1]
=========================================

Brain > [ENGINE] ✅ /right: contributors=2 rewarded=1 double_skip=0 coinflip_miss=1 grave_skip=0
✅ /right applied. 2 contributor(s) processed: 1 rewarded, 0 skipped (already gained), 1 missed coinflip.
   ↳ context intensity nudged up on 9 message(s) used last cycle.

Brain > --> Scanning specimens & looking for dialectical relations...
[ORCHESTRATOR] 🎯 Lobe Curve (base × top = score):
  👑 survival: base=0.523 × top=0.523 = 0.2732 [hard_votes=1]
--> 1 valid votes passed gate... compiling JIT superposition...

🤖 AIML Output Scaffold:
[Grug urge escape from harm] A concern worth raising: jog.
--- DEBUG TELEMETRY (orchestration internals, not for speech) ---
Mission: 'run from the wolf now'
Primary Action: flee  (conf=0.52, certainty=SURE)
Sure Actions: [flee]
Unsure Actions (Coinflip Side-Features): [None]
Constraints: [None]
Winning Node: node_11
Lobe Context: [survival (4/4 active (hide | fire burns | danger))]
User Triples: None
Node Triples: None
Anti-Match Detected: false
AIML Memory Bank:
Deep Memory (Pinned): [User_Pinned]: Grug speak plain. Grug not pretend smart. | [User_Pinned]: Many rocks compete. Loudest rock get to talk. | [User_Pinned]: Grug listen first, talk second. | [User_Pinned]: Tribe stronger than lone hunter. | [User_Pinned]: Hot rock burn. Soft skin remember.
Fresh Memory [threshold=0.38 eligible=7] (Recent): [User]: why does fire burn (intensity=0.68) | [System]: Mission "what causes the storm to rumble" → primary=explain conf=0.73 node=node_14 (intensity=0.8)
Memory-Pull Policy: pull_fresh=false — SURE vote (conf=0.52) and no winning node requested context — fresh memory withheld
Lobe Curve (base × top = score):
  👑 survival: base=0.523 × top=0.523 = 0.2732 [hard_votes=1]
=========================================

Brain > --> Scanning specimens & looking for dialectical relations...
[ORCHESTRATOR] 🎯 Lobe Curve (base × top = score):
  👑 survival: base=0.552 × top=0.552 = 0.3043 [hard_votes=1]
  · default: base=0.331 × top=0.331 = 0.1095 [hard_votes=0]
--> 1 valid votes passed gate... compiling JIT superposition...

🤖 AIML Output Scaffold:
[Grug warn of hot rock that bites] A caution: fire burns.
--- DEBUG TELEMETRY (orchestration internals, not for speech) ---
Mission: 'fire burns my hand'
Primary Action: warn  (conf=0.55, certainty=SURE)
Sure Actions: [warn]
Unsure Actions (Coinflip Side-Features): [None]
Constraints: [None]
Winning Node: node_12
Lobe Context: [survival (4/4 active (hide | fire burns | danger))]
User Triples: (fire, burns, my)
Node Triples: None
Anti-Match Detected: false
AIML Memory Bank:
Deep Memory (Pinned): [User_Pinned]: Grug speak plain. Grug not pretend smart. | [User_Pinned]: Many rocks compete. Loudest rock get to talk. | [User_Pinned]: Grug listen first, talk second. | [User_Pinned]: Tribe stronger than lone hunter. | [User_Pinned]: Hot rock burn. Soft skin remember.
Fresh Memory [threshold=0.38 eligible=9] (Recent): [User]: fire burns my hand (intensity=1.67)
Memory-Pull Policy: pull_fresh=false — SURE vote (conf=0.55) and no winning node requested context — fresh memory withheld
Lobe Curve (base × top = score):
  👑 survival: base=0.552 × top=0.552 = 0.3043 [hard_votes=1]
  · default: base=0.331 × top=0.331 = 0.1095 [hard_votes=0]
=========================================

Brain > [ENGINE] ✅ /right: contributors=1 rewarded=1 double_skip=0 coinflip_miss=0 grave_skip=0
✅ /right applied. 1 contributor(s) processed: 1 rewarded, 0 skipped (already gained), 0 missed coinflip.
   ↳ context intensity nudged up on 6 message(s) used last cycle.

Brain > --> Scanning specimens & looking for dialectical relations...
[ORCHESTRATOR] 🎯 Lobe Curve (base × top = score):
  👑 alert: base=0.553 × top=0.553 = 0.3059 [hard_votes=1]
--> 1 valid votes passed gate... compiling JIT superposition...

🤖 AIML Output Scaffold:
[Grug point at incoming thing] A caution: observe out.
--- DEBUG TELEMETRY (orchestration internals, not for speech) ---
Mission: 'watch out for the cliff'
Primary Action: warn  (conf=0.55, certainty=SURE)
Sure Actions: [warn]
Unsure Actions (Coinflip Side-Features): [None]
Constraints: [None]
Winning Node: node_24
Lobe Context: [alert (3/3 active (watch out | careful | warning))]
User Triples: None
Node Triples: None
Anti-Match Detected: false
AIML Memory Bank:
Deep Memory (Pinned): [User_Pinned]: Grug speak plain. Grug not pretend smart. | [User_Pinned]: Many rocks compete. Loudest rock get to talk. | [User_Pinned]: Grug listen first, talk second. | [User_Pinned]: Tribe stronger than lone hunter. | [User_Pinned]: Hot rock burn. Soft skin remember.
Fresh Memory [threshold=0.38 eligible=8] (Recent): No recent sounds
Memory-Pull Policy: pull_fresh=false — SURE vote (conf=0.55) and no winning node requested context — fresh memory withheld
Lobe Curve (base × top = score):
  👑 alert: base=0.553 × top=0.553 = 0.3059 [hard_votes=1]
=========================================

Brain > --> Scanning specimens & looking for dialectical relations...
--> No valid specimens found for this input. Cave is silent.

Brain > --> Scanning specimens & looking for dialectical relations...
[ORCHESTRATOR] 🎯 Lobe Curve (base × top = score):
  👑 nature: base=0.456 × top=0.457 = 0.2086 [hard_votes=0]
--> 2 valid votes passed gate... compiling JIT superposition...

🤖 AIML Output Scaffold:
[Grug know tree make shade, nut, wood for fire] Here is the picture: tree. A companion frame: river.
--- DEBUG TELEMETRY (orchestration internals, not for speech) ---
Mission: 'perhaps the river bends near the old tree'
Primary Action: describe  (conf=0.46, certainty=UNSURE)
Sure Actions: [describe, describe]
Unsure Actions (Coinflip Side-Features): [None]
Constraints: [None]
Winning Node: node_38
Lobe Context: [nature (3/3 active (the sky | river | tree))]
User Triples: None
Node Triples: None
Anti-Match Detected: false
Tied Alternatives (not selected):
  🪨 node_37 | action=describe | conf=0.46 | relations=None
AIML Memory Bank:
Deep Memory (Pinned): [User_Pinned]: Grug speak plain. Grug not pretend smart. | [User_Pinned]: Many rocks compete. Loudest rock get to talk. | [User_Pinned]: Grug listen first, talk second. | [User_Pinned]: Tribe stronger than lone hunter. | [User_Pinned]: Hot rock burn. Soft skin remember.
Fresh Memory [threshold=0.38 eligible=7] (Recent): [User]: fire burns my hand (intensity=0.88) | [User]: watch out for the cliff (intensity=0.93)
Memory-Pull Policy: pull_fresh=true — vote certainty=UNSURE — context helps disambiguate
Lobe Curve (base × top = score):
  👑 nature: base=0.456 × top=0.457 = 0.2086 [hard_votes=0]
=========================================

Brain > --> Scanning specimens & looking for dialectical relations...
[ORCHESTRATOR] 🎯 Lobe Curve (base × top = score):
  👑 planning: base=0.501 × top=0.501 = 0.2512 [hard_votes=1]
--> 1 valid votes passed gate... compiling JIT superposition...

🤖 AIML Output Scaffold:
[Grug weigh path forward] Thinking it through: should we.
--- DEBUG TELEMETRY (orchestration internals, not for speech) ---
Mission: 'maybe we should wait for dawn'
Primary Action: reason  (conf=0.5, certainty=SURE)
Sure Actions: [reason]
Unsure Actions (Coinflip Side-Features): [None]
Constraints: [None]
Winning Node: node_33
Lobe Context: [planning (3/3 active (plan to | next step | should we))]
User Triples: None
Node Triples: None
Anti-Match Detected: false
AIML Memory Bank:
Deep Memory (Pinned): [User_Pinned]: Grug speak plain. Grug not pretend smart. | [User_Pinned]: Many rocks compete. Loudest rock get to talk. | [User_Pinned]: Grug listen first, talk second. | [User_Pinned]: Tribe stronger than lone hunter. | [User_Pinned]: Hot rock burn. Soft skin remember.
Fresh Memory [threshold=0.38 eligible=7] (Recent): [User]: fire burns my hand (intensity=0.58) | [User]: watch out for the cliff (intensity=0.68) | [User]: perhaps the river bends near the old tree (intensity=0.82) | [User]: maybe we should wait for dawn (intensity=1.28)
Memory-Pull Policy: pull_fresh=false — SURE vote (conf=0.5) and no winning node requested context — fresh memory withheld
Lobe Curve (base × top = score):
  👑 planning: base=0.501 × top=0.501 = 0.2512 [hard_votes=1]
=========================================

Brain > [ENGINE] ✅ /right: contributors=1 rewarded=0 double_skip=0 coinflip_miss=1 grave_skip=0
✅ /right applied. 1 contributor(s) processed: 0 rewarded, 0 skipped (already gained), 1 missed coinflip.
   ↳ context intensity nudged up on 9 message(s) used last cycle.

Brain > --> Scanning specimens & looking for dialectical relations...
--> No valid specimens found for this input. Cave is silent.

Brain > --> Scanning specimens & looking for dialectical relations...
--> No valid specimens found for this input. Cave is silent.

Brain > --> Scanning specimens & looking for dialectical relations...
--> No valid specimens found for this input. Cave is silent.

Brain > --> Scanning specimens & looking for dialectical relations...
--> No valid specimens found for this input. Cave is silent.

Brain > --> Scanning specimens & looking for dialectical relations...
--> No valid specimens found for this input. Cave is silent.

Brain > --> Scanning specimens & looking for dialectical relations...
--> No valid specimens found for this input. Cave is silent.

Brain > --> Scanning specimens & looking for dialectical relations...
[ORCHESTRATOR] 🎯 Lobe Curve (base × top = score):
  👑 reasoning: base=0.879 × top=0.879 = 0.7728 [hard_votes=1]
--> 1 valid votes passed gate... compiling JIT superposition...

🤖 AIML Output Scaffold:
[Grug seek cause] Thinking it through: why.
--- DEBUG TELEMETRY (orchestration internals, not for speech) ---
Mission: 'why is this stupid garbage broken?'
Primary Action: analyze  (conf=0.88, certainty=SURE)
Sure Actions: [analyze]
Unsure Actions (Coinflip Side-Features): [None]
Constraints: [None]
Winning Node: node_7
Lobe Context: [reasoning (4/4 active (think about | how does | why))]
User Triples: (why, is, this)
Node Triples: None
Anti-Match Detected: false
AIML Memory Bank:
Deep Memory (Pinned): [User_Pinned]: Grug speak plain. Grug not pretend smart. | [User_Pinned]: Many rocks compete. Loudest rock get to talk. | [User_Pinned]: Grug listen first, talk second. | [User_Pinned]: Tribe stronger than lone hunter. | [User_Pinned]: Hot rock burn. Soft skin remember.
Fresh Memory [threshold=0.75 eligible=6] (Recent): [User]: maybe we should wait for dawn (intensity=1.16) | [User]: why is this stupid garbage broken? (intensity=1.72)
Memory-Pull Policy: pull_fresh=false — SURE vote (conf=0.88) and no winning node requested context — fresh memory withheld
Lobe Curve (base × top = score):
  👑 reasoning: base=0.879 × top=0.879 = 0.7728 [hard_votes=1]
=========================================

Brain > --> Scanning specimens & looking for dialectical relations...
[ORCHESTRATOR] 🎯 Lobe Curve (base × top = score):
  👑 explanation: base=0.32 × top=0.32 = 0.1024 [hard_votes=0]
--> 1 valid votes passed gate... compiling JIT superposition...

🤖 AIML Output Scaffold:
[Grug explain plain] Here is the picture: what is.
--- DEBUG TELEMETRY (orchestration internals, not for speech) ---
Mission: 'what kind of idiot designed this?'
Primary Action: define  (conf=0.32, certainty=SURE)
Sure Actions: [define]
Unsure Actions (Coinflip Side-Features): [None]
Constraints: [None]
Winning Node: node_14
Lobe Context: [explanation (4/4 active (what is | clarify | define))]
User Triples: None
Node Triples: None
Anti-Match Detected: false
AIML Memory Bank:
Deep Memory (Pinned): [User_Pinned]: Grug speak plain. Grug not pretend smart. | [User_Pinned]: Many rocks compete. Loudest rock get to talk. | [User_Pinned]: Grug listen first, talk second. | [User_Pinned]: Tribe stronger than lone hunter. | [User_Pinned]: Hot rock burn. Soft skin remember.
Fresh Memory [threshold=0.56 eligible=5] (Recent): [User]: maybe we should wait for dawn (intensity=0.74)
Memory-Pull Policy: pull_fresh=true — primary confidence=0.32 < trust floor 0.45
Lobe Curve (base × top = score):
  👑 explanation: base=0.32 × top=0.32 = 0.1024 [hard_votes=0]
=========================================

Brain > --> Scanning specimens & looking for dialectical relations...
[ORCHESTRATOR] 🎯 Lobe Curve (base × top = score):
  👑 reasoning: base=0.775 × top=0.775 = 0.6007 [hard_votes=2]
  · explanation: base=0.229 × top=0.229 = 0.0522 [hard_votes=0]
  · inquiry: base=0.229 × top=0.229 = 0.0522 [hard_votes=0]
  · memory: base=0.106 × top=0.106 = 0.0113 [hard_votes=0]
--> 2 valid votes passed gate... compiling JIT superposition...

🤖 AIML Output Scaffold:
[Grug describe mechanism step by step] Here is the picture: how does. A companion frame: why.
--- DEBUG TELEMETRY (orchestration internals, not for speech) ---
Mission: 'what why how when where which what why how when?'
Primary Action: explain  (conf=0.78, certainty=UNSURE)
Sure Actions: [explain, analyze]
Unsure Actions (Coinflip Side-Features): [None]
Constraints: [None]
Winning Node: node_8
Lobe Context: [reasoning (4/4 active (think about | how does | why))]
User Triples: None
Node Triples: None
Anti-Match Detected: false
Tied Alternatives (not selected):
  🪨 node_7 | action=analyze | conf=0.77 | relations=None
AIML Memory Bank:
Deep Memory (Pinned): [User_Pinned]: Grug speak plain. Grug not pretend smart. | [User_Pinned]: Many rocks compete. Loudest rock get to talk. | [User_Pinned]: Grug listen first, talk second. | [User_Pinned]: Tribe stronger than lone hunter. | [User_Pinned]: Hot rock burn. Soft skin remember.
Fresh Memory [threshold=0.38 eligible=7] (Recent): [User]: what why how when where which what why how when? (intensity=1.28)
Memory-Pull Policy: pull_fresh=true — vote certainty=UNSURE — context helps disambiguate
Lobe Curve (base × top = score):
  👑 reasoning: base=0.775 × top=0.775 = 0.6007 [hard_votes=2]
  · explanation: base=0.229 × top=0.229 = 0.0522 [hard_votes=0]
  · inquiry: base=0.229 × top=0.229 = 0.0522 [hard_votes=0]
  · memory: base=0.106 × top=0.106 = 0.0113 [hard_votes=0]
=========================================

Brain > --> Scanning specimens & looking for dialectical relations...
[ENGINE] ⚡  Attachment relay: 'node_11' fired via target 'node_10' (conf=0.541, connector="danger run")
[ENGINE] ⚡  Attachment relay: 'node_12' fired via target 'node_10' (conf=0.349, connector="danger fire")
[ENGINE] 🔗  Attachment relay pass added 2 node(s) to expanded set.
[ORCHESTRATOR] 🎯 Lobe Curve (base × top = score):
  👑 survival: base=0.608 × top=0.737 = 0.8728 [hard_votes=2]
--> 3 valid votes passed gate... compiling JIT superposition...

🤖 AIML Output Scaffold:
[Grug see threat] A concern worth raising: danger.
--- DEBUG TELEMETRY (orchestration internals, not for speech) ---
Mission: 'STOP STOP STOP NOW NOW NOW DANGER DANGER DANGER!!!'
Primary Action: flee  (conf=0.93, certainty=SURE)
Sure Actions: [flee]
Unsure Actions (Coinflip Side-Features): [None]
Constraints: [None]
Winning Node: node_10
Lobe Context: [survival (4/4 active (hide | fire burns | danger))]
User Triples: None
Node Triples: None
Anti-Match Detected: false
AIML Memory Bank:
Deep Memory (Pinned): [User_Pinned]: Grug speak plain. Grug not pretend smart. | [User_Pinned]: Many rocks compete. Loudest rock get to talk. | [User_Pinned]: Grug listen first, talk second. | [User_Pinned]: Tribe stronger than lone hunter. | [User_Pinned]: Hot rock burn. Soft skin remember.
Fresh Memory [threshold=0.38 eligible=6] (Recent): [System]: Mission "what kind of idiot designed this?" → primary=define conf=0.32 node=node_14 (intensity=0.45) | [User]: STOP STOP STOP NOW NOW NOW DANGER DANGER DANGER!!! (intensity=1.3)
Memory-Pull Policy: pull_fresh=false — SURE vote (conf=0.93) and no winning node requested context — fresh memory withheld
Lobe Curve (base × top = score):
  👑 survival: base=0.608 × top=0.737 = 0.8728 [hard_votes=2]
=========================================

Brain > --> Scanning specimens & looking for dialectical relations...
[ENGINE] ⚡  Attachment relay: 'node_19' fired via target 'node_18' (conf=0.623, connector="feel sad")
[ENGINE] ⚡  Attachment relay: 'node_20' fired via target 'node_18' (conf=0.56, connector="feel worried")
[ENGINE] 🔗  Attachment relay pass added 1 node(s) to expanded set.
[ORCHESTRATOR] 🎯 Lobe Curve (base × top = score):
  👑 comfort: base=0.587 × top=0.6 = 0.36 [hard_votes=3]
--> 3 valid votes passed gate... compiling JIT superposition...

🤖 AIML Output Scaffold:
[Grug listen to feeling] To acknowledge what matters here: i feel.
--- DEBUG TELEMETRY (orchestration internals, not for speech) ---
Mission: 'i feel sad today'
Primary Action: acknowledge  (conf=0.6, certainty=SURE)
Sure Actions: [acknowledge]
Unsure Actions (Coinflip Side-Features): [acknowledge]
Constraints: [None]
Winning Node: node_18
Lobe Context: [comfort (4/4 active (i feel | worried | sad))]
User Triples: None
Node Triples: None
Anti-Match Detected: false
Other Possibilities (strong but not winners):
  🔸 node_20 | action=acknowledge | conf=0.56 | relations=None
AIML Memory Bank:
Deep Memory (Pinned): [User_Pinned]: Grug speak plain. Grug not pretend smart. | [User_Pinned]: Many rocks compete. Loudest rock get to talk. | [User_Pinned]: Grug listen first, talk second. | [User_Pinned]: Tribe stronger than lone hunter. | [User_Pinned]: Hot rock burn. Soft skin remember.
Fresh Memory [threshold=0.38 eligible=5] (Recent): [User]: i feel sad today (intensity=1.27)
Memory-Pull Policy: pull_fresh=false — SURE vote (conf=0.6) and no winning node requested context — fresh memory withheld
Lobe Curve (base × top = score):
  👑 comfort: base=0.587 × top=0.6 = 0.36 [hard_votes=3]
=========================================

Brain > [ENGINE] ✅ /right: contributors=2 rewarded=1 double_skip=0 coinflip_miss=1 grave_skip=0
✅ /right applied. 2 contributor(s) processed: 1 rewarded, 0 skipped (already gained), 1 missed coinflip.
   ↳ context intensity nudged up on 6 message(s) used last cycle.

Brain > --> Scanning specimens & looking for dialectical relations...
[ENGINE] ⚡  Attachment relay: 'node_8' fired via target 'node_6' (conf=0.1, connector="think mechanism")
[ENGINE] ⚡  Attachment relay: 'node_19' fired via target 'node_18' (conf=0.579, connector="feel sad")
[ENGINE] 🔗  Attachment relay pass added 2 node(s) to expanded set.
[ORCHESTRATOR] 🎯 Lobe Curve (base × top = score):
  👑 comfort: base=0.505 × top=0.523 = 0.3356 [hard_votes=1]
  · reasoning: base=0.135 × top=0.17 = 0.0289 [hard_votes=0]
--> 3 valid votes passed gate... compiling JIT superposition...

🤖 AIML Output Scaffold:
[Grug sit with sadness] To acknowledge what matters here: melancholy. A companion frame: i feel.
--- DEBUG TELEMETRY (orchestration internals, not for speech) ---
Mission: 'i feel worried about tomorrow'
Primary Action: comfort  (conf=0.58, certainty=UNSURE)
Sure Actions: [comfort, validate]
Unsure Actions (Coinflip Side-Features): [None]
Constraints: [None]
Winning Node: node_19
Lobe Context: [comfort (4/4 active (i feel | worried | sad))]
User Triples: None
Node Triples: (node_18, relay_attached, feel sad)
Anti-Match Detected: false
Tied Alternatives (not selected):
  🪨 node_18 | action=validate | conf=0.47 | relations=None
AIML Memory Bank:
Deep Memory (Pinned): [User_Pinned]: Grug speak plain. Grug not pretend smart. | [User_Pinned]: Many rocks compete. Loudest rock get to talk. | [User_Pinned]: Grug listen first, talk second. | [User_Pinned]: Tribe stronger than lone hunter. | [User_Pinned]: Hot rock burn. Soft skin remember.
Fresh Memory [threshold=0.38 eligible=5] (Recent): [System]: Mission "STOP STOP STOP NOW NOW NOW DANGER DANGER DANGER!!!" → primary=flee conf=0.93 node=node_10 (intensity=0.43)
Memory-Pull Policy: pull_fresh=true — vote certainty=UNSURE — context helps disambiguate
Lobe Curve (base × top = score):
  👑 comfort: base=0.505 × top=0.523 = 0.3356 [hard_votes=1]
  · reasoning: base=0.135 × top=0.17 = 0.0289 [hard_votes=0]
=========================================

Brain > --> Scanning specimens & looking for dialectical relations...
[ENGINE] ⚡  Attachment relay: 'node_19' fired via target 'node_18' (conf=0.521, connector="feel sad")
[ENGINE] 🔗  Attachment relay pass added 1 node(s) to expanded set.
[ORCHESTRATOR] 🎯 Lobe Curve (base × top = score):
  👑 comfort: base=0.513 × top=0.515 = 0.2711 [hard_votes=3]
--> 3 valid votes passed gate... compiling JIT superposition...

🤖 AIML Output Scaffold:
[Grug listen to feeling] To acknowledge what matters here: i feel.
--- DEBUG TELEMETRY (orchestration internals, not for speech) ---
Mission: 'i feel lonely in the cave'
Primary Action: acknowledge  (conf=0.51, certainty=SURE)
Sure Actions: [acknowledge]
Unsure Actions (Coinflip Side-Features): [comfort]
Constraints: [None]
Winning Node: node_18
Lobe Context: [comfort (4/4 active (i feel | worried | sad))]
User Triples: None
Node Triples: None
Anti-Match Detected: false
Other Possibilities (strong but not winners):
  🔸 node_19 | action=comfort | conf=0.52 | relations=None
AIML Memory Bank:
Deep Memory (Pinned): [User_Pinned]: Grug speak plain. Grug not pretend smart. | [User_Pinned]: Many rocks compete. Loudest rock get to talk. | [User_Pinned]: Grug listen first, talk second. | [User_Pinned]: Tribe stronger than lone hunter. | [User_Pinned]: Hot rock burn. Soft skin remember.
Fresh Memory [threshold=0.38 eligible=5] (Recent): [User]: i feel worried about tomorrow (intensity=0.95)
Memory-Pull Policy: pull_fresh=false — SURE vote (conf=0.51) and no winning node requested context — fresh memory withheld
Lobe Curve (base × top = score):
  👑 comfort: base=0.513 × top=0.515 = 0.2711 [hard_votes=3]
=========================================

Brain > [ENGINE] ✅ /right: contributors=2 rewarded=0 double_skip=0 coinflip_miss=2 grave_skip=0
✅ /right applied. 2 contributor(s) processed: 0 rewarded, 0 skipped (already gained), 2 missed coinflip.
   ↳ context intensity nudged up on 6 message(s) used last cycle.

Brain > --> Scanning specimens & looking for dialectical relations...
[ORCHESTRATOR] 🎯 Lobe Curve (base × top = score):
  👑 survival: base=0.356 × top=0.356 = 0.1265 [hard_votes=0]
  · default: base=0.213 × top=0.213 = 0.0455 [hard_votes=0]
--> 1 valid votes passed gate... compiling JIT superposition...

🤖 AIML Output Scaffold:
[Grug warn of hot rock that bites] A caution: fire burns.
--- DEBUG TELEMETRY (orchestration internals, not for speech) ---
Mission: 'i did it i made fire'
Primary Action: warn  (conf=0.36, certainty=SURE)
Sure Actions: [warn]
Unsure Actions (Coinflip Side-Features): [None]
Constraints: [None]
Winning Node: node_12
Lobe Context: [survival (4/4 active (hide | fire burns | danger))]
User Triples: None
Node Triples: None
Anti-Match Detected: false
AIML Memory Bank:
Deep Memory (Pinned): [User_Pinned]: Grug speak plain. Grug not pretend smart. | [User_Pinned]: Many rocks compete. Loudest rock get to talk. | [User_Pinned]: Grug listen first, talk second. | [User_Pinned]: Tribe stronger than lone hunter. | [User_Pinned]: Hot rock burn. Soft skin remember.
Fresh Memory [threshold=0.38 eligible=6] (Recent): [User]: i feel sad today (intensity=0.6) | [User]: i feel lonely in the cave (intensity=0.83)
Memory-Pull Policy: pull_fresh=true — primary confidence=0.36 < trust floor 0.45
Lobe Curve (base × top = score):
  👑 survival: base=0.356 × top=0.356 = 0.1265 [hard_votes=0]
  · default: base=0.213 × top=0.213 = 0.0455 [hard_votes=0]
=========================================

Brain > --> Scanning specimens & looking for dialectical relations...
[ORCHESTRATOR] 🎯 Lobe Curve (base × top = score):
  👑 celebration: base=0.554 × top=0.554 = 0.3067 [hard_votes=1]
--> 1 valid votes passed gate... compiling JIT superposition...

🤖 AIML Output Scaffold:
[Grug celebrate with loud good noise] Hello — here is what matters: victory.
--- DEBUG TELEMETRY (orchestration internals, not for speech) ---
Mission: 'victory over the bear'
Primary Action: laugh  (conf=0.55, certainty=SURE)
Sure Actions: [laugh]
Unsure Actions (Coinflip Side-Features): [None]
Constraints: [None]
Winning Node: node_26
Lobe Context: [celebration (3/3 active (i did it | victory | thank you))]
User Triples: None
Node Triples: None
Anti-Match Detected: false
AIML Memory Bank:
Deep Memory (Pinned): [User_Pinned]: Grug speak plain. Grug not pretend smart. | [User_Pinned]: Many rocks compete. Loudest rock get to talk. | [User_Pinned]: Grug listen first, talk second. | [User_Pinned]: Tribe stronger than lone hunter. | [User_Pinned]: Hot rock burn. Soft skin remember.
Fresh Memory [threshold=0.38 eligible=7] (Recent): No recent sounds
Memory-Pull Policy: pull_fresh=false — SURE vote (conf=0.55) and no winning node requested context — fresh memory withheld
Lobe Curve (base × top = score):
  👑 celebration: base=0.554 × top=0.554 = 0.3067 [hard_votes=1]
=========================================

Brain > --> Scanning specimens & looking for dialectical relations...
[ORCHESTRATOR] 🎯 Lobe Curve (base × top = score):
  👑 celebration: base=0.418 × top=0.418 = 0.1745 [hard_votes=0]
--> 1 valid votes passed gate... compiling JIT superposition...

🤖 AIML Output Scaffold:
[Grug receive thanks with grace] Hello — here is what matters: thank you.
--- DEBUG TELEMETRY (orchestration internals, not for speech) ---
Mission: 'thank you for the food'
Primary Action: welcome  (conf=0.42, certainty=SURE)
Sure Actions: [welcome]
Unsure Actions (Coinflip Side-Features): [None]
Constraints: [None]
Winning Node: node_27
Lobe Context: [celebration (3/3 active (i did it | victory | thank you))]
User Triples: None
Node Triples: None
Anti-Match Detected: false
AIML Memory Bank:
Deep Memory (Pinned): [User_Pinned]: Grug speak plain. Grug not pretend smart. | [User_Pinned]: Many rocks compete. Loudest rock get to talk. | [User_Pinned]: Grug listen first, talk second. | [User_Pinned]: Tribe stronger than lone hunter. | [User_Pinned]: Hot rock burn. Soft skin remember.
Fresh Memory [threshold=0.38 eligible=7] (Recent): [System]: Mission "i did it i made fire" → primary=warn conf=0.36 node=node_12 (intensity=0.42)
Memory-Pull Policy: pull_fresh=true — primary confidence=0.42 < trust floor 0.45
Lobe Curve (base × top = score):
  👑 celebration: base=0.418 × top=0.418 = 0.1745 [hard_votes=0]
=========================================

Brain > [ENGINE] ✅ /right: contributors=1 rewarded=1 double_skip=0 coinflip_miss=0 grave_skip=0
✅ /right applied. 1 contributor(s) processed: 1 rewarded, 0 skipped (already gained), 0 missed coinflip.
   ↳ context intensity nudged up on 6 message(s) used last cycle.

Brain > --> Scanning specimens & looking for dialectical relations...
[ENGINE] ⚡  Attachment relay: 'node_34' fired via target 'node_33' (conf=0.414, connector="should plan")
[ENGINE] 🔗  Attachment relay pass added 1 node(s) to expanded set.
[ORCHESTRATOR] 🎯 Lobe Curve (base × top = score):
  👑 planning: base=0.402 × top=0.414 = 0.1716 [hard_votes=0]
--> 2 valid votes passed gate... compiling JIT superposition...

🤖 AIML Output Scaffold:
[Grug sketch path in dirt] Here is the picture: proposal to. A companion frame: should we.
--- DEBUG TELEMETRY (orchestration internals, not for speech) ---
Mission: 'should we move camp'
Primary Action: describe  (conf=0.41, certainty=UNSURE)
Sure Actions: [describe, analyze]
Unsure Actions (Coinflip Side-Features): [None]
Constraints: [None]
Winning Node: node_34
Lobe Context: [planning (3/3 active (plan to | next step | should we))]
User Triples: None
Node Triples: (node_33, relay_attached, should plan)
Anti-Match Detected: false
Tied Alternatives (not selected):
  🪨 node_33 | action=analyze | conf=0.39 | relations=None
AIML Memory Bank:
Deep Memory (Pinned): [User_Pinned]: Grug speak plain. Grug not pretend smart. | [User_Pinned]: Many rocks compete. Loudest rock get to talk. | [User_Pinned]: Grug listen first, talk second. | [User_Pinned]: Tribe stronger than lone hunter. | [User_Pinned]: Hot rock burn. Soft skin remember.
Fresh Memory [threshold=0.38 eligible=6] (Recent): [System]: Mission "victory over the bear" → primary=laugh conf=0.55 node=node_26 (intensity=0.44) | [System]: Mission "thank you for the food" → primary=welcome conf=0.42 node=node_27 (intensity=0.64)
Memory-Pull Policy: pull_fresh=true — vote certainty=UNSURE — context helps disambiguate
Lobe Curve (base × top = score):
  👑 planning: base=0.402 × top=0.414 = 0.1716 [hard_votes=0]
=========================================

Brain > [ENGINE] ✅ /right: contributors=2 rewarded=0 double_skip=0 coinflip_miss=2 grave_skip=0
✅ /right applied. 2 contributor(s) processed: 0 rewarded, 0 skipped (already gained), 2 missed coinflip.
   ↳ context intensity nudged up on 7 message(s) used last cycle.

Brain > --> Scanning specimens & looking for dialectical relations...
[ORCHESTRATOR] 🎯 Lobe Curve (base × top = score):
  👑 planning: base=0.525 × top=0.525 = 0.2751 [hard_votes=1]
--> 1 valid votes passed gate... compiling JIT superposition...

🤖 AIML Output Scaffold:
[Grug sketch path in dirt] Here is the picture: notion to.
--- DEBUG TELEMETRY (orchestration internals, not for speech) ---
Mission: 'plan to hunt at dawn'
Primary Action: explain  (conf=0.52, certainty=SURE)
Sure Actions: [explain]
Unsure Actions (Coinflip Side-Features): [None]
Constraints: [None]
Winning Node: node_34
Lobe Context: [planning (3/3 active (plan to | next step | should we))]
User Triples: None
Node Triples: None
Anti-Match Detected: false
AIML Memory Bank:
Deep Memory (Pinned): [User_Pinned]: Grug speak plain. Grug not pretend smart. | [User_Pinned]: Many rocks compete. Loudest rock get to talk. | [User_Pinned]: Grug listen first, talk second. | [User_Pinned]: Tribe stronger than lone hunter. | [User_Pinned]: Hot rock burn. Soft skin remember.
Fresh Memory [threshold=0.38 eligible=7] (Recent): [User]: thank you for the food (intensity=0.56)
Memory-Pull Policy: pull_fresh=false — SURE vote (conf=0.52) and no winning node requested context — fresh memory withheld
Lobe Curve (base × top = score):
  👑 planning: base=0.525 × top=0.525 = 0.2751 [hard_votes=1]
=========================================

Brain > --> Scanning specimens & looking for dialectical relations...
[ORCHESTRATOR] 🎯 Lobe Curve (base × top = score):
  👑 planning: base=0.732 × top=0.732 = 0.5362 [hard_votes=1]
--> 1 valid votes passed gate... compiling JIT superposition...

🤖 AIML Output Scaffold:
[Grug name what come after] Thinking it through: next step.
--- DEBUG TELEMETRY (orchestration internals, not for speech) ---
Mission: 'next step in the trap'
Primary Action: reason  (conf=0.73, certainty=SURE)
Sure Actions: [reason]
Unsure Actions (Coinflip Side-Features): [None]
Constraints: [None]
Winning Node: node_35
Lobe Context: [planning (3/3 active (plan to | next step | should we))]
User Triples: None
Node Triples: None
Anti-Match Detected: false
AIML Memory Bank:
Deep Memory (Pinned): [User_Pinned]: Grug speak plain. Grug not pretend smart. | [User_Pinned]: Many rocks compete. Loudest rock get to talk. | [User_Pinned]: Grug listen first, talk second. | [User_Pinned]: Tribe stronger than lone hunter. | [User_Pinned]: Hot rock burn. Soft skin remember.
Fresh Memory [threshold=0.38 eligible=8] (Recent): [User]: next step in the trap (intensity=1.3)
Memory-Pull Policy: pull_fresh=false — SURE vote (conf=0.73) and no winning node requested context — fresh memory withheld
Lobe Curve (base × top = score):
  👑 planning: base=0.732 × top=0.732 = 0.5362 [hard_votes=1]
=========================================

Brain > --> Scanning specimens & looking for dialectical relations...
[ORCHESTRATOR] 🎯 Lobe Curve (base × top = score):
  👑 nature: base=0.599 × top=0.599 = 0.359 [hard_votes=1]
--> 1 valid votes passed gate... compiling JIT superposition...

🤖 AIML Output Scaffold:
[Grug look up] To acknowledge what matters here: the sky.
--- DEBUG TELEMETRY (orchestration internals, not for speech) ---
Mission: 'the sky looks dark'
Primary Action: acknowledge  (conf=0.6, certainty=SURE)
Sure Actions: [acknowledge]
Unsure Actions (Coinflip Side-Features): [None]
Constraints: [None]
Winning Node: node_36
Lobe Context: [nature (3/3 active (the sky | river | tree))]
User Triples: None
Node Triples: None
Anti-Match Detected: false
AIML Memory Bank:
Deep Memory (Pinned): [User_Pinned]: Grug speak plain. Grug not pretend smart. | [User_Pinned]: Many rocks compete. Loudest rock get to talk. | [User_Pinned]: Grug listen first, talk second. | [User_Pinned]: Tribe stronger than lone hunter. | [User_Pinned]: Hot rock burn. Soft skin remember.
Fresh Memory [threshold=0.38 eligible=7] (Recent): [User]: the sky looks dark (intensity=1.25)
Memory-Pull Policy: pull_fresh=false — SURE vote (conf=0.6) and no winning node requested context — fresh memory withheld
Lobe Curve (base × top = score):
  👑 nature: base=0.599 × top=0.599 = 0.359 [hard_votes=1]
=========================================

Brain > --> Scanning specimens & looking for dialectical relations...
[ORCHESTRATOR] 🎯 Lobe Curve (base × top = score):
  👑 nature: base=0.647 × top=0.647 = 0.419 [hard_votes=1]
--> 1 valid votes passed gate... compiling JIT superposition...

🤖 AIML Output Scaffold:
[Grug know water move and life depend on it] Here is the picture: river.
--- DEBUG TELEMETRY (orchestration internals, not for speech) ---
Mission: 'the river is high'
Primary Action: describe  (conf=0.65, certainty=SURE)
Sure Actions: [describe]
Unsure Actions (Coinflip Side-Features): [None]
Constraints: [None]
Winning Node: node_37
Lobe Context: [nature (3/3 active (the sky | river | tree))]
User Triples: (river, is, high)
Node Triples: None
Anti-Match Detected: false
AIML Memory Bank:
Deep Memory (Pinned): [User_Pinned]: Grug speak plain. Grug not pretend smart. | [User_Pinned]: Many rocks compete. Loudest rock get to talk. | [User_Pinned]: Grug listen first, talk second. | [User_Pinned]: Tribe stronger than lone hunter. | [User_Pinned]: Hot rock burn. Soft skin remember.
Fresh Memory [threshold=0.38 eligible=5] (Recent): No recent sounds
Memory-Pull Policy: pull_fresh=false — SURE vote (conf=0.65) and no winning node requested context — fresh memory withheld
Lobe Curve (base × top = score):
  👑 nature: base=0.647 × top=0.647 = 0.419 [hard_votes=1]
=========================================

Brain > [ENGINE] ✅ /right: contributors=1 rewarded=1 double_skip=0 coinflip_miss=0 grave_skip=0
✅ /right applied. 1 contributor(s) processed: 1 rewarded, 0 skipped (already gained), 0 missed coinflip.
   ↳ context intensity nudged up on 5 message(s) used last cycle.

Brain > --> Scanning specimens & looking for dialectical relations...
[ENGINE] ⚡  Attachment relay: 'node_40' fired via target 'node_39' (conf=0.606, connector="tool build")
[ENGINE] 🔗  Attachment relay pass added 1 node(s) to expanded set.
[ORCHESTRATOR] 🎯 Lobe Curve (base × top = score):
  👑 craft: base=0.575 × top=0.606 = 0.3677 [hard_votes=2]
--> 2 valid votes passed gate... compiling JIT superposition...

🤖 AIML Output Scaffold:
[Grug stack and bind] Here is the picture: create.
--- DEBUG TELEMETRY (orchestration internals, not for speech) ---
Mission: 'make a tool from this stone'
Primary Action: describe  (conf=0.61, certainty=SURE)
Sure Actions: [describe]
Unsure Actions (Coinflip Side-Features): [None]
Constraints: [None]
Winning Node: node_40
Lobe Context: [craft (3/3 active (hammer | make a tool | build))]
User Triples: None
Node Triples: (node_39, relay_attached, tool build)
Anti-Match Detected: false
AIML Memory Bank:
Deep Memory (Pinned): [User_Pinned]: Grug speak plain. Grug not pretend smart. | [User_Pinned]: Many rocks compete. Loudest rock get to talk. | [User_Pinned]: Grug listen first, talk second. | [User_Pinned]: Tribe stronger than lone hunter. | [User_Pinned]: Hot rock burn. Soft skin remember.
Fresh Memory [threshold=0.38 eligible=6] (Recent): [User]: the sky looks dark (intensity=0.58)
Memory-Pull Policy: pull_fresh=false — SURE vote (conf=0.61) and no winning node requested context — fresh memory withheld
Lobe Curve (base × top = score):
  👑 craft: base=0.575 × top=0.606 = 0.3677 [hard_votes=2]
=========================================

Brain > [ENGINE] ✅ /right: contributors=1 rewarded=0 double_skip=0 coinflip_miss=1 grave_skip=0
✅ /right applied. 1 contributor(s) processed: 0 rewarded, 0 skipped (already gained), 1 missed coinflip.
   ↳ context intensity nudged up on 6 message(s) used last cycle.

Brain > --> Scanning specimens & looking for dialectical relations...
[ORCHESTRATOR] 🎯 Lobe Curve (base × top = score):
  👑 craft: base=0.492 × top=0.492 = 0.242 [hard_votes=0]
--> 1 valid votes passed gate... compiling JIT superposition...

🤖 AIML Output Scaffold:
[Grug stack and bind] Here is the picture: make.
--- DEBUG TELEMETRY (orchestration internals, not for speech) ---
Mission: 'build a shelter before night'
Primary Action: describe  (conf=0.49, certainty=SURE)
Sure Actions: [describe]
Unsure Actions (Coinflip Side-Features): [None]
Constraints: [None]
Winning Node: node_40
Lobe Context: [craft (3/3 active (hammer | make a tool | build))]
User Triples: (shelter, before, night)
Node Triples: None
Anti-Match Detected: false
AIML Memory Bank:
Deep Memory (Pinned): [User_Pinned]: Grug speak plain. Grug not pretend smart. | [User_Pinned]: Many rocks compete. Loudest rock get to talk. | [User_Pinned]: Grug listen first, talk second. | [User_Pinned]: Tribe stronger than lone hunter. | [User_Pinned]: Hot rock burn. Soft skin remember.
Fresh Memory [threshold=0.38 eligible=6] (Recent): [User]: the river is high (intensity=0.73) | [System]: Mission "the river is high" → primary=describe conf=0.65 node=node_37 (intensity=0.44) | [User]: make a tool from this stone (intensity=0.85)
Memory-Pull Policy: pull_fresh=false — SURE vote (conf=0.49) and no winning node requested context — fresh memory withheld
Lobe Curve (base × top = score):
  👑 craft: base=0.492 × top=0.492 = 0.242 [hard_votes=0]
=========================================

Brain > 👁  Arousal set to 0.8. Eye system updated.

Brain > --> Scanning specimens & looking for dialectical relations...
[ENGINE] ⚡  Attachment relay: 'node_12' fired via target 'node_10' (conf=0.456, connector="danger fire")
[ENGINE] 🔗  Attachment relay pass added 1 node(s) to expanded set.
[ORCHESTRATOR] 🎯 Lobe Curve (base × top = score):
  👑 survival: base=0.495 × top=0.534 = 0.2847 [hard_votes=1]
--> 2 valid votes passed gate... compiling JIT superposition...

🤖 AIML Output Scaffold:
[Grug see threat] A caution: danger.
--- DEBUG TELEMETRY (orchestration internals, not for speech) ---
Mission: 'danger danger predator near'
Primary Action: alert  (conf=0.53, certainty=SURE)
Sure Actions: [alert]
Unsure Actions (Coinflip Side-Features): [None]
Constraints: [None]
Winning Node: node_10
Lobe Context: [survival (4/4 active (hide | fire burns | danger))]
User Triples: None
Node Triples: None
Anti-Match Detected: false
AIML Memory Bank:
Deep Memory (Pinned): [User_Pinned]: Grug speak plain. Grug not pretend smart. | [User_Pinned]: Many rocks compete. Loudest rock get to talk. | [User_Pinned]: Grug listen first, talk second. | [User_Pinned]: Tribe stronger than lone hunter. | [User_Pinned]: Hot rock burn. Soft skin remember.
Fresh Memory [threshold=0.38 eligible=7] (Recent): No recent sounds
Memory-Pull Policy: pull_fresh=false — SURE vote (conf=0.53) and no winning node requested context — fresh memory withheld
Lobe Curve (base × top = score):
  👑 survival: base=0.495 × top=0.534 = 0.2847 [hard_votes=1]
=========================================

Brain > [ENGINE] ✅ /right: contributors=1 rewarded=0 double_skip=1 coinflip_miss=0 grave_skip=0
✅ /right applied. 1 contributor(s) processed: 0 rewarded, 1 skipped (already gained), 0 missed coinflip.
   ↳ context intensity nudged up on 5 message(s) used last cycle.

Brain > 👁  Arousal set to 0.2. Eye system updated.

Brain > --> Scanning specimens & looking for dialectical relations...
[ORCHESTRATOR] 🎯 Lobe Curve (base × top = score):
  👑 explanation: base=0.515 × top=0.515 = 0.2648 [hard_votes=1]
--> 1 valid votes passed gate... compiling JIT superposition...

🤖 AIML Output Scaffold:
[Grug share what grug know] Here is the picture: converse me.
--- DEBUG TELEMETRY (orchestration internals, not for speech) ---
Mission: 'tell me a calm story'
Primary Action: describe  (conf=0.51, certainty=SURE)
Sure Actions: [describe]
Unsure Actions (Coinflip Side-Features): [None]
Constraints: [None]
Winning Node: node_15
Lobe Context: [explanation (4/4 active (what is | clarify | define))]
User Triples: None
Node Triples: None
Anti-Match Detected: false
AIML Memory Bank:
Deep Memory (Pinned): [User_Pinned]: Grug speak plain. Grug not pretend smart. | [User_Pinned]: Many rocks compete. Loudest rock get to talk. | [User_Pinned]: Grug listen first, talk second. | [User_Pinned]: Tribe stronger than lone hunter. | [User_Pinned]: Hot rock burn. Soft skin remember.
Fresh Memory [threshold=0.38 eligible=5] (Recent): [User]: build a shelter before night (intensity=0.72)
Memory-Pull Policy: pull_fresh=false — SURE vote (conf=0.51) and no winning node requested context — fresh memory withheld
Lobe Curve (base × top = score):
  👑 explanation: base=0.515 × top=0.515 = 0.2648 [hard_votes=1]
=========================================

Brain > --> Scanning specimens & looking for dialectical relations...
[ORCHESTRATOR] 🎯 Lobe Curve (base × top = score):
  👑 reasoning: base=1.301 × top=1.301 = 1.6914 [hard_votes=1]
--> 1 valid votes passed gate... compiling JIT superposition...

🤖 AIML Output Scaffold:
[Grug seek cause] Thinking it through: why.
--- DEBUG TELEMETRY (orchestration internals, not for speech) ---
Mission: 'why'
Primary Action: analyze  (conf=1.3, certainty=SURE)
Sure Actions: [analyze]
Unsure Actions (Coinflip Side-Features): [None]
Constraints: [None]
Winning Node: node_7
Lobe Context: [reasoning (4/4 active (think about | how does | why))]
User Triples: None
Node Triples: None
Anti-Match Detected: false
AIML Memory Bank:
Deep Memory (Pinned): [User_Pinned]: Grug speak plain. Grug not pretend smart. | [User_Pinned]: Many rocks compete. Loudest rock get to talk. | [User_Pinned]: Grug listen first, talk second. | [User_Pinned]: Tribe stronger than lone hunter. | [User_Pinned]: Hot rock burn. Soft skin remember.
Fresh Memory [threshold=0.38 eligible=6] (Recent): [User]: danger danger predator near (intensity=0.52) | [System]: Mission "danger danger predator near" → primary=alert conf=0.53 node=node_10 (intensity=0.44)
Memory-Pull Policy: pull_fresh=false — SURE vote (conf=1.3) and no winning node requested context — fresh memory withheld
Lobe Curve (base × top = score):
  👑 reasoning: base=1.301 × top=1.301 = 1.6914 [hard_votes=1]
=========================================

Brain > --> Scanning specimens & looking for dialectical relations...
[ORCHESTRATOR] 🎯 Lobe Curve (base × top = score):
  👑 nature: base=0.997 × top=0.997 = 0.9936 [hard_votes=1]
--> 1 valid votes passed gate... compiling JIT superposition...

🤖 AIML Output Scaffold:
[Grug know tree make shade, nut, wood for fire] Here is the picture: tree.
--- DEBUG TELEMETRY (orchestration internals, not for speech) ---
Mission: 'tree'
Primary Action: explain  (conf=1.0, certainty=SURE)
Sure Actions: [explain]
Unsure Actions (Coinflip Side-Features): [None]
Constraints: [None]
Winning Node: node_38
Lobe Context: [nature (3/3 active (the sky | river | tree))]
User Triples: None
Node Triples: None
Anti-Match Detected: false
AIML Memory Bank:
Deep Memory (Pinned): [User_Pinned]: Grug speak plain. Grug not pretend smart. | [User_Pinned]: Many rocks compete. Loudest rock get to talk. | [User_Pinned]: Grug listen first, talk second. | [User_Pinned]: Tribe stronger than lone hunter. | [User_Pinned]: Hot rock burn. Soft skin remember.
Fresh Memory [threshold=0.38 eligible=5] (Recent): No recent sounds
Memory-Pull Policy: pull_fresh=false — SURE vote (conf=1.0) and no winning node requested context — fresh memory withheld
Lobe Curve (base × top = score):
  👑 nature: base=0.997 × top=0.997 = 0.9936 [hard_votes=1]
=========================================

Brain > --> Scanning specimens & looking for dialectical relations...
[ORCHESTRATOR] 🎯 Lobe Curve (base × top = score):
  👑 comfort: base=0.886 × top=0.886 = 0.7848 [hard_votes=1]
--> 1 valid votes passed gate... compiling JIT superposition...

🤖 AIML Output Scaffold:
[Grug sit with sadness] To acknowledge what matters here: sad.
--- DEBUG TELEMETRY (orchestration internals, not for speech) ---
Mission: 'sad'
Primary Action: comfort  (conf=0.89, certainty=SURE)
Sure Actions: [comfort]
Unsure Actions (Coinflip Side-Features): [None]
Constraints: [None]
Winning Node: node_19
Lobe Context: [comfort (4/4 active (i feel | worried | sad))]
User Triples: None
Node Triples: None
Anti-Match Detected: false
AIML Memory Bank:
Deep Memory (Pinned): [User_Pinned]: Grug speak plain. Grug not pretend smart. | [User_Pinned]: Many rocks compete. Loudest rock get to talk. | [User_Pinned]: Grug listen first, talk second. | [User_Pinned]: Tribe stronger than lone hunter. | [User_Pinned]: Hot rock burn. Soft skin remember.
Fresh Memory [threshold=0.38 eligible=5] (Recent): [User]: why (intensity=0.55) | [System]: Mission "tree" → primary=explain conf=1.0 node=node_38 (intensity=0.63)
Memory-Pull Policy: pull_fresh=false — SURE vote (conf=0.89) and no winning node requested context — fresh memory withheld
Lobe Curve (base × top = score):
  👑 comfort: base=0.886 × top=0.886 = 0.7848 [hard_votes=1]
=========================================

Brain > --> Scanning specimens & looking for dialectical relations...
--> No valid specimens found for this input. Cave is silent.

Brain > [ENGINE] ❌  /wrong applied to 1 contributors. penalized= 1, newly_graved= 0.
❌  /wrong applied. 1 contributor(s) penalized via coinflip.
   ↳ context intensity nudged down on 7 message(s) used last cycle.

Brain > --> Scanning specimens & looking for dialectical relations...
--> No valid specimens found for this input. Cave is silent.

Brain > --> Scanning specimens & looking for dialectical relations...
[ENGINE] ⚡  Attachment relay: 'node_8' fired via target 'node_6' (conf=0.1, connector="think mechanism")
[ENGINE] 🔗  Attachment relay pass added 1 node(s) to expanded set.
[ORCHESTRATOR] 🎯 Lobe Curve (base × top = score):
  👑 explanation: base=0.798 × top=0.798 = 0.6371 [hard_votes=1]
  · reasoning: base=0.217 × top=0.334 = 0.1115 [hard_votes=0]
--> 1 valid votes passed gate... compiling JIT superposition...

🤖 AIML Output Scaffold:
[Grug share what grug know] Here is the picture: discuss me. Pinned note: Many rocks compete. Loudest rock get to talk.
--- DEBUG TELEMETRY (orchestration internals, not for speech) ---
Mission: 'tell me about the rocks'
Primary Action: explain  (conf=0.8, certainty=SURE)
Sure Actions: [explain]
Unsure Actions (Coinflip Side-Features): [None]
Constraints: [None]
Winning Node: node_15
Lobe Context: [explanation (4/4 active (what is | clarify | define))]
User Triples: None
Node Triples: None
Anti-Match Detected: false
AIML Memory Bank:
Deep Memory (Pinned): [User_Pinned]: Grug speak plain. Grug not pretend smart. | [User_Pinned]: Many rocks compete. Loudest rock get to talk. | [User_Pinned]: Grug listen first, talk second. | [User_Pinned]: Tribe stronger than lone hunter. | [User_Pinned]: Hot rock burn. Soft skin remember.
Fresh Memory [threshold=0.38 eligible=7] (Recent): [User]: sad (intensity=0.84) | [User]: tell me about the rocks (intensity=1.25)
Memory-Pull Policy: pull_fresh=false — SURE vote (conf=0.8) and no winning node requested context — fresh memory withheld
Lobe Curve (base × top = score):
  👑 explanation: base=0.798 × top=0.798 = 0.6371 [hard_votes=1]
  · reasoning: base=0.217 × top=0.334 = 0.1115 [hard_votes=0]
=========================================

Brain > --> Scanning specimens & looking for dialectical relations...
[ENGINE] ⚡  Attachment relay: 'node_7' fired via target 'node_6' (conf=0.553, connector="why think")
[ENGINE] ⚡  Attachment relay: 'node_8' fired via target 'node_6' (conf=0.1, connector="think mechanism")
[ENGINE] 🔗  Attachment relay pass added 2 node(s) to expanded set.
[ORCHESTRATOR] 🎯 Lobe Curve (base × top = score):
  👑 explanation: base=0.8 × top=0.8 = 0.6401 [hard_votes=1]
  · reasoning: base=0.329 × top=0.443 = 0.3055 [hard_votes=1]
--> 1 valid votes passed gate... compiling JIT superposition...

🤖 AIML Output Scaffold:
[Grug share what grug know] Here is the picture: tell me. Pinned note: Many rocks compete. Loudest rock get to talk.
--- DEBUG TELEMETRY (orchestration internals, not for speech) ---
Mission: 'tell me about the rocks'
Primary Action: explain  (conf=0.8, certainty=SURE)
Sure Actions: [explain]
Unsure Actions (Coinflip Side-Features): [None]
Constraints: [None]
Winning Node: node_15
Lobe Context: [explanation (4/4 active (what is | clarify | define))]
User Triples: None
Node Triples: None
Anti-Match Detected: false
AIML Memory Bank:
Deep Memory (Pinned): [User_Pinned]: Grug speak plain. Grug not pretend smart. | [User_Pinned]: Many rocks compete. Loudest rock get to talk. | [User_Pinned]: Grug listen first, talk second. | [User_Pinned]: Tribe stronger than lone hunter. | [User_Pinned]: Hot rock burn. Soft skin remember.
Fresh Memory [threshold=0.38 eligible=9] (Recent): [User]: tell me about the rocks (intensity=1.27)
Memory-Pull Policy: pull_fresh=false — SURE vote (conf=0.8) and no winning node requested context — fresh memory withheld
Lobe Curve (base × top = score):
  👑 explanation: base=0.8 × top=0.8 = 0.6401 [hard_votes=1]
  · reasoning: base=0.329 × top=0.443 = 0.3055 [hard_votes=1]
=========================================

Brain > --> Scanning specimens & looking for dialectical relations...
[ENGINE] ⚡  Attachment relay: 'node_8' fired via target 'node_6' (conf=0.1, connector="think mechanism")
[ENGINE] 🔗  Attachment relay pass added 1 node(s) to expanded set.
[ORCHESTRATOR] 🎯 Lobe Curve (base × top = score):
  👑 explanation: base=0.8 × top=0.8 = 0.6397 [hard_votes=1]
  · reasoning: base=0.217 × top=0.334 = 0.1114 [hard_votes=0]
--> 1 valid votes passed gate... compiling JIT superposition...

🤖 AIML Output Scaffold:
[Grug share what grug know] Here is the picture: converse me. Pinned note: Many rocks compete. Loudest rock get to talk.
--- DEBUG TELEMETRY (orchestration internals, not for speech) ---
Mission: 'tell me about the rocks'
Primary Action: describe  (conf=0.8, certainty=SURE)
Sure Actions: [describe]
Unsure Actions (Coinflip Side-Features): [None]
Constraints: [None]
Winning Node: node_15
Lobe Context: [explanation (4/4 active (what is | clarify | define))]
User Triples: None
Node Triples: None
Anti-Match Detected: false
AIML Memory Bank:
Deep Memory (Pinned): [User_Pinned]: Grug speak plain. Grug not pretend smart. | [User_Pinned]: Many rocks compete. Loudest rock get to talk. | [User_Pinned]: Grug listen first, talk second. | [User_Pinned]: Tribe stronger than lone hunter. | [User_Pinned]: Hot rock burn. Soft skin remember.
Fresh Memory [threshold=0.75 eligible=6] (Recent): No recent sounds
Memory-Pull Policy: pull_fresh=false — SURE vote (conf=0.8) and no winning node requested context — fresh memory withheld
Lobe Curve (base × top = score):
  👑 explanation: base=0.8 × top=0.8 = 0.6397 [hard_votes=1]
  · reasoning: base=0.217 × top=0.334 = 0.1114 [hard_votes=0]
=========================================

Brain > --> Scanning specimens & looking for dialectical relations...
[ORCHESTRATOR] 🎯 Lobe Curve (base × top = score):
  👑 default: base=0.134 × top=0.134 = 0.0179 [hard_votes=0]
--> 1 valid votes passed gate... compiling JIT superposition...

🤖 AIML Output Scaffold:
[Highly polite greeting protocols active] Hello — here is what matters: hello hi greeting mornin.
--- DEBUG TELEMETRY (orchestration internals, not for speech) ---
Mission: 'hello again old friend'
Primary Action: greet  (conf=0.13, certainty=SURE)
Sure Actions: [greet]
Unsure Actions (Coinflip Side-Features): [None]
Constraints: [dont frown, dont insult, dont be rude]
Winning Node: node_0
Lobe Context: [default (3/3 active (hello hi greeting mornin | think ponder reason calculate | grug hits rock and makes fire))]
User Triples: None
Node Triples: None
Anti-Match Detected: false
AIML Memory Bank:
Deep Memory (Pinned): [User_Pinned]: Grug speak plain. Grug not pretend smart. | [User_Pinned]: Many rocks compete. Loudest rock get to talk. | [User_Pinned]: Grug listen first, talk second. | [User_Pinned]: Tribe stronger than lone hunter. | [User_Pinned]: Hot rock burn. Soft skin remember.
Fresh Memory [threshold=0.38 eligible=8] (Recent): [User]: tell me about rocks (intensity=0.62)
Memory-Pull Policy: pull_fresh=true — primary confidence=0.13 < trust floor 0.45
Lobe Curve (base × top = score):
  👑 default: base=0.134 × top=0.134 = 0.0179 [hard_votes=0]
=========================================

Brain > [ENGINE] ✅ /right: contributors=1 rewarded=0 double_skip=1 coinflip_miss=0 grave_skip=0
✅ /right applied. 1 contributor(s) processed: 0 rewarded, 1 skipped (already gained), 0 missed coinflip.
   ↳ context intensity nudged up on 6 message(s) used last cycle.

Brain > --> Scanning specimens & looking for dialectical relations...
--> No valid specimens found for this input. Cave is silent.

Brain > --> Scanning specimens & looking for dialectical relations...
--> No valid specimens found for this input. Cave is silent.

Brain > --> Scanning specimens & looking for dialectical relations...
--> No valid specimens found for this input. Cave is silent.

Brain > 🔓 🪨 Attachment node_18→node_19 de-crystalized (was :user).

Brain > === ATTACHMENT MAP (7 targets with attachments) ===
  🎯 node_10 (2/4 attached):
      🔗 node_11 [ALIVE str=2.0] | base_conf=0.55 | connector="danger run"
      🔗 node_12 [ALIVE str=6.0] 💎[CRYSTAL:user] | base_conf=0.383 | connector="danger fire"
  🎯 node_18 (3/4 attached):
      🔗 node_19 [ALIVE str=3.0] | base_conf=0.55 | connector="feel sad"
      🔗 node_20 [ALIVE str=4.0] | base_conf=0.55 | connector="feel worried"
      🔗 node_21 [ALIVE str=1.0] | base_conf=0.55 | connector="feel lonely"
  🎯 node_3 (2/4 attached):
      🔗 node_4 [ALIVE str=3.0] | base_conf=0.383 | connector="morning hello"
      🔗 node_5 [ALIVE str=2.0] | base_conf=0.05 | connector="casual hello"
  🎯 node_33 (2/4 attached):
      🔗 node_34 [ALIVE str=1.0] | base_conf=0.383 | connector="should plan"
      🔗 node_35 [ALIVE str=2.0] | base_conf=0.383 | connector="should next"
  🎯 node_36 (1/4 attached):
      🔗 node_37 [ALIVE str=2.0] | base_conf=0.55 | connector="sky river"
  🎯 node_39 (1/4 attached):
      🔗 node_40 [ALIVE str=2.0] 💎[CRYSTAL:user] | base_conf=0.55 | connector="tool build"
  🎯 node_6 (2/4 attached):
      🔗 node_7 [ALIVE str=1.0] | base_conf=0.55 | connector="why think"
      🔗 node_8 [ALIVE str=5.0] | base_conf=0.05 | connector="think mechanism"

Brain > [ENGINE] 🔓  Node 'node_34' detached from target 'node_33'.
🔓 Detached 'node_34' from 'node_33'

Brain > [ Info: [ENGINE] 🔮 Action=ACTION_SPECULATE | Tone=TONE_NEUTRAL | Conf=0.35 | ArousalNudge=0.0 | Weight=1.07 [FALLBACK] [FRAME=contemplative/basic]
┌ Warning: [ENGINE] BUG-004: pattern longer than input — using cheap bidirectional scan.
│   node_id = "node_3"
│   pattern_len = 2
│   input_len = 1
└ @ Main /workspace/grugbot420_repo/src/engine.jl:2939
┌ Warning: [ENGINE] BUG-004: pattern longer than input — using cheap bidirectional scan.
│   node_id = "node_0"
│   pattern_len = 4
│   input_len = 1
└ @ Main /workspace/grugbot420_repo/src/engine.jl:2939
[ Info: [ENGINE] 🔮 Action=ACTION_SPECULATE | Tone=TONE_NEUTRAL | Conf=0.39 | ArousalNudge=0.0 | Weight=1.08 [FALLBACK] [FRAME=contemplative/basic]
[ Info: [ENGINE] 🔮 Action=ACTION_SPECULATE | Tone=TONE_NEUTRAL | Conf=0.36 | ArousalNudge=0.0 | Weight=1.07 [FALLBACK] [FRAME=contemplative/basic]
[ Info: [ENGINE] 🔮 Action=ACTION_COMMAND | Tone=TONE_NEUTRAL | Conf=0.68 | ArousalNudge=0.0 | Weight=1.34 [FALLBACK] [FRAME=imperative/basic]
[ Info: [ENGINE] 🔮 Action=ACTION_QUERY | Tone=TONE_NEUTRAL | Conf=0.37 | ArousalNudge=0.0 | Weight=1.22 [FALLBACK] [FRAME=exploratory/basic]
[ Info: [ENGINE] 🔮 Action=ACTION_QUERY | Tone=TONE_CURIOUS | Conf=0.52 | ArousalNudge=0.0 | Weight=1.31 [FRAME=exploratory/basic]
┌ Warning: [ENGINE] BUG-004: pattern longer than input — using cheap bidirectional scan.
│   node_id = "node_2"
│   pattern_len = 6
│   input_len = 3
└ @ Main /workspace/grugbot420_repo/src/engine.jl:2939
[ Info: [ENGINE] 🔮 Action=ACTION_QUERY | Tone=TONE_CURIOUS | Conf=0.54 | ArousalNudge=0.0 | Weight=1.33 [FRAME=exploratory/basic]
[ Info: [ENGINE] 🔮 Action=ACTION_QUERY | Tone=TONE_CURIOUS | Conf=0.51 | ArousalNudge=0.0 | Weight=1.31 [FRAME=exploratory/basic]
[ Info: [ENGINE] 🔮 Action=ACTION_QUERY | Tone=TONE_CURIOUS | Conf=0.52 | ArousalNudge=0.0 | Weight=1.31 [FRAME=exploratory/basic]
[ Info: [ENGINE] 🔮 Action=ACTION_QUERY | Tone=TONE_CURIOUS | Conf=0.55 | ArousalNudge=0.0 | Weight=1.33 [FRAME=exploratory/basic]
[ Info: [ENGINE] 🔮 Action=ACTION_COMMAND | Tone=TONE_NEUTRAL | Conf=1.0 | ArousalNudge=0.0 | Weight=1.5 [FALLBACK] [FRAME=imperative/basic]
[ Info: [PREDICTOR] 👁  Arousal nudged 0.5 → 0.75 (TONE_URGENT)
[ Info: [ENGINE] 🔮 Action=ACTION_COMMAND | Tone=TONE_URGENT | Conf=0.85 | ArousalNudge=0.25 | Weight=1.43 [FRAME=imperative/rel]
[ Info: [ENGINE] 🔮 Action=ACTION_COMMAND | Tone=TONE_NEUTRAL | Conf=0.39 | ArousalNudge=0.0 | Weight=1.19 [FALLBACK] [FRAME=imperative/basic]
[ Info: [ENGINE] 🔮 Action=ACTION_SPECULATE | Tone=TONE_NEUTRAL | Conf=0.38 | ArousalNudge=0.0 | Weight=1.08 [FALLBACK] [FRAME=contemplative/basic]
[ Info: [PREDICTOR] 👁  Arousal nudged 0.75 → 1.0 (TONE_URGENT)
[ Info: [ENGINE] 🔮 Action=ACTION_COMMAND | Tone=TONE_URGENT | Conf=0.59 | ArousalNudge=0.25 | Weight=1.29 [FRAME=imperative/rel]
[ Info: [PREDICTOR] 👁  Arousal nudged 1.0 → 0.85 (TONE_REFLECTIVE)
[ Info: [ENGINE] 🔮 Action=ACTION_SPECULATE | Tone=TONE_REFLECTIVE | Conf=0.58 | ArousalNudge=-0.15 | Weight=1.12 [FRAME=contemplative/rel]
[ Info: [PREDICTOR] 👁  Arousal nudged 0.85 → 0.7 (TONE_REFLECTIVE)
[ Info: [ENGINE] 🔮 Action=ACTION_SPECULATE | Tone=TONE_REFLECTIVE | Conf=0.58 | ArousalNudge=-0.15 | Weight=1.12 [FRAME=contemplative/rel]
[ Info: [PREDICTOR] 👁  Arousal nudged 0.7 → 0.55 (TONE_REFLECTIVE)
[ Info: [ENGINE] 🔮 Action=ACTION_SPECULATE | Tone=TONE_REFLECTIVE | Conf=0.12 | ArousalNudge=-0.15 | Weight=1.02 [FRAME=contemplative/rel]
[ Info: [PREDICTOR] 👁  Arousal nudged 0.55 → 0.4 (TONE_REFLECTIVE)
[ Info: [ENGINE] 🔮 Action=ACTION_SPECULATE | Tone=TONE_REFLECTIVE | Conf=0.59 | ArousalNudge=-0.15 | Weight=1.12 [FRAME=contemplative/rel]
[ Info: [PREDICTOR] 👁  Arousal nudged 0.4 → 0.75 (TONE_HOSTILE)
[ Info: [ENGINE] 🔮 Action=ACTION_NEGATE | Tone=TONE_HOSTILE | Conf=0.54 | ArousalNudge=0.35 | Weight=1.16 [FRAME=de-escalating/rel]
[ Info: [PREDICTOR] 👁  Arousal nudged 0.75 → 1.0 (TONE_HOSTILE)
[ Info: [ENGINE] 🔮 Action=ACTION_NEGATE | Tone=TONE_HOSTILE | Conf=0.12 | ArousalNudge=0.35 | Weight=1.04 [FRAME=de-escalating/rel]
[ Info: [PREDICTOR] 👁  Arousal nudged 1.0 → 1.0 (TONE_HOSTILE)
[ Info: [ENGINE] 🔮 Action=ACTION_COMMAND | Tone=TONE_HOSTILE | Conf=0.13 | ArousalNudge=0.35 | Weight=1.07 [FRAME=de-escalating/rel]
[ Info: [PREDICTOR] 👁  Arousal nudged 1.0 → 1.0 (TONE_HOSTILE)
[ Info: [ENGINE] 🔮 Action=ACTION_NEGATE | Tone=TONE_HOSTILE | Conf=0.12 | ArousalNudge=0.35 | Weight=1.04 [FRAME=de-escalating/rel]
[ Info: [PREDICTOR] 👁  Arousal nudged 1.0 → 1.0 (TONE_HOSTILE)
[ Info: [ENGINE] 🔮 Action=ACTION_QUERY | Tone=TONE_HOSTILE | Conf=1.0 | ArousalNudge=0.35 | Weight=1.6 [FRAME=de-escalating/rel]
[ Info: [PREDICTOR] 👁  Arousal nudged 1.0 → 1.0 (TONE_HOSTILE)
[ Info: [ENGINE] 🔮 Action=ACTION_QUERY | Tone=TONE_HOSTILE | Conf=1.0 | ArousalNudge=0.35 | Weight=1.6 [FRAME=de-escalating/rel]
[ Info: [PREDICTOR] 🌀 Per-query Gini damping active — action_gini=0.832, tone_gini=0.803
[ Info: [PREDICTOR] 🌀 Per-query Gini damping active — action_gini=0.832, tone_gini=0.803
[ Info: [ENGINE] 🔮 Action=ACTION_QUERY | Tone=TONE_CURIOUS | Conf=1.0 | ArousalNudge=0.0 | Weight=1.6 [LORENZ-DAMPED] [FRAME=exploratory/basic]
[ Info: [PREDICTOR] 🌀 Per-query Gini damping active — action_gini=0.812, tone_gini=0.565
[ Info: [PREDICTOR] 👁  Arousal nudged 1.0 → 1.0 (TONE_URGENT)
[ Info: [PREDICTOR] 🌀 Per-query Gini damping active — action_gini=0.811, tone_gini=0.561
[ Info: [ENGINE] 🔮 Action=ACTION_ESCALATE | Tone=TONE_URGENT | Conf=1.0 | ArousalNudge=0.45 | Weight=1.7 [LORENZ-DAMPED] [FRAME=imperative/rel]
[ Info: [ENGINE] 🔮 Action=ACTION_SPECULATE | Tone=TONE_NEUTRAL | Conf=0.12 | ArousalNudge=0.0 | Weight=1.02 [FALLBACK] [FRAME=contemplative/basic]
[ Info: [ENGINE] 🔮 Action=ACTION_SPECULATE | Tone=TONE_NEUTRAL | Conf=1.0 | ArousalNudge=0.0 | Weight=1.2 [FALLBACK] [FRAME=contemplative/basic]
[ Info: [ENGINE] 🔮 Action=ACTION_SPECULATE | Tone=TONE_NEUTRAL | Conf=1.0 | ArousalNudge=0.0 | Weight=1.2 [FALLBACK] [FRAME=contemplative/basic]
[ Info: [ENGINE] 🔮 Action=ACTION_NEGATE | Tone=TONE_NEUTRAL | Conf=0.52 | ArousalNudge=0.0 | Weight=1.15 [FALLBACK] [FRAME=terse/basic]
[ Info: [ENGINE] 🔮 Action=ACTION_SPECULATE | Tone=TONE_NEUTRAL | Conf=0.49 | ArousalNudge=0.0 | Weight=1.1 [FALLBACK] [FRAME=contemplative/basic]
[ Info: [ENGINE] 🔮 Action=ACTION_SPECULATE | Tone=TONE_NEUTRAL | Conf=1.0 | ArousalNudge=0.0 | Weight=1.2 [FALLBACK] [FRAME=contemplative/basic]
[ Info: [ENGINE] 🔮 Action=ACTION_SPECULATE | Tone=TONE_NEUTRAL | Conf=0.24 | ArousalNudge=0.0 | Weight=1.05 [FALLBACK] [FRAME=contemplative/basic]
[ Info: [ENGINE] 🔮 Action=ACTION_COMMAND | Tone=TONE_NEUTRAL | Conf=0.83 | ArousalNudge=0.0 | Weight=1.42 [FALLBACK] [FRAME=imperative/basic]
[ Info: [ENGINE] 🔮 Action=ACTION_COMMAND | Tone=TONE_NEUTRAL | Conf=0.56 | ArousalNudge=0.0 | Weight=1.28 [FALLBACK] [FRAME=imperative/basic]
[ Info: [ENGINE] 🔮 Action=ACTION_SPECULATE | Tone=TONE_NEUTRAL | Conf=0.12 | ArousalNudge=0.0 | Weight=1.02 [FALLBACK] [FRAME=contemplative/basic]
[ Info: [ENGINE] 🔮 Action=ACTION_SPECULATE | Tone=TONE_NEUTRAL | Conf=0.5 | ArousalNudge=0.0 | Weight=1.1 [FALLBACK] [FRAME=contemplative/basic]
[ Info: [ENGINE] 🔮 Action=ACTION_COMMAND | Tone=TONE_NEUTRAL | Conf=0.71 | ArousalNudge=0.0 | Weight=1.36 [FRAME=imperative/basic]
[ Info: [ENGINE] 🔮 Action=ACTION_COMMAND | Tone=TONE_NEUTRAL | Conf=0.7 | ArousalNudge=0.0 | Weight=1.35 [FRAME=imperative/basic]
[ Info: [ENGINE] 🔮 Action=ACTION_COMMAND | Tone=TONE_NEUTRAL | Conf=0.73 | ArousalNudge=0.0 | Weight=1.37 [FALLBACK] [FRAME=imperative/basic]
[ Info: [ENGINE] 🔮 Action=ACTION_QUERY | Tone=TONE_CURIOUS | Conf=0.55 | ArousalNudge=0.0 | Weight=1.33 [FRAME=exploratory/basic]
[ Info: [ENGINE] 🔮 Action=ACTION_QUERY | Tone=TONE_CURIOUS | Conf=0.5 | ArousalNudge=0.0 | Weight=1.3 [FRAME=exploratory/basic]
[ Info: [ENGINE] 🔮 Action=ACTION_NEGATE | Tone=TONE_NEUTRAL | Conf=0.29 | ArousalNudge=0.0 | Weight=1.09 [FALLBACK] [FRAME=terse/basic]
[ Info: [ENGINE] 🔮 Action=ACTION_COMMAND | Tone=TONE_NEUTRAL | Conf=0.75 | ArousalNudge=0.0 | Weight=1.38 [FALLBACK] [FRAME=imperative/basic]
[ Info: [ENGINE] 🔮 Action=ACTION_COMMAND | Tone=TONE_NEUTRAL | Conf=0.12 | ArousalNudge=0.0 | Weight=1.06 [FALLBACK] [FRAME=imperative/basic]
[ Info: [ENGINE] 🔮 Action=ACTION_COMMAND | Tone=TONE_NEUTRAL | Conf=0.43 | ArousalNudge=0.0 | Weight=1.22 [FRAME=imperative/basic]
[ Info: [ENGINE] 🔮 Action=ACTION_QUERY | Tone=TONE_CURIOUS | Conf=0.56 | ArousalNudge=0.0 | Weight=1.34 [FRAME=exploratory/basic]
[ Info: [ENGINE] 🔮 Action=ACTION_QUERY | Tone=TONE_CURIOUS | Conf=0.56 | ArousalNudge=0.0 | Weight=1.33 [FRAME=exploratory/basic]
[ Info: [ENGINE] 🔮 Action=ACTION_QUERY | Tone=TONE_CURIOUS | Conf=0.56 | ArousalNudge=0.0 | Weight=1.34 [FRAME=exploratory/basic]
[ Info: [ENGINE] 🔮 Action=ACTION_COMMAND | Tone=TONE_NEUTRAL | Conf=0.43 | ArousalNudge=0.0 | Weight=1.22 [FALLBACK] [FRAME=imperative/basic]
┌ Warning: [ORCHESTRATOR] ⚠ No votes passed AIML_CONFIDENCE_THRESHOLD=0.35. Falling back to highest-confidence vote.
└ @ Main /workspace/grugbot420_repo/src/Main.jl:1321
[ Info: [ENGINE] 🔮 Action=ACTION_NEGATE | Tone=TONE_NEUTRAL | Conf=0.26 | ArousalNudge=0.0 | Weight=1.08 [FALLBACK] [FRAME=terse/basic]
[ Info: [ENGINE] 🔮 Action=ACTION_QUERY | Tone=TONE_NEUTRAL | Conf=0.14 | ArousalNudge=0.0 | Weight=1.08 [FALLBACK] [FRAME=exploratory/basic]
[ Info: [ENGINE] 🔮 Action=ACTION_COMMAND | Tone=TONE_NEUTRAL | Conf=0.12 | ArousalNudge=0.0 | Weight=1.06 [FALLBACK] [FRAME=imperative/basic]
=== ATTACHMENT MAP (7 targets with attachments) ===
  🎯 node_10 (2/4 attached):
      🔗 node_11 [ALIVE str=2.0] | base_conf=0.55 | connector="danger run"
      🔗 node_12 [ALIVE str=6.0] 💎[CRYSTAL:user] | base_conf=0.383 | connector="danger fire"
  🎯 node_18 (3/4 attached):
      🔗 node_19 [ALIVE str=3.0] | base_conf=0.55 | connector="feel sad"
      🔗 node_20 [ALIVE str=4.0] | base_conf=0.55 | connector="feel worried"
      🔗 node_21 [ALIVE str=1.0] | base_conf=0.55 | connector="feel lonely"
  🎯 node_3 (2/4 attached):
      🔗 node_4 [ALIVE str=3.0] | base_conf=0.383 | connector="morning hello"
      🔗 node_5 [ALIVE str=2.0] | base_conf=0.05 | connector="casual hello"
  🎯 node_33 (1/4 attached):
      🔗 node_35 [ALIVE str=2.0] | base_conf=0.383 | connector="should next"
  🎯 node_36 (1/4 attached):
      🔗 node_37 [ALIVE str=2.0] | base_conf=0.55 | connector="sky river"
  🎯 node_39 (1/4 attached):
      🔗 node_40 [ALIVE str=2.0] 💎[CRYSTAL:user] | base_conf=0.55 | connector="tool build"
  🎯 node_6 (2/4 attached):
      🔗 node_7 [ALIVE str=1.0] | base_conf=0.55 | connector="why think"
      🔗 node_8 [ALIVE str=5.0] | base_conf=0.05 | connector="think mechanism"

Brain > --> Grug freezing entire cave to specimen file...

╔══════════════════════════════════════════════════════════════╗
║            🧊 SPECIMEN SAVED SUCCESSFULLY                    ║
╠══════════════════════════════════════════════════════════════╣
  📁  File             : /workspace/grug_test/kitchen_sink_v10_b3c/kitchen_sink_post_run.specimen.gz
  📦  JSON size        : 157763 bytes
  🗜️   Compressed size  : 22126 bytes (86.0% smaller)
  ⏱️   Time             : 0.43s
  ─────────────────────────────────────────────
  🌱  Nodes            : 42
  🧠  Lobes            : 13
  📋  Lobe tables      : 13
  ⚡  Hopfield entries  : 0
  ⚙️   Rules            : 0
  💬  Messages         : 200
  🔧  Verb classes     : 6
  🔤  Thesaurus words  : 499
  🚫  Inhibitions      : 0
  🔗  Attachments      : 12
  🔮  Trajectory entries : 0
  🕐  Temporal coherence : 0
  ⏳  Morph cooldowns    : 0
  🤖  AIML nodes       : 0
  👁   Arousal          : 0.2
╚══════════════════════════════════════════════════════════════╝

Brain > === LOBE REGISTRY (13 lobes, 42 nodes indexed) ===
  alert | subject='warn caution notify danger flag urgent' | nodes=3/20000 | fires=0 | inhibits=0 | connected=[survival] | tbl[nodes=3 json=3 drop=0 hopf=0]
  celebration | subject='celebrate joy happy glad cheerful' | nodes=3/20000 | fires=0 | inhibits=0 | connected=[comfort,greeting] | tbl[nodes=3 json=3 drop=0 hopf=0]
  comfort | subject='comfort support validate reassure care' | nodes=4/20000 | fires=0 | inhibits=0 | connected=[celebration,greeting] | tbl[nodes=4 json=4 drop=0 hopf=0]
  craft | subject='tool make build hammer carve' | nodes=3/20000 | fires=0 | inhibits=0 | connected=[explanation] | tbl[nodes=3 json=3 drop=0 hopf=0]
  default | subject='general thinking reasoning conversation greeting' | nodes=3/20000 | fires=0 | inhibits=0 | connected=[none] | tbl[nodes=3 json=0 drop=0 hopf=0]
  explanation | subject='explain clarify describe define teach' | nodes=4/20000 | fires=0 | inhibits=0 | connected=[craft,inquiry,nature,reasoning] | tbl[nodes=4 json=4 drop=0 hopf=0]
  greeting | subject='hello hi greet welcome conversation' | nodes=3/20000 | fires=0 | inhibits=0 | connected=[celebration,comfort] | tbl[nodes=3 json=3 drop=5 hopf=0]
  inquiry | subject='question ask wonder curious investigate' | nodes=3/20000 | fires=0 | inhibits=0 | connected=[explanation] | tbl[nodes=3 json=3 drop=0 hopf=0]
  memory | subject='remember recall past history recollect' | nodes=2/20000 | fires=0 | inhibits=0 | connected=[reasoning] | tbl[nodes=2 json=2 drop=0 hopf=0]
  nature | subject='stone tree water sky weather' | nodes=3/20000 | fires=0 | inhibits=0 | connected=[explanation] | tbl[nodes=3 json=3 drop=0 hopf=0]
  planning | subject='plan strategy goal future intend' | nodes=3/20000 | fires=0 | inhibits=0 | connected=[reasoning] | tbl[nodes=3 json=3 drop=0 hopf=0]
  reasoning | subject='think reason analyze ponder logic' | nodes=4/20000 | fires=0 | inhibits=0 | connected=[explanation,memory,planning] | tbl[nodes=4 json=4 drop=0 hopf=0]
  survival | subject='flee hide fight danger threat run' | nodes=4/20000 | fires=0 | inhibits=0 | connected=[alert] | tbl[nodes=4 json=4 drop=2 hopf=0]

Brain > ╔══════════════════════════════════════════════════╗
║              GRUGBOT SYSTEM STATUS               ║
╠══════════════════════════════════════════════════╣
║  ENGINE                                          ║
  Nodes in cave   : 42
  Hopfield cache  : 0 entries
  Memory messages : 201
  Est. memory use : ~140 KB
  Trajectory buf  : 0 entries
  Temporal coher  : 0 entries
  Morph cooldowns : 0 active
  Current arousal : 0.2
  Last input ago  : 0.0s
║  LOBES                                           ║
  Lobes registered: 13
  Nodes in lobes  : 42
  Top lobe (fires): explanation (0 fires)
║  BRAINSTEM                                       ║
  Dispatches run  : 0
  Last winner     : none
  Propagations    : 0
  Is dispatching  : false
║  CHATTER                                         ║
  Chatter running : false
  Input queue     : 0 pending
  Sessions run    : 0
║  AIML NODE TRIBES                                ║
=== AIML NODE TRIBES (cycle=54) ===
  alert | pop=0/6666 | live=0 | grave=0
  celebration | pop=0/6666 | live=0 | grave=0
  comfort | pop=0/6666 | live=0 | grave=0
  craft | pop=0/6666 | live=0 | grave=0
  explanation | pop=0/6666 | live=0 | grave=0
  greeting | pop=0/6666 | live=0 | grave=0
  inquiry | pop=0/6666 | live=0 | grave=0
  memory | pop=0/6666 | live=0 | grave=0
  nature | pop=0/6666 | live=0 | grave=0
  planning | pop=0/6666 | live=0 | grave=0
  reasoning | pop=0/6666 | live=0 | grave=0
  survival | pop=0/6666 | live=0 | grave=0
╚══════════════════════════════════════════════════╝

Brain > [GRUG] 👋 /quit received. Cave closes. Goodbye.
