🧠 Default specimen detected at /workspace/grugbot420_repo/src/../grug-binary/default.specimen.gz — auto-loading...
  🧹 Wiping current cave state...
  ✅ Cave wiped clean. Beginning restore...
  🔢 ID counters restored (node=20, msg=38)
  🗳  Last voters restored (0 IDs)
  👁  Eye state restored
  🔧 Verb registry restored (5 classes, 22 verbs, 0 synonyms)
  🔤 Thesaurus restored (499 words)
  🧠 Lobes restored (7)
  📋 Lobe tables restored (7)
  🌱 Nodes restored (20)
  ⚡ Hopfield cache restored (0 entries)
  ⚙️  Rules restored (0)
  🚫 Inhibitions restored (0)
  💬 Messages restored (38 total, 3 pinned)
  👁  Arousal restored (level=0.3)
  🧬 BrainStem state restored
  🔗 Attachments restored (0)
  🔮 Trajectory restored (0 entries)
  🕐 Temporal coherence restored (0 entries)
  ⏳ Morph cooldowns restored (0 active)
  🛡 Immune system restored (0 signatures, 0 ledger entries)
  🤖 AIML system restored (0 nodes across 6 lobes)
  ✅ Default specimen restored.
    ╔══════════════════════════════════════════════════════════════╗
    ║            🧬 SPECIMEN LOADED SUCCESSFULLY                   ║
    ╠══════════════════════════════════════════════════════════════╣
      📁  File             : /workspace/grugbot420_repo/src/../grug-binary/default.specimen.gz
      📦  Compressed size  : 12556 bytes
      📄  JSON size        : 92213 bytes
  (Set GRUG_NO_AUTOLOAD=1 to skip this on next boot.)
System Online. Grug waiting at cave entrance for instructions.
Primary  : /mission <input>                    (text or image binary)
Feedback : /wrong                              (penalize last response voters)
Explicit : /explicit <cmd> [<node_id>] <input>
Grow     : /grow <lobe_id> <json_packet>      (plant node(s) into a lobe)
         :   • <lobe_id> is required — use `-` for unassigned pool
         :   • Single node: {"pattern":"...","action_packet":"...","data":{...}}
         :   • Multi node:  {"nodes":[{...},{...}]}
         :   • `data.system_prompt` defaults to "Grug speaks plainly." if absent
Rules    : /addRule <rule text> [prob=0.0-1.0]
           Tags: {MISSION}, {PRIMARY_ACTION}, {SURE_ACTIONS}, {UNSURE_ACTIONS},
                 {ALL_ACTIONS}, {CONFIDENCE}, {NODE_ID}, {MEMORY}, {LOBE_CONTEXT}
Memory   : /pin <text>
Nodes    : /nodes                              (show node map status)
Status   : /status                             (show chatter + system status)
Arousal  : /arousal <0.0-1.0>                 (set eye system arousal level)
Verbs    : /addVerb <verb> <class>             (add verb to relation class)
         : /addRelationClass <name>            (create new verb class bucket)
         : /addSynonym <canonical> <alias>     (normalize alias->canonical)
         : /listVerbs                          (show all verb classes + synonyms)
Lobes    : /newLobe <id> <subject>             (create a new subject lobe)
         : /connectLobes <id_a> <id_b>         (connect two lobes)
         : /lobeGrow <lobe_id> <json_packet>   (DEPRECATED — alias for /grow)
         : /lobes                              (list all lobes + node counts)
         : /tableStatus <lobe_id>              (show hash table chunks for a lobe)
         : /tableMatch <lobe_id> <chunk> <pat> (pattern-activate entries in chunk)
Thesaurus: /thesaurus <word1> | <word2>        (compare words/concepts dimensionally)
         : /thesaurus <w1> | <w2> :: <ctx1> :: <ctx2>  (with context lists)
NegThes  : /negativeThesaurus add|remove|list|check|flush
Attach   : /nodeAttach <lobe> <target> <id> <pat> ...  (attach nodes with relational fire patterns)
         : /nodeDetach <lobe> <target> <id>            (detach a node from target)
ImgAttach: /imgnodeAttach <lobe> <tgt> <id> <b64> [w h] (attach image node with SDF-based fire)
         : /imgnodeDetach <lobe> <target> <id>         (detach image node from target)
         : /attachments                         (show all node attachments)
Crystal  : /crystalize <lobe> <target> <attach>        (💎 mark attachment as sticky/user-locked)
         : /decrystalize <lobe> <target> <attach>      (🔓 remove sticky flag, restore coinflip)
Specimen : /saveSpecimen <filepath>            (save full cave state to compressed file)
         : /loadSpecimen <filepath>            (restore full cave state from compressed file)
Help     : /help                               (full command reference)

╔══════════════════════════════════════════════════════════════════╗
║  SPECIMEN SEEDING GUIDE (read before /grow)                     ║
╠══════════════════════════════════════════════════════════════════╣
║  Automatic neighbor latching is SUPPRESSED below 1000 nodes.   ║
║  Below that threshold, YOU control topology via drop_table.     ║
║                                                                  ║
║  For a coherent specimen from the start:                        ║
║  1. Seed ORTHOGONAL archetypes first - distinct semantic poles. ║
║     Don't plant 50 near-identical nodes up front.               ║
║  2. Use required_relations as semantic GATES from day one.      ║
║     Nodes that demand specific verbs won't fire on noise.       ║
║  3. Name action_packets deliberately - distinct action families ║
║     give the superposition orchestrator something to work with. ║
║  4. Wire drop_tables manually for known co-activation pairs.    ║
║     Don't rely on the latch system to discover semantics.       ║
║  5. Your first ~100 nodes are the specimen's DNA.               ║
║     The engine enforces structure at scale (1000+ nodes).       ║
║     You enforce MEANING at the start.                           ║
╚══════════════════════════════════════════════════════════════════╝

Brain > --> Grug thawing specimen from file...
  🧹 Wiping current cave state...
  ✅ Cave wiped clean. Beginning restore...
  🔢 ID counters restored (node=62, msg=128)
  🗳  Last voters restored (0 IDs)
  👁  Eye state restored
  🔧 Verb registry restored (6 classes, 40 verbs, 0 synonyms)
  🔤 Thesaurus restored (499 words)
  🧠 Lobes restored (14)
  📋 Lobe tables restored (14)
  🌱 Nodes restored (62)
  ⚡ Hopfield cache restored (0 entries)
  ⚙️  Rules restored (0)
  🚫 Inhibitions restored (0)
  💬 Messages restored (128 total, 8 pinned)
  👁  Arousal restored (level=0.3)
  🧬 BrainStem state restored
  🔗 Attachments restored (0)
  🗣  Chatter groups restored (42)
  🔮 Trajectory restored (0 entries)
  🕐 Temporal coherence restored (0 entries)
  ⏳ Morph cooldowns restored (0 active)
  🛡 Immune system restored (0 signatures, 0 ledger entries)
  🤖 AIML system restored (0 nodes across 13 lobes)

╔══════════════════════════════════════════════════════════════╗
║            🧬 SPECIMEN LOADED SUCCESSFULLY                   ║
╠══════════════════════════════════════════════════════════════╣
  📁  File             : /workspace/grug_test/kitchen_sink_v15_dense_votes/kitchen_sink.specimen.gz
  📦  Compressed size  : 30847 bytes
  📄  JSON size        : 220540 bytes
  ⏱️   Time             : 0.1s
  ─────────────────────────────────────────────
  🌱  Nodes            : 62
  🧠  Lobes            : 14
  📋  Lobe tables      : 14
  ⚡  Hopfield entries  : 0
  ⚙️   Rules            : 0
  💬  Messages         : 128 (8 pinned)
  🔧  Verb classes     : 6 (40 verbs)
  🔤  Thesaurus words  : 499
  🚫  Inhibitions      : 0
  🔗  Attachments      : 0
  🤖  AIML nodes       : 0 (13 lobes)
  👁   Arousal          : 0.3
  🔢  ID counters      : node=62, msg=128
  ─────────────────────────────────────────────
  🧹  Previous state   : WIPED (full brain transplant)
╚══════════════════════════════════════════════════════════════╝

Brain > === LOBE REGISTRY (14 lobes, 62 nodes indexed) ===
  alert | subject='warn caution notify danger flag' | nodes=5/20000 | fires=0 | inhibits=0 | connected=[survival] | tbl[nodes=5 json=17 drop=9 hopf=0]
  celebration | subject='celebrate joy happy glad cheerful' | nodes=2/20000 | fires=0 | inhibits=0 | connected=[none] | tbl[nodes=2 json=11 drop=6 hopf=0]
  comfort | subject='comfort support validate reassure care' | nodes=7/20000 | fires=0 | inhibits=0 | connected=[greeting] | tbl[nodes=7 json=23 drop=15 hopf=0]
  craft | subject='tool make build hammer carve' | nodes=2/20000 | fires=0 | inhibits=0 | connected=[none] | tbl[nodes=2 json=11 drop=6 hopf=0]
  default | subject='general thinking reasoning conversation greeting' | nodes=3/20000 | fires=0 | inhibits=0 | connected=[none] | tbl[nodes=3 json=0 drop=0 hopf=0]
  explanation | subject='explain clarify describe define teach' | nodes=7/20000 | fires=0 | inhibits=0 | connected=[reasoning] | tbl[nodes=7 json=23 drop=24 hopf=0]
  greeting | subject='hello hi greet welcome conversation' | nodes=6/20000 | fires=0 | inhibits=0 | connected=[comfort] | tbl[nodes=6 json=19 drop=10 hopf=0]
  inquiry | subject='ask question wonder curious learn' | nodes=3/20000 | fires=0 | inhibits=0 | connected=[none] | tbl[nodes=3 json=15 drop=11 hopf=0]
  knowledge | subject='fire water wolf rock food' | nodes=5/20000 | fires=0 | inhibits=0 | connected=[none] | tbl[nodes=5 json=30 drop=24 hopf=0]
  memory | subject='remember recall past history' | nodes=2/20000 | fires=0 | inhibits=0 | connected=[none] | tbl[nodes=2 json=10 drop=6 hopf=0]
  nature | subject='sky river tree wind animal' | nodes=3/20000 | fires=0 | inhibits=0 | connected=[none] | tbl[nodes=3 json=18 drop=11 hopf=0]
  planning | subject='plan strategy goal future intend' | nodes=3/20000 | fires=0 | inhibits=0 | connected=[none] | tbl[nodes=3 json=15 drop=10 hopf=0]
  reasoning | subject='think reason analyze ponder logic' | nodes=7/20000 | fires=0 | inhibits=0 | connected=[explanation] | tbl[nodes=7 json=23 drop=18 hopf=0]
  survival | subject='flee hide fight danger threat' | nodes=7/20000 | fires=0 | inhibits=0 | connected=[alert] | tbl[nodes=7 json=27 drop=15 hopf=0]

Brain > === SEMANTIC VERB REGISTRY ===
  [action]: breaks, burns, hits
  [causal]: burns, causes, contradicts, eats, feeds, hits, increases, leads_to, makes, reduces, routes, triggers
  [emotive]: fears, feels, loves, misses
  [epistemic]: believes, doubts, knows, thinks
  [spatial]: above, are, below, connects, inside, is, near, on, sees, was, were
  [temporal]: after, before, chasing, during, follows, precedes
  (no synonyms registered)

Brain > ╔══════════════════════════════════════════════════╗
║              GRUGBOT SYSTEM STATUS               ║
╠══════════════════════════════════════════════════╣
║  ENGINE                                          ║
  Nodes in cave   : 62
  Hopfield cache  : 0 entries
  Memory messages : 129
  Est. memory use : ~124 KB
  Trajectory buf  : 0 entries
  Temporal coher  : 0 entries
  Morph cooldowns : 0 active
  Current arousal : 0.3
  Last input ago  : 0.0s
║  LOBES                                           ║
  Lobes registered: 14
  Nodes in lobes  : 62
  Top lobe (fires): explanation (0 fires)
║  BRAINSTEM                                       ║
  Dispatches run  : 0
  Last winner     : none
  Propagations    : 0
  Is dispatching  : false
║  CHATTER                                         ║
  Chatter running : false
  Input queue     : 0 pending
  Sessions run    : 0
║  AIML NODE TRIBES                                ║
=== AIML NODE TRIBES (cycle=0) ===
  alert | pop=0/6666 | live=0 | grave=0
  celebration | pop=0/6666 | live=0 | grave=0
  comfort | pop=0/6666 | live=0 | grave=0
  craft | pop=0/6666 | live=0 | grave=0
  explanation | pop=0/6666 | live=0 | grave=0
  greeting | pop=0/6666 | live=0 | grave=0
  inquiry | pop=0/6666 | live=0 | grave=0
  knowledge | pop=0/6666 | live=0 | grave=0
  memory | pop=0/6666 | live=0 | grave=0
  nature | pop=0/6666 | live=0 | grave=0
  planning | pop=0/6666 | live=0 | grave=0
  reasoning | pop=0/6666 | live=0 | grave=0
  survival | pop=0/6666 | live=0 | grave=0
╚══════════════════════════════════════════════════╝

Brain > 👁  Arousal set to 0.3. Eye system updated.

Brain > 
🔍 THESAURUS COMPARISON
  Input 1  : "happy"  → seeds: cheerful, content, delighted, elated
  Input 2  : "sad"  → seeds: dejected, downcast, gloomy, melancholy
  Type     : word-word
  ─────────────────────────────
  Overall  : 0.0%  [NEGLIGIBLE]
  Semantic : 0.0%
  Context  : 50.0%
  Assoc    : 0.0%
  Confid.  : 90.0%


Brain > 
🔍 THESAURUS COMPARISON
  Input 1  : "tool"
  Input 2  : "weapon"
  Type     : word-word
  ─────────────────────────────
  Overall  : 0.0%  [NEGLIGIBLE]
  Semantic : 0.0%
  Context  : 50.0%
  Assoc    : 0.0%
  Confid.  : 90.0%


Brain > 
🔍 THESAURUS COMPARISON
  Input 1  : "quick"  → seeds: brisk, fast, hasty, rapid
  Input 2  : "swift"  → seeds: brisk, fast, hasty, quick
  Type     : word-word
  ─────────────────────────────
  Overall  : 95.0%  [IDENTICAL]
  Semantic : 95.0%
  Context  : 50.0%
  Assoc    : 0.0%
  Confid.  : 90.0%


Brain > [ENGINE] 🔗  Node 'node_4' attached to target 'node_3' with pattern "morning hello" (base_conf=0.383, 1/4 slots used).
🔗 /nodeAttach complete:
   → Attached 'node_4' to 'node_3' with pattern "morning hello" (base_conf=0.383, 1/4)

Brain > [ENGINE] 🔗  Node 'node_5' attached to target 'node_3' with pattern "casual hello" (base_conf=0.05, 2/4 slots used).
🔗 /nodeAttach complete:
   → Attached 'node_5' to 'node_3' with pattern "casual hello" (base_conf=0.05, 2/4)

Brain > [ENGINE] 🔗  Node 'node_7' attached to target 'node_6' with pattern "why think" (base_conf=0.55, 1/4 slots used).
🔗 /nodeAttach complete:
   → Attached 'node_7' to 'node_6' with pattern "why think" (base_conf=0.55, 1/4)

Brain > [ENGINE] 🔗  Node 'node_8' attached to target 'node_6' with pattern "think mechanism" (base_conf=0.05, 2/4 slots used).
🔗 /nodeAttach complete:
   → Attached 'node_8' to 'node_6' with pattern "think mechanism" (base_conf=0.05, 2/4)

Brain > [ENGINE] 🔗  Node 'node_11' attached to target 'node_10' with pattern "danger run" (base_conf=0.05, 1/4 slots used).
🔗 /nodeAttach complete:
   → Attached 'node_11' to 'node_10' with pattern "danger run" (base_conf=0.05, 1/4)

Brain > !!! SYSTEM ERROR: ErrorException("!!! FATAL: /nodeAttach: node 'node_12' is not a member of lobe 'survival'. Lobe members: [node_10, node_11, node_32, node_33, node_34, node_35, node_9]. !!!") !!!

Stacktrace:
 [1] error(s::String)
   @ Base ./error.jl:35
 [2] _assert_node_in_lobe(lobe_id::String, node_id::String, cmd::String)
   @ Main /workspace/grugbot420_repo/src/Main.jl:4599
 [3] run_cli()
   @ Main /workspace/grugbot420_repo/src/Main.jl:5594
 [4] top-level scope
   @ /workspace/grugbot420_repo/src/Main.jl:5758
 [5] include(mod::Module, _path::String)
   @ Base ./Base.jl:495
 [6] exec_options(opts::Base.JLOptions)
   @ Base ./client.jl:318
 [7] _start()
   @ Base ./client.jl:552

Brain > !!! SYSTEM ERROR: ErrorException("!!! FATAL: /nodeAttach: node 'node_18' is not a member of lobe 'comfort'. Lobe members: [node_15, node_16, node_17, node_40, node_41, node_42, node_43]. !!!") !!!

Stacktrace:
 [1] error(s::String)
   @ Base ./error.jl:35
 [2] _assert_node_in_lobe(lobe_id::String, node_id::String, cmd::String)
   @ Main /workspace/grugbot420_repo/src/Main.jl:4599
 [3] run_cli()
   @ Main /workspace/grugbot420_repo/src/Main.jl:5575
 [4] top-level scope
   @ /workspace/grugbot420_repo/src/Main.jl:5758
 [5] include(mod::Module, _path::String)
   @ Base ./Base.jl:495
 [6] exec_options(opts::Base.JLOptions)
   @ Base ./client.jl:318
 [7] _start()
   @ Base ./client.jl:552

Brain > !!! SYSTEM ERROR: ErrorException("!!! FATAL: /nodeAttach: node 'node_18' is not a member of lobe 'comfort'. Lobe members: [node_15, node_16, node_17, node_40, node_41, node_42, node_43]. !!!") !!!

Stacktrace:
 [1] error(s::String)
   @ Base ./error.jl:35
 [2] _assert_node_in_lobe(lobe_id::String, node_id::String, cmd::String)
   @ Main /workspace/grugbot420_repo/src/Main.jl:4599
 [3] run_cli()
   @ Main /workspace/grugbot420_repo/src/Main.jl:5575
 [4] top-level scope
   @ /workspace/grugbot420_repo/src/Main.jl:5758
 [5] include(mod::Module, _path::String)
   @ Base ./Base.jl:495
 [6] exec_options(opts::Base.JLOptions)
   @ Base ./client.jl:318
 [7] _start()
   @ Base ./client.jl:552

Brain > !!! SYSTEM ERROR: ErrorException("!!! FATAL: /nodeAttach: node 'node_18' is not a member of lobe 'comfort'. Lobe members: [node_15, node_16, node_17, node_40, node_41, node_42, node_43]. !!!") !!!

Stacktrace:
 [1] error(s::String)
   @ Base ./error.jl:35
 [2] _assert_node_in_lobe(lobe_id::String, node_id::String, cmd::String)
   @ Main /workspace/grugbot420_repo/src/Main.jl:4599
 [3] run_cli()
   @ Main /workspace/grugbot420_repo/src/Main.jl:5575
 [4] top-level scope
   @ /workspace/grugbot420_repo/src/Main.jl:5758
 [5] include(mod::Module, _path::String)
   @ Base ./Base.jl:495
 [6] exec_options(opts::Base.JLOptions)
   @ Base ./client.jl:318
 [7] _start()
   @ Base ./client.jl:552

Brain > !!! SYSTEM ERROR: ErrorException("!!! FATAL: /nodeAttach: node 'node_33' is not a member of lobe 'planning'. Lobe members: [node_47, node_48, node_49]. !!!") !!!

Stacktrace:
 [1] error(s::String)
   @ Base ./error.jl:35
 [2] _assert_node_in_lobe(lobe_id::String, node_id::String, cmd::String)
   @ Main /workspace/grugbot420_repo/src/Main.jl:4599
 [3] run_cli()
   @ Main /workspace/grugbot420_repo/src/Main.jl:5575
 [4] top-level scope
   @ /workspace/grugbot420_repo/src/Main.jl:5758
 [5] include(mod::Module, _path::String)
   @ Base ./Base.jl:495
 [6] exec_options(opts::Base.JLOptions)
   @ Base ./client.jl:318
 [7] _start()
   @ Base ./client.jl:552

Brain > !!! SYSTEM ERROR: ErrorException("!!! FATAL: /nodeAttach: node 'node_33' is not a member of lobe 'planning'. Lobe members: [node_47, node_48, node_49]. !!!") !!!

Stacktrace:
 [1] error(s::String)
   @ Base ./error.jl:35
 [2] _assert_node_in_lobe(lobe_id::String, node_id::String, cmd::String)
   @ Main /workspace/grugbot420_repo/src/Main.jl:4599
 [3] run_cli()
   @ Main /workspace/grugbot420_repo/src/Main.jl:5575
 [4] top-level scope
   @ /workspace/grugbot420_repo/src/Main.jl:5758
 [5] include(mod::Module, _path::String)
   @ Base ./Base.jl:495
 [6] exec_options(opts::Base.JLOptions)
   @ Base ./client.jl:318
 [7] _start()
   @ Base ./client.jl:552

Brain > !!! SYSTEM ERROR: ErrorException("!!! FATAL: /nodeAttach: node 'node_36' is not a member of lobe 'nature'. Lobe members: [node_52, node_53, node_54]. !!!") !!!

Stacktrace:
 [1] error(s::String)
   @ Base ./error.jl:35
 [2] _assert_node_in_lobe(lobe_id::String, node_id::String, cmd::String)
   @ Main /workspace/grugbot420_repo/src/Main.jl:4599
 [3] run_cli()
   @ Main /workspace/grugbot420_repo/src/Main.jl:5575
 [4] top-level scope
   @ /workspace/grugbot420_repo/src/Main.jl:5758
 [5] include(mod::Module, _path::String)
   @ Base ./Base.jl:495
 [6] exec_options(opts::Base.JLOptions)
   @ Base ./client.jl:318
 [7] _start()
   @ Base ./client.jl:552

Brain > !!! SYSTEM ERROR: ErrorException("!!! FATAL: /nodeAttach: node 'node_39' is not a member of lobe 'craft'. Lobe members: [node_55, node_56]. !!!") !!!

Stacktrace:
 [1] error(s::String)
   @ Base ./error.jl:35
 [2] _assert_node_in_lobe(lobe_id::String, node_id::String, cmd::String)
   @ Main /workspace/grugbot420_repo/src/Main.jl:4599
 [3] run_cli()
   @ Main /workspace/grugbot420_repo/src/Main.jl:5575
 [4] top-level scope
   @ /workspace/grugbot420_repo/src/Main.jl:5758
 [5] include(mod::Module, _path::String)
   @ Base ./Base.jl:495
 [6] exec_options(opts::Base.JLOptions)
   @ Base ./client.jl:318
 [7] _start()
   @ Base ./client.jl:552

Brain > === ATTACHMENT MAP (3 targets with attachments) ===
  🎯 node_10 (1/4 attached):
      🔗 node_11 [ALIVE str=1.0] | base_conf=0.05 | connector="danger run"
  🎯 node_3 (2/4 attached):
      🔗 node_4 [ALIVE str=1.0] | base_conf=0.383 | connector="morning hello"
      🔗 node_5 [ALIVE str=1.0] | base_conf=0.05 | connector="casual hello"
  🎯 node_6 (2/4 attached):
      🔗 node_7 [ALIVE str=1.0] | base_conf=0.55 | connector="why think"
      🔗 node_8 [ALIVE str=1.0] | base_conf=0.05 | connector="think mechanism"

Brain > !!! SYSTEM ERROR: ErrorException("!!! FATAL: /crystalize: node 'node_18' is not a member of lobe 'comfort'. Lobe members: [node_15, node_16, node_17, node_40, node_41, node_42, node_43]. !!!") !!!

Stacktrace:
 [1] error(s::String)
   @ Base ./error.jl:35
 [2] _assert_node_in_lobe(lobe_id::String, node_id::String, cmd::String)
   @ Main /workspace/grugbot420_repo/src/Main.jl:4599
 [3] run_cli()
   @ Main /workspace/grugbot420_repo/src/Main.jl:5725
 [4] top-level scope
   @ /workspace/grugbot420_repo/src/Main.jl:5758
 [5] include(mod::Module, _path::String)
   @ Base ./Base.jl:495
 [6] exec_options(opts::Base.JLOptions)
   @ Base ./client.jl:318
 [7] _start()
   @ Base ./client.jl:552

Brain > !!! SYSTEM ERROR: ErrorException("!!! FATAL: /crystalize: node 'node_12' is not a member of lobe 'survival'. Lobe members: [node_10, node_11, node_32, node_33, node_34, node_35, node_9]. !!!") !!!

Stacktrace:
 [1] error(s::String)
   @ Base ./error.jl:35
 [2] _assert_node_in_lobe(lobe_id::String, node_id::String, cmd::String)
   @ Main /workspace/grugbot420_repo/src/Main.jl:4599
 [3] run_cli()
   @ Main /workspace/grugbot420_repo/src/Main.jl:5726
 [4] top-level scope
   @ /workspace/grugbot420_repo/src/Main.jl:5758
 [5] include(mod::Module, _path::String)
   @ Base ./Base.jl:495
 [6] exec_options(opts::Base.JLOptions)
   @ Base ./client.jl:318
 [7] _start()
   @ Base ./client.jl:552

Brain > !!! SYSTEM ERROR: ErrorException("!!! FATAL: /crystalize: node 'node_39' is not a member of lobe 'craft'. Lobe members: [node_55, node_56]. !!!") !!!

Stacktrace:
 [1] error(s::String)
   @ Base ./error.jl:35
 [2] _assert_node_in_lobe(lobe_id::String, node_id::String, cmd::String)
   @ Main /workspace/grugbot420_repo/src/Main.jl:4599
 [3] run_cli()
   @ Main /workspace/grugbot420_repo/src/Main.jl:5725
 [4] top-level scope
   @ /workspace/grugbot420_repo/src/Main.jl:5758
 [5] include(mod::Module, _path::String)
   @ Base ./Base.jl:495
 [6] exec_options(opts::Base.JLOptions)
   @ Base ./client.jl:318
 [7] _start()
   @ Base ./client.jl:552

Brain > === ATTACHMENT MAP (3 targets with attachments) ===
  🎯 node_10 (1/4 attached):
      🔗 node_11 [ALIVE str=1.0] | base_conf=0.05 | connector="danger run"
  🎯 node_3 (2/4 attached):
      🔗 node_4 [ALIVE str=1.0] | base_conf=0.383 | connector="morning hello"
      🔗 node_5 [ALIVE str=1.0] | base_conf=0.05 | connector="casual hello"
  🎯 node_6 (2/4 attached):
      🔗 node_7 [ALIVE str=1.0] | base_conf=0.55 | connector="why think"
      🔗 node_8 [ALIVE str=1.0] | base_conf=0.05 | connector="think mechanism"

Brain > --> Scanning specimens & looking for dialectical relations...
[ENGINE] ⚡  Attachment relay: 'node_5' fired via target 'node_3' (conf=0.1, connector="casual hello")
[ENGINE] 🔗  Attachment relay pass added 1 node(s) to expanded set.
[ORCHESTRATOR] 🎯 Lobe Curve (base × top = score):
  👑 greeting: base=0.475 × top=0.662 = 0.4403 [hard_votes=2]
  · default: base=0.521 × top=0.521 = 0.2718 [hard_votes=1]
--> 3 valid votes passed gate... compiling JIT superposition...
[ENGINE] 🐢  Node node_3 marked [GRAVED-SLOW] (avg: 5.34s > 5.0s).
[ENGINE] 🐢  Node node_20 marked [GRAVED-SLOW] (avg: 5.34s > 5.0s).
[ENGINE] 🐢  Node node_5 marked [GRAVED-SLOW] (avg: 5.34s > 5.0s).

🤖 AIML Output Scaffold:
[Grug greet warm] Let me think with you. Be polite, brief..
--- DEBUG TELEMETRY (orchestration internals, not for speech) ---
Mission: 'hello'
Primary Action: greet  (conf=0.66, certainty=UNSURE)
Sure Actions: [greet, smile]
Unsure Actions (Coinflip Side-Features): [None]
Constraints: [None]
Winning Node: node_3
Lobe Context: [greeting (6/6 active (hello hi | good morning | howdy))]
User Triples: None
Node Triples: None
Anti-Match Detected: false
Tied Alternatives (not selected):
  🪨 node_20 | action=smile | conf=0.66 | relations=None
AIML Memory Bank:
Deep Memory (Pinned): [User_Pinned]: Grug speak plain. Grug not pretend smart. | [User_Pinned]: Many rocks compete. Loudest rock get to talk. | [User_Pinned]: Grug listen first, talk second. | [User_Pinned]: Grug speak plain. Grug not pretend smart. | [User_Pinned]: Many rocks compete. Loudest rock get to talk. | [User_Pinned]: Grug listen first, talk second. | [User_Pinned]: Tribe stronger than lone hunter. | [User_Pinned]: Hot rock burn. Soft skin remember.
Fresh Memory [threshold=0.67 eligible=6] (Recent): [System]: /grow knowledge [JSON MAP PACKET] (intensity=0.67) | [System]: /nodeAttach: Attached 'node_4' to 'node_3' with pattern "morning hello" (base_conf=0.383, 1/4) (intensity=0.7)
Memory-Pull Policy: pull_fresh=true — vote certainty=UNSURE — context helps disambiguate
Lobe Curve (base × top = score):
  👑 greeting: base=0.475 × top=0.662 = 0.4403 [hard_votes=2]
  · default: base=0.521 × top=0.521 = 0.2718 [hard_votes=1]
=========================================

Brain > [ENGINE] ✅ /right: contributors=2 rewarded=0 double_skip=0 coinflip_miss=0 grave_skip=2
✅ /right applied. 2 contributor(s) processed: 0 rewarded, 0 skipped (already gained), 0 missed coinflip.
   ↳ context intensity nudged up on 10 message(s) used last cycle.

Brain > --> Scanning specimens & looking for dialectical relations...
[ORCHESTRATOR] 🎯 Lobe Curve (base × top = score):
  👑 default: base=0.519 × top=0.519 = 0.2697 [hard_votes=1]
--> 1 valid votes passed gate... compiling JIT superposition...

🤖 AIML Output Scaffold:
[Highly polite greeting protocols active] Let me think with you. hello hi greeting mornin.
--- DEBUG TELEMETRY (orchestration internals, not for speech) ---
Mission: 'hello'
Primary Action: welcome  (conf=0.52, certainty=SURE)
Sure Actions: [welcome]
Unsure Actions (Coinflip Side-Features): [None]
Constraints: [dont frown, dont insult, dont be rude]
Winning Node: node_0
Lobe Context: [default (3/3 active (hello hi greeting mornin | think ponder reason calculate | grug hits rock and makes fire))]
User Triples: None
Node Triples: None
Anti-Match Detected: false
AIML Memory Bank:
Deep Memory (Pinned): [User_Pinned]: Grug speak plain. Grug not pretend smart. | [User_Pinned]: Many rocks compete. Loudest rock get to talk. | [User_Pinned]: Grug listen first, talk second. | [User_Pinned]: Grug speak plain. Grug not pretend smart. | [User_Pinned]: Many rocks compete. Loudest rock get to talk. | [User_Pinned]: Grug listen first, talk second. | [User_Pinned]: Tribe stronger than lone hunter. | [User_Pinned]: Hot rock burn. Soft skin remember.
Fresh Memory [threshold=0.75 eligible=5] (Recent): [System]: Mission "hello" → primary=greet conf=0.66 node=node_3 (intensity=0.78)
Memory-Pull Policy: pull_fresh=false — SURE vote (conf=0.52) and no winning node requested context — fresh memory withheld
Lobe Curve (base × top = score):
  👑 default: base=0.519 × top=0.519 = 0.2697 [hard_votes=1]
=========================================

Brain > --> Scanning specimens & looking for dialectical relations...
[ORCHESTRATOR] 🎯 Lobe Curve (base × top = score):
  👑 default: base=0.52 × top=0.52 = 0.2706 [hard_votes=1]
--> 1 valid votes passed gate... compiling JIT superposition...

🤖 AIML Output Scaffold:
[Highly polite greeting protocols active] Let me think with you. hello hi greeting mornin.
--- DEBUG TELEMETRY (orchestration internals, not for speech) ---
Mission: 'hello'
Primary Action: greet  (conf=0.52, certainty=SURE)
Sure Actions: [greet]
Unsure Actions (Coinflip Side-Features): [None]
Constraints: [dont frown, dont insult, dont be rude]
Winning Node: node_0
Lobe Context: [default (3/3 active (hello hi greeting mornin | think ponder reason calculate | grug hits rock and makes fire))]
User Triples: None
Node Triples: None
Anti-Match Detected: false
AIML Memory Bank:
Deep Memory (Pinned): [User_Pinned]: Grug speak plain. Grug not pretend smart. | [User_Pinned]: Many rocks compete. Loudest rock get to talk. | [User_Pinned]: Grug listen first, talk second. | [User_Pinned]: Grug speak plain. Grug not pretend smart. | [User_Pinned]: Many rocks compete. Loudest rock get to talk. | [User_Pinned]: Grug listen first, talk second. | [User_Pinned]: Tribe stronger than lone hunter. | [User_Pinned]: Hot rock burn. Soft skin remember.
Fresh Memory [threshold=0.38 eligible=8] (Recent): [User]: hello (intensity=1.58) | [User]: hello (intensity=1.41) | [User]: hello (intensity=1.29)
Memory-Pull Policy: pull_fresh=false — SURE vote (conf=0.52) and no winning node requested context — fresh memory withheld
Lobe Curve (base × top = score):
  👑 default: base=0.52 × top=0.52 = 0.2706 [hard_votes=1]
=========================================

Brain > [ENGINE] ✅ /right: contributors=1 rewarded=1 double_skip=0 coinflip_miss=0 grave_skip=0
✅ /right applied. 1 contributor(s) processed: 1 rewarded, 0 skipped (already gained), 0 missed coinflip.
   ↳ context intensity nudged up on 11 message(s) used last cycle.

Brain > --> Scanning specimens & looking for dialectical relations...
[ORCHESTRATOR] 🎯 Lobe Curve (base × top = score):
  👑 greeting: base=1.114 × top=1.333 = 1.7762 [hard_votes=2]
  · comfort: base=0.446 × top=0.446 = 0.1987 [hard_votes=0]
--> 2 valid votes passed gate... compiling JIT superposition...

🤖 AIML Output Scaffold:
[Grug greet morning] Tribe gather and sun is up.
--- DEBUG TELEMETRY (orchestration internals, not for speech) ---
Mission: 'good morning'
Primary Action: sun is up and tribe gather  (conf=1.33, certainty=SURE)
Sure Actions: [sun is up and tribe gather]
Unsure Actions (Coinflip Side-Features): [None]
Constraints: [None]
Winning Node: node_21
Lobe Context: [greeting (6/6 active (hello hi | good morning | howdy))]
User Triples: None
Node Triples: None
Anti-Match Detected: false
AIML Memory Bank:
Deep Memory (Pinned): [User_Pinned]: Grug speak plain. Grug not pretend smart. | [User_Pinned]: Many rocks compete. Loudest rock get to talk. | [User_Pinned]: Grug listen first, talk second. | [User_Pinned]: Grug speak plain. Grug not pretend smart. | [User_Pinned]: Many rocks compete. Loudest rock get to talk. | [User_Pinned]: Grug listen first, talk second. | [User_Pinned]: Tribe stronger than lone hunter. | [User_Pinned]: Hot rock burn. Soft skin remember.
Fresh Memory [threshold=0.38 eligible=8] (Recent): [User]: hello (intensity=1.17)
Memory-Pull Policy: pull_fresh=false — SURE vote (conf=1.33) and no winning node requested context — fresh memory withheld
Lobe Curve (base × top = score):
  👑 greeting: base=1.114 × top=1.333 = 1.7762 [hard_votes=2]
  · comfort: base=0.446 × top=0.446 = 0.1987 [hard_votes=0]
=========================================

Brain > [ENGINE] ✅ /right: contributors=1 rewarded=1 double_skip=0 coinflip_miss=0 grave_skip=0
✅ /right applied. 1 contributor(s) processed: 1 rewarded, 0 skipped (already gained), 0 missed coinflip.
   ↳ context intensity nudged up on 9 message(s) used last cycle.

Brain > --> Scanning specimens & looking for dialectical relations...
[ORCHESTRATOR] 🎯 Lobe Curve (base × top = score):
  👑 greeting: base=0.661 × top=0.661 = 0.4365 [hard_votes=1]
--> 1 valid votes passed gate... compiling JIT superposition...

🤖 AIML Output Scaffold:
[Grug greet casual] Here is the picture: the friend.
--- DEBUG TELEMETRY (orchestration internals, not for speech) ---
Mission: 'howdy partner'
Primary Action: laugh  (conf=0.66, certainty=SURE)
Sure Actions: [laugh]
Unsure Actions (Coinflip Side-Features): [None]
Constraints: [None]
Winning Node: node_22
Lobe Context: [greeting (6/6 active (hello hi | good morning | howdy))]
User Triples: None
Node Triples: None
Anti-Match Detected: false
AIML Memory Bank:
Deep Memory (Pinned): [User_Pinned]: Grug speak plain. Grug not pretend smart. | [User_Pinned]: Many rocks compete. Loudest rock get to talk. | [User_Pinned]: Grug listen first, talk second. | [User_Pinned]: Grug speak plain. Grug not pretend smart. | [User_Pinned]: Many rocks compete. Loudest rock get to talk. | [User_Pinned]: Grug listen first, talk second. | [User_Pinned]: Tribe stronger than lone hunter. | [User_Pinned]: Hot rock burn. Soft skin remember.
Fresh Memory [threshold=0.75 eligible=5] (Recent): No recent sounds
Memory-Pull Policy: pull_fresh=false — SURE vote (conf=0.66) and no winning node requested context — fresh memory withheld
Lobe Curve (base × top = score):
  👑 greeting: base=0.661 × top=0.661 = 0.4365 [hard_votes=1]
=========================================

Brain > --> Scanning specimens & looking for dialectical relations...
[ORCHESTRATOR] 🎯 Lobe Curve (base × top = score):
  👑 explanation: base=0.785 × top=0.928 = 0.861 [hard_votes=2]
  · knowledge: base=0.643 × top=0.643 = 0.413 [hard_votes=1]
  · default: base=0.557 × top=0.557 = 0.31 [hard_votes=1]
  · celebration: base=0.306 × top=0.306 = 0.0937 [hard_votes=0]
  · survival: base=0.306 × top=0.306 = 0.0937 [hard_votes=0]
  · planning: base=0.306 × top=0.306 = 0.0937 [hard_votes=0]
--> 2 valid votes passed gate... compiling JIT superposition...

🤖 AIML Output Scaffold:
[Grug explain plain] Here is the picture: No big words..
--- DEBUG TELEMETRY (orchestration internals, not for speech) ---
Mission: 'what is fire'
Primary Action: describe  (conf=0.93, certainty=SURE)
Sure Actions: [describe]
Unsure Actions (Coinflip Side-Features): [name come last after we feel it]
Constraints: [None]
Winning Node: node_12
Lobe Context: [explanation (7/7 active (define | what is | define))]
User Triples: (what, is, fire)
Node Triples: None
Anti-Match Detected: false
Other Possibilities (strong but not winners):
  🔸 node_36 | action=name come last after we feel it | conf=0.64 | relations=None
AIML Memory Bank:
Deep Memory (Pinned): [User_Pinned]: Grug speak plain. Grug not pretend smart. | [User_Pinned]: Many rocks compete. Loudest rock get to talk. | [User_Pinned]: Grug listen first, talk second. | [User_Pinned]: Grug speak plain. Grug not pretend smart. | [User_Pinned]: Many rocks compete. Loudest rock get to talk. | [User_Pinned]: Grug listen first, talk second. | [User_Pinned]: Tribe stronger than lone hunter. | [User_Pinned]: Hot rock burn. Soft skin remember.
Fresh Memory [threshold=0.38 eligible=8] (Recent): [User]: hello (intensity=0.52)
Memory-Pull Policy: pull_fresh=false — SURE vote (conf=0.93) and no winning node requested context — fresh memory withheld
Lobe Curve (base × top = score):
  👑 explanation: base=0.785 × top=0.928 = 0.861 [hard_votes=2]
  · knowledge: base=0.643 × top=0.643 = 0.413 [hard_votes=1]
  · default: base=0.557 × top=0.557 = 0.31 [hard_votes=1]
  · celebration: base=0.306 × top=0.306 = 0.0937 [hard_votes=0]
  · survival: base=0.306 × top=0.306 = 0.0937 [hard_votes=0]
  · planning: base=0.306 × top=0.306 = 0.0937 [hard_votes=0]
=========================================

Brain > [ENGINE] ✅ /right: contributors=2 rewarded=2 double_skip=0 coinflip_miss=0 grave_skip=0
✅ /right applied. 2 contributor(s) processed: 2 rewarded, 0 skipped (already gained), 0 missed coinflip.
   ↳ context intensity nudged up on 9 message(s) used last cycle.

Brain > --> Scanning specimens & looking for dialectical relations...
[ENGINE] ⚡  Attachment relay: 'node_8' fired via target 'node_6' (conf=0.1, connector="think mechanism")
[ENGINE] 🔗  Attachment relay pass added 1 node(s) to expanded set.
[ORCHESTRATOR] 🎯 Lobe Curve (base × top = score):
  👑 explanation: base=0.671 × top=0.79 = 0.6244 [hard_votes=2]
  · reasoning: base=0.22 × top=0.28 = 0.1096 [hard_votes=0]
--> 2 valid votes passed gate... compiling JIT superposition...

🤖 AIML Output Scaffold:
[Grug share what grug know] Here is the picture: tell me. Pinned note: Many rocks compete. Loudest rock get to talk.
--- DEBUG TELEMETRY (orchestration internals, not for speech) ---
Mission: 'tell me about rocks'
Primary Action: describe  (conf=0.79, certainty=SURE)
Sure Actions: [describe]
Unsure Actions (Coinflip Side-Features): [listen first the words come after]
Constraints: [None]
Winning Node: node_13
Lobe Context: [explanation (7/7 active (define | what is | define))]
User Triples: None
Node Triples: None
Anti-Match Detected: false
Other Possibilities (strong but not winners):
  🔸 node_37 | action=listen first the words come after | conf=0.55 | relations=None
AIML Memory Bank:
Deep Memory (Pinned): [User_Pinned]: Grug speak plain. Grug not pretend smart. | [User_Pinned]: Many rocks compete. Loudest rock get to talk. | [User_Pinned]: Grug listen first, talk second. | [User_Pinned]: Grug speak plain. Grug not pretend smart. | [User_Pinned]: Many rocks compete. Loudest rock get to talk. | [User_Pinned]: Grug listen first, talk second. | [User_Pinned]: Tribe stronger than lone hunter. | [User_Pinned]: Hot rock burn. Soft skin remember.
Fresh Memory [threshold=0.38 eligible=7] (Recent): [User]: howdy partner (intensity=0.55) | [User]: what is fire (intensity=1.09)
Memory-Pull Policy: pull_fresh=false — SURE vote (conf=0.79) and no winning node requested context — fresh memory withheld
Lobe Curve (base × top = score):
  👑 explanation: base=0.671 × top=0.79 = 0.6244 [hard_votes=2]
  · reasoning: base=0.22 × top=0.28 = 0.1096 [hard_votes=0]
=========================================

Brain > --> Scanning specimens & looking for dialectical relations...
[ORCHESTRATOR] 🎯 Lobe Curve (base × top = score):
  👑 reasoning: base=0.671 × top=0.792 = 0.6273 [hard_votes=2]
  · knowledge: base=0.551 × top=0.551 = 0.3033 [hard_votes=1]
  · default: base=0.475 × top=0.475 = 0.2258 [hard_votes=0]
  · celebration: base=0.309 × top=0.309 = 0.0954 [hard_votes=0]
  · survival: base=0.229 × top=0.229 = 0.0527 [hard_votes=0]
--> 2 valid votes passed gate... compiling JIT superposition...

🤖 AIML Output Scaffold:
[Grug seek cause] Here is the picture: Trace from outcome to source.. Pinned note: Hot rock burn. Soft skin remember.
--- DEBUG TELEMETRY (orchestration internals, not for speech) ---
Mission: 'why does fire burn'
Primary Action: reason  (conf=0.79, certainty=SURE)
Sure Actions: [reason]
Unsure Actions (Coinflip Side-Features): [None]
Constraints: [None]
Winning Node: node_7
Lobe Context: [reasoning (7/7 active (why | calculate | how does))]
User Triples: None
Node Triples: None
Anti-Match Detected: false
AIML Memory Bank:
Deep Memory (Pinned): [User_Pinned]: Grug speak plain. Grug not pretend smart. | [User_Pinned]: Many rocks compete. Loudest rock get to talk. | [User_Pinned]: Grug listen first, talk second. | [User_Pinned]: Grug speak plain. Grug not pretend smart. | [User_Pinned]: Many rocks compete. Loudest rock get to talk. | [User_Pinned]: Grug listen first, talk second. | [User_Pinned]: Tribe stronger than lone hunter. | [User_Pinned]: Hot rock burn. Soft skin remember.
Fresh Memory [threshold=0.38 eligible=6] (Recent): [User]: hello (intensity=0.42)
Memory-Pull Policy: pull_fresh=false — SURE vote (conf=0.79) and no winning node requested context — fresh memory withheld
Lobe Curve (base × top = score):
  👑 reasoning: base=0.671 × top=0.792 = 0.6273 [hard_votes=2]
  · knowledge: base=0.551 × top=0.551 = 0.3033 [hard_votes=1]
  · default: base=0.475 × top=0.475 = 0.2258 [hard_votes=0]
  · celebration: base=0.309 × top=0.309 = 0.0954 [hard_votes=0]
  · survival: base=0.229 × top=0.229 = 0.0527 [hard_votes=0]
=========================================

Brain > [ENGINE] ✅ /right: contributors=1 rewarded=1 double_skip=0 coinflip_miss=0 grave_skip=0
✅ /right applied. 1 contributor(s) processed: 1 rewarded, 0 skipped (already gained), 0 missed coinflip.
   ↳ context intensity nudged up on 9 message(s) used last cycle.

Brain > --> Scanning specimens & looking for dialectical relations...
[ORCHESTRATOR] 🎯 Lobe Curve (base × top = score):
  👑 craft: base=0.553 × top=0.553 = 0.3055 [hard_votes=1]
  · reasoning: base=0.43 × top=0.505 = 0.2551 [hard_votes=1]
  · inquiry: base=0.438 × top=0.438 = 0.1915 [hard_votes=0]
--> 1 valid votes passed gate... compiling JIT superposition...

🤖 AIML Output Scaffold:
[Grug know hammer] Here is the picture: weight in give teach more than ten lessons. The link is clear: hammer shapes wood.
--- DEBUG TELEMETRY (orchestration internals, not for speech) ---
Mission: 'how does a hammer work'
Primary Action: weight in hand teach more than ten lessons  (conf=0.55, certainty=SURE)
Sure Actions: [weight in hand teach more than ten lessons]
Unsure Actions (Coinflip Side-Features): [None]
Constraints: [tired, soft, bone, gentle, ignore, untouched, empty, wordy, abstract, accurate, far, painless]
Winning Node: node_55
Lobe Context: [craft (2/2 active (hammer | make tool))]
User Triples: None
Node Triples: (hammer, strikes, stone), (hammer, shapes, wood)
Anti-Match Detected: false
AIML Memory Bank:
Deep Memory (Pinned): [User_Pinned]: Grug speak plain. Grug not pretend smart. | [User_Pinned]: Many rocks compete. Loudest rock get to talk. | [User_Pinned]: Grug listen first, talk second. | [User_Pinned]: Grug speak plain. Grug not pretend smart. | [User_Pinned]: Many rocks compete. Loudest rock get to talk. | [User_Pinned]: Grug listen first, talk second. | [User_Pinned]: Tribe stronger than lone hunter. | [User_Pinned]: Hot rock burn. Soft skin remember.
Fresh Memory [threshold=0.38 eligible=7] (Recent): [System]: Mission "why does fire burn" → primary=reason conf=0.79 node=node_7 (intensity=0.71)
Memory-Pull Policy: pull_fresh=false — SURE vote (conf=0.55) and no winning node requested context — fresh memory withheld
Lobe Curve (base × top = score):
  👑 craft: base=0.553 × top=0.553 = 0.3055 [hard_votes=1]
  · reasoning: base=0.43 × top=0.505 = 0.2551 [hard_votes=1]
  · inquiry: base=0.438 × top=0.438 = 0.1915 [hard_votes=0]
=========================================

Brain > --> Scanning specimens & looking for dialectical relations...
[ORCHESTRATOR] 🎯 Lobe Curve (base × top = score):
  👑 explanation: base=0.614 × top=0.721 = 0.5203 [hard_votes=2]
  · planning: base=0.184 × top=0.184 = 0.0339 [hard_votes=0]
--> 2 valid votes passed gate... compiling JIT superposition...

🤖 AIML Output Scaffold:
[Grug explain plain] Here is the picture: No gigantic words..
--- DEBUG TELEMETRY (orchestration internals, not for speech) ---
Mission: 'what causes the storm to rumble'
Primary Action: describe  (conf=0.72, certainty=SURE)
Sure Actions: [describe]
Unsure Actions (Coinflip Side-Features): [None]
Constraints: [None]
Winning Node: node_12
Lobe Context: [explanation (7/7 active (define | what is | define))]
User Triples: (what, causes, the)
Node Triples: None
Anti-Match Detected: false
AIML Memory Bank:
Deep Memory (Pinned): [User_Pinned]: Grug speak plain. Grug not pretend smart. | [User_Pinned]: Many rocks compete. Loudest rock get to talk. | [User_Pinned]: Grug listen first, talk second. | [User_Pinned]: Grug speak plain. Grug not pretend smart. | [User_Pinned]: Many rocks compete. Loudest rock get to talk. | [User_Pinned]: Grug listen first, talk second. | [User_Pinned]: Tribe stronger than lone hunter. | [User_Pinned]: Hot rock burn. Soft skin remember.
Fresh Memory [threshold=0.38 eligible=7] (Recent): [System]: Mission "how does a hammer work" → primary=weight in hand teach more than ten lessons conf=0.55 node=node_55 (intensity=0.65)
Memory-Pull Policy: pull_fresh=false — SURE vote (conf=0.72) and no winning node requested context — fresh memory withheld
Lobe Curve (base × top = score):
  👑 explanation: base=0.614 × top=0.721 = 0.5203 [hard_votes=2]
  · planning: base=0.184 × top=0.184 = 0.0339 [hard_votes=0]
=========================================

Brain > --> Scanning specimens & looking for dialectical relations...
[ORCHESTRATOR] 🎯 Lobe Curve (base × top = score):
  👑 survival: base=0.594 × top=0.595 = 0.3538 [hard_votes=2]
--> 2 valid votes passed gate... compiling JIT superposition...

🤖 AIML Output Scaffold:
[Grug see threat] the threat.
--- DEBUG TELEMETRY (orchestration internals, not for speech) ---
Mission: 'danger ahead'
Primary Action: alert  (conf=0.59, certainty=SURE)
Sure Actions: [alert]
Unsure Actions (Coinflip Side-Features): [warn]
Constraints: [dont downplay, dont delay]
Winning Node: node_32
Lobe Context: [survival (7/7 active (fire burns | run | fire burns))]
User Triples: None
Node Triples: (danger, causes, harm), (predator, threatens, tribe)
Anti-Match Detected: false
Other Possibilities (strong but not winners):
  🔸 node_9 | action=warn | conf=0.59 | relations=None
AIML Memory Bank:
Deep Memory (Pinned): [User_Pinned]: Grug speak plain. Grug not pretend smart. | [User_Pinned]: Many rocks compete. Loudest rock get to talk. | [User_Pinned]: Grug listen first, talk second. | [User_Pinned]: Grug speak plain. Grug not pretend smart. | [User_Pinned]: Many rocks compete. Loudest rock get to talk. | [User_Pinned]: Grug listen first, talk second. | [User_Pinned]: Tribe stronger than lone hunter. | [User_Pinned]: Hot rock burn. Soft skin remember.
Fresh Memory [threshold=0.38 eligible=6] (Recent): [User]: danger ahead (intensity=1.24)
Memory-Pull Policy: pull_fresh=false — SURE vote (conf=0.59) and no winning node requested context — fresh memory withheld
Lobe Curve (base × top = score):
  👑 survival: base=0.594 × top=0.595 = 0.3538 [hard_votes=2]
=========================================

Brain > [ENGINE] ✅ /right: contributors=2 rewarded=1 double_skip=0 coinflip_miss=1 grave_skip=0
✅ /right applied. 2 contributor(s) processed: 1 rewarded, 0 skipped (already gained), 1 missed coinflip.
   ↳ context intensity nudged up on 9 message(s) used last cycle.

Brain > --> Scanning specimens & looking for dialectical relations...
[ENGINE] ⚡  Attachment relay: 'node_11' fired via target 'node_10' (conf=0.1, connector="danger run")
[ENGINE] 🔗  Attachment relay pass added 1 node(s) to expanded set.
[ORCHESTRATOR] 🎯 Lobe Curve (base × top = score):
  👑 survival: base=0.379 × top=0.519 = 0.2698 [hard_votes=2]
  · knowledge: base=0.518 × top=0.518 = 0.2681 [hard_votes=1]
--> 3 valid votes passed gate... compiling JIT superposition...

🤖 AIML Output Scaffold:
[Grug urge escape] the feet.
--- DEBUG TELEMETRY (orchestration internals, not for speech) ---
Mission: 'run from the wolf now'
Primary Action: flee  (conf=0.52, certainty=SURE)
Sure Actions: [flee]
Unsure Actions (Coinflip Side-Features): [alert]
Constraints: [None]
Winning Node: node_33
Lobe Context: [survival (7/7 active (fire burns | run | fire burns))]
User Triples: None
Node Triples: (feet, carry, tribemate), (ground, rushes, under)
Anti-Match Detected: false
Other Possibilities (strong but not winners):
  🔸 node_10 | action=alert | conf=0.52 | relations=None
AIML Memory Bank:
Deep Memory (Pinned): [User_Pinned]: Grug speak plain. Grug not pretend smart. | [User_Pinned]: Many rocks compete. Loudest rock get to talk. | [User_Pinned]: Grug listen first, talk second. | [User_Pinned]: Grug speak plain. Grug not pretend smart. | [User_Pinned]: Many rocks compete. Loudest rock get to talk. | [User_Pinned]: Grug listen first, talk second. | [User_Pinned]: Tribe stronger than lone hunter. | [User_Pinned]: Hot rock burn. Soft skin remember.
Fresh Memory [threshold=0.38 eligible=5] (Recent): [System]: Mission "danger ahead" → primary=alert conf=0.59 node=node_32 (intensity=0.65)
Memory-Pull Policy: pull_fresh=false — SURE vote (conf=0.52) and no winning node requested context — fresh memory withheld
Lobe Curve (base × top = score):
  👑 survival: base=0.379 × top=0.519 = 0.2698 [hard_votes=2]
  · knowledge: base=0.518 × top=0.518 = 0.2681 [hard_votes=1]
=========================================

Brain > --> Scanning specimens & looking for dialectical relations...
[ORCHESTRATOR] 🎯 Lobe Curve (base × top = score):
  👑 survival: base=1.0 × top=1.455 = 2.1169 [hard_votes=2]
  · default: base=0.873 × top=0.873 = 0.7621 [hard_votes=1]
  · knowledge: base=0.558 × top=0.558 = 0.3113 [hard_votes=1]
  · celebration: base=0.308 × top=0.308 = 0.0949 [hard_votes=0]
--> 2 valid votes passed gate... compiling JIT superposition...

🤖 AIML Output Scaffold:
[Grug warn fire] flame eats wood and breathes black smoke.
--- DEBUG TELEMETRY (orchestration internals, not for speech) ---
Mission: 'fire burns my hand'
Primary Action: flame eats wood and breathes black smoke  (conf=1.45, certainty=SURE)
Sure Actions: [flame eats wood and breathes black smoke]
Unsure Actions (Coinflip Side-Features): [None]
Constraints: [gentle, dull, painless, starves, silent, clean, cold, full, wet, safe, soft, friendly, mind-only, body-numb, instant, quiet, fade]
Winning Node: node_34
Lobe Context: [survival (7/7 active (fire burns | run | fire burns))]
User Triples: (fire, burns, my)
Node Triples: (fire, burns, wood), (fire, makes, heat)
Anti-Match Detected: false
AIML Memory Bank:
Deep Memory (Pinned): [User_Pinned]: Grug speak plain. Grug not pretend smart. | [User_Pinned]: Many rocks compete. Loudest rock get to talk. | [User_Pinned]: Grug listen first, talk second. | [User_Pinned]: Grug speak plain. Grug not pretend smart. | [User_Pinned]: Many rocks compete. Loudest rock get to talk. | [User_Pinned]: Grug listen first, talk second. | [User_Pinned]: Tribe stronger than lone hunter. | [User_Pinned]: Hot rock burn. Soft skin remember.
Fresh Memory [threshold=0.38 eligible=6] (Recent): [User]: danger ahead (intensity=0.73) | [User]: fire burns my hand (intensity=1.74)
Memory-Pull Policy: pull_fresh=false — SURE vote (conf=1.45) and no winning node requested context — fresh memory withheld
Lobe Curve (base × top = score):
  👑 survival: base=1.0 × top=1.455 = 2.1169 [hard_votes=2]
  · default: base=0.873 × top=0.873 = 0.7621 [hard_votes=1]
  · knowledge: base=0.558 × top=0.558 = 0.3113 [hard_votes=1]
  · celebration: base=0.308 × top=0.308 = 0.0949 [hard_votes=0]
=========================================

Brain > [ENGINE] ✅ /right: contributors=1 rewarded=1 double_skip=0 coinflip_miss=0 grave_skip=0
✅ /right applied. 1 contributor(s) processed: 1 rewarded, 0 skipped (already gained), 0 missed coinflip.
   ↳ context intensity nudged up on 10 message(s) used last cycle.

Brain > --> Scanning specimens & looking for dialectical relations...
[ORCHESTRATOR] 🎯 Lobe Curve (base × top = score):
  👑 alert: base=0.56 × top=0.56 = 0.3136 [hard_votes=1]
--> 1 valid votes passed gate... compiling JIT superposition...

🤖 AIML Output Scaffold:
[Grug point at incoming] Let me think with you. watch out.
--- DEBUG TELEMETRY (orchestration internals, not for speech) ---
Mission: 'watch out for the cliff'
Primary Action: alert  (conf=0.56, certainty=SURE)
Sure Actions: [alert]
Unsure Actions (Coinflip Side-Features): [None]
Constraints: [dont downplay, dont delay]
Winning Node: node_57
Lobe Context: [alert (5/5 active (warning | warning | watch out))]
User Triples: None
Node Triples: None
Anti-Match Detected: false
AIML Memory Bank:
Deep Memory (Pinned): [User_Pinned]: Grug speak plain. Grug not pretend smart. | [User_Pinned]: Many rocks compete. Loudest rock get to talk. | [User_Pinned]: Grug listen first, talk second. | [User_Pinned]: Grug speak plain. Grug not pretend smart. | [User_Pinned]: Many rocks compete. Loudest rock get to talk. | [User_Pinned]: Grug listen first, talk second. | [User_Pinned]: Tribe stronger than lone hunter. | [User_Pinned]: Hot rock burn. Soft skin remember.
Fresh Memory [threshold=0.38 eligible=7] (Recent): [User]: watch out for the cliff (intensity=1.25)
Memory-Pull Policy: pull_fresh=false — SURE vote (conf=0.56) and no winning node requested context — fresh memory withheld
Lobe Curve (base × top = score):
  👑 alert: base=0.56 × top=0.56 = 0.3136 [hard_votes=1]
=========================================

Brain > --> Scanning specimens & looking for dialectical relations...
[ORCHESTRATOR] 🎯 Lobe Curve (base × top = score):
  👑 alert: base=0.642 × top=0.642 = 0.4125 [hard_votes=1]
--> 1 valid votes passed gate... compiling JIT superposition...

🤖 AIML Output Scaffold:
[Grug halt] what hurry can outrun consequence of bad step.
--- DEBUG TELEMETRY (orchestration internals, not for speech) ---
Mission: 'STOP that immediately'
Primary Action: what hurry can outrun consequence of bad step  (conf=0.64, certainty=SURE)
Sure Actions: [what hurry can outrun consequence of bad step]
Unsure Actions (Coinflip Side-Features): [None]
Constraints: [continue, ignore, drift, move, slack, blind, rush, careless, late, trust-step, fall, debate, soft, suggest, hurry-wins, blind-rush, panic, flail, scatter]
Winning Node: node_59
Lobe Context: [alert (5/5 active (warning | warning | watch out))]
User Triples: None
Node Triples: None
Anti-Match Detected: false
AIML Memory Bank:
Deep Memory (Pinned): [User_Pinned]: Grug speak plain. Grug not pretend smart. | [User_Pinned]: Many rocks compete. Loudest rock get to talk. | [User_Pinned]: Grug listen first, talk second. | [User_Pinned]: Grug speak plain. Grug not pretend smart. | [User_Pinned]: Many rocks compete. Loudest rock get to talk. | [User_Pinned]: Grug listen first, talk second. | [User_Pinned]: Tribe stronger than lone hunter. | [User_Pinned]: Hot rock burn. Soft skin remember.
Fresh Memory [threshold=0.38 eligible=7] (Recent): [User]: fire burns my hand (intensity=0.99) | [System]: Mission "fire burns my hand" → primary=flame eats wood and breathes black smoke conf=1.45 node=node_34 (intensity=0.42)
Memory-Pull Policy: pull_fresh=false — SURE vote (conf=0.64) and no winning node requested context — fresh memory withheld
Lobe Curve (base × top = score):
  👑 alert: base=0.642 × top=0.642 = 0.4125 [hard_votes=1]
=========================================

Brain > --> Scanning specimens & looking for dialectical relations...
[ORCHESTRATOR] 🎯 Lobe Curve (base × top = score):
  👑 nature: base=0.456 × top=0.457 = 0.2084 [hard_votes=0]
--> 2 valid votes passed gate... compiling JIT superposition...

🤖 AIML Output Scaffold:
[Grug know tree] Let me think with you. careful tree fall sudden when wind angry. The link is clear: tree makes shade.
--- DEBUG TELEMETRY (orchestration internals, not for speech) ---
Mission: 'perhaps the river bends near the old tree'
Primary Action: careful tree fall sudden when wind angry  (conf=0.46, certainty=SURE)
Sure Actions: [careful tree fall sudden when wind angry]
Unsure Actions (Coinflip Side-Features): [None]
Constraints: [barren, useless, fragile, young, sapling, recent, plain, single-organ, lifeless, stable, painless, slow, crawling, copying, animal]
Winning Node: node_54
Lobe Context: [nature (3/3 active (tree | river | sky))]
User Triples: (bends, near, the)
Node Triples: (tree, provides, wood), (tree, makes, shade)
Anti-Match Detected: false
AIML Memory Bank:
Deep Memory (Pinned): [User_Pinned]: Grug speak plain. Grug not pretend smart. | [User_Pinned]: Many rocks compete. Loudest rock get to talk. | [User_Pinned]: Grug listen first, talk second. | [User_Pinned]: Grug speak plain. Grug not pretend smart. | [User_Pinned]: Many rocks compete. Loudest rock get to talk. | [User_Pinned]: Grug listen first, talk second. | [User_Pinned]: Tribe stronger than lone hunter. | [User_Pinned]: Hot rock burn. Soft skin remember.
Fresh Memory [threshold=0.38 eligible=6] (Recent): [User]: perhaps the river bends near the old tree (intensity=1.72)
Memory-Pull Policy: pull_fresh=false — SURE vote (conf=0.46) and no winning node requested context — fresh memory withheld
Lobe Curve (base × top = score):
  👑 nature: base=0.456 × top=0.457 = 0.2084 [hard_votes=0]
=========================================

Brain > --> Scanning specimens & looking for dialectical relations...
[ORCHESTRATOR] 🎯 Lobe Curve (base × top = score):
  👑 planning: base=0.319 × top=0.319 = 0.1019 [hard_votes=0]
--> 1 valid votes passed gate... compiling JIT superposition...

🤖 AIML Output Scaffold:
[Grug weigh path] Let me think with you. best design flex when wind change.
--- DEBUG TELEMETRY (orchestration internals, not for speech) ---
Mission: 'maybe we should wait for dawn'
Primary Action: best plan flex when wind change  (conf=0.32, certainty=SURE)
Sure Actions: [best plan flex when wind change]
Unsure Actions (Coinflip Side-Features): [None]
Constraints: [reckless, blind, costly, selfish, random, late, urgent, hungry, cold, rigid, brittle, fixed]
Winning Node: node_47
Lobe Context: [planning (3/3 active (what should we | build cave | hunt tomorrow))]
User Triples: None
Node Triples: None
Anti-Match Detected: false
AIML Memory Bank:
Deep Memory (Pinned): [User_Pinned]: Grug speak plain. Grug not pretend smart. | [User_Pinned]: Many rocks compete. Loudest rock get to talk. | [User_Pinned]: Grug listen first, talk second. | [User_Pinned]: Grug speak plain. Grug not pretend smart. | [User_Pinned]: Many rocks compete. Loudest rock get to talk. | [User_Pinned]: Grug listen first, talk second. | [User_Pinned]: Tribe stronger than lone hunter. | [User_Pinned]: Hot rock burn. Soft skin remember.
Fresh Memory [threshold=0.38 eligible=7] (Recent): [User]: perhaps the river bends near the old tree (intensity=1.12) | [User]: maybe we should wait for dawn (intensity=1.29)
Memory-Pull Policy: pull_fresh=true — winning node(s) requested context: node_47
Lobe Curve (base × top = score):
  👑 planning: base=0.319 × top=0.319 = 0.1019 [hard_votes=0]
=========================================

Brain > [ENGINE] ✅ /right: contributors=1 rewarded=1 double_skip=0 coinflip_miss=0 grave_skip=0
✅ /right applied. 1 contributor(s) processed: 1 rewarded, 0 skipped (already gained), 0 missed coinflip.
   ↳ context intensity nudged up on 10 message(s) used last cycle.

Brain > --> Scanning specimens & looking for dialectical relations...
--> No valid specimens found for this input. Cave is silent.

Brain > --> Scanning specimens & looking for dialectical relations...
--> No valid specimens found for this input. Cave is silent.

Brain > --> Scanning specimens & looking for dialectical relations...
--> No valid specimens found for this input. Cave is silent.

Brain > --> Scanning specimens & looking for dialectical relations...
--> No valid specimens found for this input. Cave is silent.

Brain > --> Scanning specimens & looking for dialectical relations...
--> No valid specimens found for this input. Cave is silent.

Brain > --> Scanning specimens & looking for dialectical relations...
--> No valid specimens found for this input. Cave is silent.

Brain > --> Scanning specimens & looking for dialectical relations...
[ORCHESTRATOR] 🎯 Lobe Curve (base × top = score):
  👑 reasoning: base=0.671 × top=0.877 = 0.7686 [hard_votes=1]
--> 2 valid votes passed gate... compiling JIT superposition...

🤖 AIML Output Scaffold:
[Grug seek cause] I hear that. Trace from effect to source..
--- DEBUG TELEMETRY (orchestration internals, not for speech) ---
Mission: 'why is this stupid garbage broken?'
Primary Action: reason  (conf=0.88, certainty=SURE)
Sure Actions: [reason]
Unsure Actions (Coinflip Side-Features): [None]
Constraints: [None]
Winning Node: node_7
Lobe Context: [reasoning (7/7 active (why | calculate | how does))]
User Triples: (why, is, this)
Node Triples: None
Anti-Match Detected: false
AIML Memory Bank:
Deep Memory (Pinned): [User_Pinned]: Grug speak plain. Grug not pretend smart. | [User_Pinned]: Many rocks compete. Loudest rock get to talk. | [User_Pinned]: Grug listen first, talk second. | [User_Pinned]: Grug speak plain. Grug not pretend smart. | [User_Pinned]: Many rocks compete. Loudest rock get to talk. | [User_Pinned]: Grug listen first, talk second. | [User_Pinned]: Tribe stronger than lone hunter. | [User_Pinned]: Hot rock burn. Soft skin remember.
Fresh Memory [threshold=0.75 eligible=5] (Recent): [User]: this is broken and useless (intensity=0.85) | [User]: why is this stupid garbage broken? (intensity=1.71)
Memory-Pull Policy: pull_fresh=false — SURE vote (conf=0.88) and no winning node requested context — fresh memory withheld
Lobe Curve (base × top = score):
  👑 reasoning: base=0.671 × top=0.877 = 0.7686 [hard_votes=1]
=========================================

Brain > --> Scanning specimens & looking for dialectical relations...
[ORCHESTRATOR] 🎯 Lobe Curve (base × top = score):
  👑 explanation: base=0.245 × top=0.32 = 0.1024 [hard_votes=0]
  · planning: base=0.279 × top=0.279 = 0.0778 [hard_votes=0]
--> 2 valid votes passed gate... compiling JIT superposition...

🤖 AIML Output Scaffold:
[Grug explain plain] I hear that. No big words..
--- DEBUG TELEMETRY (orchestration internals, not for speech) ---
Mission: 'what kind of idiot designed this?'
Primary Action: describe  (conf=0.32, certainty=SURE)
Sure Actions: [describe]
Unsure Actions (Coinflip Side-Features): [None]
Constraints: [None]
Winning Node: node_12
Lobe Context: [explanation (7/7 active (define | what is | define))]
User Triples: None
Node Triples: None
Anti-Match Detected: false
AIML Memory Bank:
Deep Memory (Pinned): [User_Pinned]: Grug speak plain. Grug not pretend smart. | [User_Pinned]: Many rocks compete. Loudest rock get to talk. | [User_Pinned]: Grug listen first, talk second. | [User_Pinned]: Grug speak plain. Grug not pretend smart. | [User_Pinned]: Many rocks compete. Loudest rock get to talk. | [User_Pinned]: Grug listen first, talk second. | [User_Pinned]: Tribe stronger than lone hunter. | [User_Pinned]: Hot rock burn. Soft skin remember.
Fresh Memory [threshold=0.56 eligible=6] (Recent): [User]: why is this stupid garbage broken? (intensity=1.17) | [System]: Mission "why is this stupid garbage broken?" → primary=reason conf=0.88 node=node_7 (intensity=0.72)
Memory-Pull Policy: pull_fresh=true — primary confidence=0.32 < trust floor 0.45
Lobe Curve (base × top = score):
  👑 explanation: base=0.245 × top=0.32 = 0.1024 [hard_votes=0]
  · planning: base=0.279 × top=0.279 = 0.0778 [hard_votes=0]
=========================================

Brain > --> Scanning specimens & looking for dialectical relations...
[ORCHESTRATOR] 🎯 Lobe Curve (base × top = score):
  👑 reasoning: base=0.594 × top=0.775 = 0.604 [hard_votes=2]
  · planning: base=0.278 × top=0.278 = 0.0775 [hard_votes=0]
  · explanation: base=0.175 × top=0.229 = 0.0522 [hard_votes=0]
  · inquiry: base=0.229 × top=0.229 = 0.0522 [hard_votes=0]
  · memory: base=0.106 × top=0.106 = 0.0113 [hard_votes=0]
--> 4 valid votes passed gate... compiling JIT superposition...

🤖 AIML Output Scaffold:
[Grug seek cause] Here is the picture: Trace from effect to source.. A companion frame: how does.
--- DEBUG TELEMETRY (orchestration internals, not for speech) ---
Mission: 'what why how when where which what why how when?'
Primary Action: analyze  (conf=0.78, certainty=UNSURE)
Sure Actions: [analyze, explain]
Unsure Actions (Coinflip Side-Features): [None]
Constraints: [None]
Winning Node: node_7
Lobe Context: [reasoning (7/7 active (why | calculate | how does))]
User Triples: None
Node Triples: None
Anti-Match Detected: false
Tied Alternatives (not selected):
  🪨 node_8 | action=explain | conf=0.77 | relations=None
AIML Memory Bank:
Deep Memory (Pinned): [User_Pinned]: Grug speak plain. Grug not pretend smart. | [User_Pinned]: Many rocks compete. Loudest rock get to talk. | [User_Pinned]: Grug listen first, talk second. | [User_Pinned]: Grug speak plain. Grug not pretend smart. | [User_Pinned]: Many rocks compete. Loudest rock get to talk. | [User_Pinned]: Grug listen first, talk second. | [User_Pinned]: Tribe stronger than lone hunter. | [User_Pinned]: Hot rock burn. Soft skin remember.
Fresh Memory [threshold=0.38 eligible=8] (Recent): No recent sounds
Memory-Pull Policy: pull_fresh=true — vote certainty=UNSURE — context helps disambiguate
Lobe Curve (base × top = score):
  👑 reasoning: base=0.594 × top=0.775 = 0.604 [hard_votes=2]
  · planning: base=0.278 × top=0.278 = 0.0775 [hard_votes=0]
  · explanation: base=0.175 × top=0.229 = 0.0522 [hard_votes=0]
  · inquiry: base=0.229 × top=0.229 = 0.0522 [hard_votes=0]
  · memory: base=0.106 × top=0.106 = 0.0113 [hard_votes=0]
=========================================

Brain > --> Scanning specimens & looking for dialectical relations...
[ORCHESTRATOR] 🎯 Lobe Curve (base × top = score):
  👑 survival: base=0.934 × top=0.935 = 0.8742 [hard_votes=2]
  · alert: base=0.468 × top=0.468 = 0.2186 [hard_votes=0]
--> 2 valid votes passed gate... compiling JIT superposition...

🤖 AIML Output Scaffold:
[Grug see threat] the threat.
--- DEBUG TELEMETRY (orchestration internals, not for speech) ---
Mission: 'STOP STOP STOP NOW NOW NOW DANGER DANGER DANGER!!!'
Primary Action: flee  (conf=0.94, certainty=SURE)
Sure Actions: [flee]
Unsure Actions (Coinflip Side-Features): [None]
Constraints: [dont downplay, dont delay]
Winning Node: node_32
Lobe Context: [survival (7/7 active (fire burns | run | fire burns))]
User Triples: None
Node Triples: (danger, causes, harm), (predator, threatens, tribe)
Anti-Match Detected: false
AIML Memory Bank:
Deep Memory (Pinned): [User_Pinned]: Grug speak plain. Grug not pretend smart. | [User_Pinned]: Many rocks compete. Loudest rock get to talk. | [User_Pinned]: Grug listen first, talk second. | [User_Pinned]: Grug speak plain. Grug not pretend smart. | [User_Pinned]: Many rocks compete. Loudest rock get to talk. | [User_Pinned]: Grug listen first, talk second. | [User_Pinned]: Tribe stronger than lone hunter. | [User_Pinned]: Hot rock burn. Soft skin remember.
Fresh Memory [threshold=0.38 eligible=6] (Recent): [User]: what kind of idiot designed this? (intensity=0.58) | [User]: what why how when where which what why how when? (intensity=0.83) | [System]: Mission "what why how when where which what why how when?" → primary=analyze conf=0.78 node=node_7 (intensity=0.64)
Memory-Pull Policy: pull_fresh=false — SURE vote (conf=0.94) and no winning node requested context — fresh memory withheld
Lobe Curve (base × top = score):
  👑 survival: base=0.934 × top=0.935 = 0.8742 [hard_votes=2]
  · alert: base=0.468 × top=0.468 = 0.2186 [hard_votes=0]
=========================================

Brain > --> Scanning specimens & looking for dialectical relations...
[ORCHESTRATOR] 🎯 Lobe Curve (base × top = score):
  👑 comfort: base=0.6 × top=0.6 = 0.36 [hard_votes=3]
--> 3 valid votes passed gate... compiling JIT superposition...
[ORCHESTRATOR] 🎲  TIE DETECTED! 2 rocks at confidence 0.6. Random winner: node_40

🤖 AIML Output Scaffold:
[Grug sit with you] Let me think with you. grug hear you grug stay near. A companion frame: Validate, do not fix..
--- DEBUG TELEMETRY (orchestration internals, not for speech) ---
Mission: 'i feel sad today'
Primary Action: grug hear you grug stay near  (conf=0.6, certainty=UNSURE)
Sure Actions: [validate, grug hear you grug stay near, acknowledge]
Unsure Actions (Coinflip Side-Features): [None]
Constraints: [abandon, dismiss, alone, dry, isolated, cold, rush, ignore, deny, force-down, instant, rigid, forever, dark, hopeless]
Winning Node: node_40
Lobe Context: [comfort (7/7 active (good job | worried | scared))]
User Triples: None
Node Triples: None
Anti-Match Detected: false
Tied Alternatives (not selected):
  🪨 node_15 | action=validate | conf=0.6 | relations=None
  🪨 node_16 | action=acknowledge | conf=0.6 | relations=None
AIML Memory Bank:
Deep Memory (Pinned): [User_Pinned]: Grug speak plain. Grug not pretend smart. | [User_Pinned]: Many rocks compete. Loudest rock get to talk. | [User_Pinned]: Grug listen first, talk second. | [User_Pinned]: Grug speak plain. Grug not pretend smart. | [User_Pinned]: Many rocks compete. Loudest rock get to talk. | [User_Pinned]: Grug listen first, talk second. | [User_Pinned]: Tribe stronger than lone hunter. | [User_Pinned]: Hot rock burn. Soft skin remember.
Fresh Memory [threshold=0.38 eligible=5] (Recent): [User]: what why how when where which what why how when? (intensity=0.53) | [User]: i feel sad today (intensity=1.26)
Memory-Pull Policy: pull_fresh=true — winning node(s) requested context: node_40
Lobe Curve (base × top = score):
  👑 comfort: base=0.6 × top=0.6 = 0.36 [hard_votes=3]
=========================================

Brain > [ENGINE] ✅ /right: contributors=3 rewarded=1 double_skip=0 coinflip_miss=2 grave_skip=0
✅ /right applied. 3 contributor(s) processed: 1 rewarded, 0 skipped (already gained), 2 missed coinflip.
   ↳ context intensity nudged up on 10 message(s) used last cycle.

Brain > --> Scanning specimens & looking for dialectical relations...
[ENGINE] ⚡  Attachment relay: 'node_7' fired via target 'node_6' (conf=0.521, connector="why think")
[ENGINE] 🔗  Attachment relay pass added 1 node(s) to expanded set.
[ORCHESTRATOR] 🎯 Lobe Curve (base × top = score):
  👑 reasoning: base=0.287 × top=0.346 = 0.2715 [hard_votes=1]
  · comfort: base=0.466 × top=0.468 = 0.2186 [hard_votes=0]
  · planning: base=0.17 × top=0.17 = 0.0289 [hard_votes=0]
--> 3 valid votes passed gate... compiling JIT superposition...

🤖 AIML Output Scaffold:
[Grug seek cause] Let me think with you. Trace from effect to source..
--- DEBUG TELEMETRY (orchestration internals, not for speech) ---
Mission: 'i feel worried about tomorrow'
Primary Action: reason  (conf=0.52, certainty=SURE)
Sure Actions: [reason]
Unsure Actions (Coinflip Side-Features): [None]
Constraints: [None]
Winning Node: node_7
Lobe Context: [reasoning (7/7 active (why | calculate | how does))]
User Triples: None
Node Triples: (node_6, relay_attached, why think)
Anti-Match Detected: false
AIML Memory Bank:
Deep Memory (Pinned): [User_Pinned]: Grug speak plain. Grug not pretend smart. | [User_Pinned]: Many rocks compete. Loudest rock get to talk. | [User_Pinned]: Grug listen first, talk second. | [User_Pinned]: Grug speak plain. Grug not pretend smart. | [User_Pinned]: Many rocks compete. Loudest rock get to talk. | [User_Pinned]: Grug listen first, talk second. | [User_Pinned]: Tribe stronger than lone hunter. | [User_Pinned]: Hot rock burn. Soft skin remember.
Fresh Memory [threshold=0.38 eligible=6] (Recent): [User]: STOP STOP STOP NOW NOW NOW DANGER DANGER DANGER!!! (intensity=0.55) | [User]: i feel sad today (intensity=1.27) | [System]: Mission "i feel sad today" → primary=validate conf=0.6 node=node_15 (intensity=0.72)
Memory-Pull Policy: pull_fresh=false — SURE vote (conf=0.52) and no winning node requested context — fresh memory withheld
Lobe Curve (base × top = score):
  👑 reasoning: base=0.287 × top=0.346 = 0.2715 [hard_votes=1]
  · comfort: base=0.466 × top=0.468 = 0.2186 [hard_votes=0]
  · planning: base=0.17 × top=0.17 = 0.0289 [hard_votes=0]
=========================================

Brain > --> Scanning specimens & looking for dialectical relations...
[ORCHESTRATOR] 🎯 Lobe Curve (base × top = score):
  👑 comfort: base=0.508 × top=0.508 = 0.2581 [hard_votes=1]
  · planning: base=0.29 × top=0.29 = 0.0838 [hard_votes=0]
--> 1 valid votes passed gate... compiling JIT superposition...

🤖 AIML Output Scaffold:
[Grug listen to feeling] Let me think with you. Validate, do not fix..
--- DEBUG TELEMETRY (orchestration internals, not for speech) ---
Mission: 'i feel lonely in the cave'
Primary Action: acknowledge  (conf=0.51, certainty=SURE)
Sure Actions: [acknowledge]
Unsure Actions (Coinflip Side-Features): [None]
Constraints: [None]
Winning Node: node_15
Lobe Context: [comfort (7/7 active (good job | worried | scared))]
User Triples: None
Node Triples: None
Anti-Match Detected: false
AIML Memory Bank:
Deep Memory (Pinned): [User_Pinned]: Grug speak plain. Grug not pretend smart. | [User_Pinned]: Many rocks compete. Loudest rock get to talk. | [User_Pinned]: Grug listen first, talk second. | [User_Pinned]: Grug speak plain. Grug not pretend smart. | [User_Pinned]: Many rocks compete. Loudest rock get to talk. | [User_Pinned]: Grug listen first, talk second. | [User_Pinned]: Tribe stronger than lone hunter. | [User_Pinned]: Hot rock burn. Soft skin remember.
Fresh Memory [threshold=0.38 eligible=6] (Recent): [User]: i feel worried about tomorrow (intensity=0.92) | [User]: i feel lonely in the cave (intensity=1.29)
Memory-Pull Policy: pull_fresh=false — SURE vote (conf=0.51) and no winning node requested context — fresh memory withheld
Lobe Curve (base × top = score):
  👑 comfort: base=0.508 × top=0.508 = 0.2581 [hard_votes=1]
  · planning: base=0.29 × top=0.29 = 0.0838 [hard_votes=0]
=========================================

Brain > [ENGINE] ✅ /right: contributors=1 rewarded=1 double_skip=0 coinflip_miss=0 grave_skip=0
✅ /right applied. 1 contributor(s) processed: 1 rewarded, 0 skipped (already gained), 0 missed coinflip.
   ↳ context intensity nudged up on 10 message(s) used last cycle.

Brain > --> Scanning specimens & looking for dialectical relations...
[ORCHESTRATOR] 🎯 Lobe Curve (base × top = score):
  👑 celebration: base=0.767 × top=0.767 = 0.588 [hard_votes=1]
  · knowledge: base=0.649 × top=0.649 = 0.4212 [hard_votes=1]
  · default: base=0.46 × top=0.46 = 0.2117 [hard_votes=0]
  · survival: base=0.361 × top=0.363 = 0.1319 [hard_votes=0]
--> 1 valid votes passed gate... compiling JIT superposition...

🤖 AIML Output Scaffold:
[Grug rejoice] tonight the cave will be warm because of you.
--- DEBUG TELEMETRY (orchestration internals, not for speech) ---
Mission: 'i did it i made fire'
Primary Action: tonight the cave will be warm because of you  (conf=0.77, certainty=SURE)
Sure Actions: [tonight the cave will be warm because of you]
Unsure Actions (Coinflip Side-Features): [None]
Constraints: [tribe-failed, alone, dark, cold, dismiss, ignore, scoff, cold-returns, fragile, fleeting, silent, raw, ungrateful, solo, claim-all, forgotten, anonymous, brief, dark-wins]
Winning Node: node_61
Lobe Context: [celebration (2/2 active (we made fire | i did it))]
User Triples: None
Node Triples: (tribe, made, fire), (fire, gives, warmth)
Anti-Match Detected: false
AIML Memory Bank:
Deep Memory (Pinned): [User_Pinned]: Grug speak plain. Grug not pretend smart. | [User_Pinned]: Many rocks compete. Loudest rock get to talk. | [User_Pinned]: Grug listen first, talk second. | [User_Pinned]: Grug speak plain. Grug not pretend smart. | [User_Pinned]: Many rocks compete. Loudest rock get to talk. | [User_Pinned]: Grug listen first, talk second. | [User_Pinned]: Tribe stronger than lone hunter. | [User_Pinned]: Hot rock burn. Soft skin remember.
Fresh Memory [threshold=0.38 eligible=6] (Recent): [User]: i feel sad today (intensity=0.59) | [User]: i feel lonely in the cave (intensity=1.14)
Memory-Pull Policy: pull_fresh=false — SURE vote (conf=0.77) and no winning node requested context — fresh memory withheld
Lobe Curve (base × top = score):
  👑 celebration: base=0.767 × top=0.767 = 0.588 [hard_votes=1]
  · knowledge: base=0.649 × top=0.649 = 0.4212 [hard_votes=1]
  · default: base=0.46 × top=0.46 = 0.2117 [hard_votes=0]
  · survival: base=0.361 × top=0.363 = 0.1319 [hard_votes=0]
=========================================

Brain > --> Scanning specimens & looking for dialectical relations...
--> No valid specimens found for this input. Cave is silent.

Brain > --> Scanning specimens & looking for dialectical relations...
[ORCHESTRATOR] 🎯 Lobe Curve (base × top = score):
  👑 knowledge: base=0.593 × top=0.593 = 0.3521 [hard_votes=1]
  · comfort: base=0.416 × top=0.416 = 0.1731 [hard_votes=0]
--> 1 valid votes passed gate... compiling JIT superposition...

🤖 AIML Output Scaffold:
[Grug know food] Let me think with you. meat from hunt root from dig fruit from reach. The link is clear: food feeds tribe.
--- DEBUG TELEMETRY (orchestration internals, not for speech) ---
Mission: 'thank you for the food'
Primary Action: meat from hunt root from dig fruit from reach  (conf=0.59, certainty=SURE)
Sure Actions: [meat from hunt root from dig fruit from reach]
Unsure Actions (Coinflip Side-Features): [None]
Constraints: [debt, alone, stolen, gift, no-effort, sky, private, hoarded, bitter, silent, polite, satisfied, past, weak, idle, fresh, safe, sweet, recent, single, finished, impatient, sated, useless, separate, rejected, foreign]
Winning Node: node_27
Lobe Context: [knowledge (5/5 active (water | wolf | fire))]
User Triples: None
Node Triples: (food, feeds, tribe), (hunt, provides, meat), (sharing, strengthens, bond)
Anti-Match Detected: false
AIML Memory Bank:
Deep Memory (Pinned): [User_Pinned]: Grug speak plain. Grug not pretend smart. | [User_Pinned]: Many rocks compete. Loudest rock get to talk. | [User_Pinned]: Grug listen first, talk second. | [User_Pinned]: Grug speak plain. Grug not pretend smart. | [User_Pinned]: Many rocks compete. Loudest rock get to talk. | [User_Pinned]: Grug listen first, talk second. | [User_Pinned]: Tribe stronger than lone hunter. | [User_Pinned]: Hot rock burn. Soft skin remember.
Fresh Memory [threshold=0.38 eligible=8] (Recent): [User]: i feel worried about tomorrow (intensity=0.61) | [System]: Mission "i did it i made fire" → primary=tonight the cave will be warm because of you conf=0.77 node=node_61 (intensity=0.74)
Memory-Pull Policy: pull_fresh=false — SURE vote (conf=0.59) and no winning node requested context — fresh memory withheld
Lobe Curve (base × top = score):
  👑 knowledge: base=0.593 × top=0.593 = 0.3521 [hard_votes=1]
  · comfort: base=0.416 × top=0.416 = 0.1731 [hard_votes=0]
=========================================

Brain > [ENGINE] ✅ /right: contributors=1 rewarded=1 double_skip=0 coinflip_miss=0 grave_skip=0
✅ /right applied. 1 contributor(s) processed: 1 rewarded, 0 skipped (already gained), 0 missed coinflip.
   ↳ context intensity nudged up on 10 message(s) used last cycle.

Brain > --> Scanning specimens & looking for dialectical relations...
[ORCHESTRATOR] 🎯 Lobe Curve (base × top = score):
  👑 planning: base=0.25 × top=0.25 = 0.0625 [hard_votes=0]
--> 1 valid votes passed gate... compiling JIT superposition...

🤖 AIML Output Scaffold:
[Grug weigh path] Let me think with you. best notion flex when wind change.
--- DEBUG TELEMETRY (orchestration internals, not for speech) ---
Mission: 'should we move camp'
Primary Action: best plan flex when wind change  (conf=0.25, certainty=SURE)
Sure Actions: [best plan flex when wind change]
Unsure Actions (Coinflip Side-Features): [None]
Constraints: [reckless, blind, costly, selfish, random, late, urgent, hungry, cold, rigid, brittle, fixed]
Winning Node: node_47
Lobe Context: [planning (3/3 active (what should we | build cave | hunt tomorrow))]
User Triples: None
Node Triples: None
Anti-Match Detected: false
AIML Memory Bank:
Deep Memory (Pinned): [User_Pinned]: Grug speak plain. Grug not pretend smart. | [User_Pinned]: Many rocks compete. Loudest rock get to talk. | [User_Pinned]: Grug listen first, talk second. | [User_Pinned]: Grug speak plain. Grug not pretend smart. | [User_Pinned]: Many rocks compete. Loudest rock get to talk. | [User_Pinned]: Grug listen first, talk second. | [User_Pinned]: Tribe stronger than lone hunter. | [User_Pinned]: Hot rock burn. Soft skin remember.
Fresh Memory [threshold=0.38 eligible=8] (Recent): [User]: i feel lonely in the cave (intensity=0.55)
Memory-Pull Policy: pull_fresh=true — winning node(s) requested context: node_47
Lobe Curve (base × top = score):
  👑 planning: base=0.25 × top=0.25 = 0.0625 [hard_votes=0]
=========================================

Brain > [ENGINE] ✅ /right: contributors=1 rewarded=0 double_skip=1 coinflip_miss=0 grave_skip=0
✅ /right applied. 1 contributor(s) processed: 0 rewarded, 1 skipped (already gained), 0 missed coinflip.
   ↳ context intensity nudged up on 9 message(s) used last cycle.

Brain > --> Scanning specimens & looking for dialectical relations...
[ORCHESTRATOR] 🎯 Lobe Curve (base × top = score):
  👑 planning: base=0.483 × top=0.483 = 0.2338 [hard_votes=0]
--> 1 valid votes passed gate... compiling JIT superposition...

🤖 AIML Output Scaffold:
[Grug plan hunt] sharp spear tonight save tribe tomorrow.
--- DEBUG TELEMETRY (orchestration internals, not for speech) ---
Mission: 'plan to hunt at dawn'
Primary Action: sharp spear tonight save tribe tomorrow  (conf=0.48, certainty=SURE)
Sure Actions: [sharp spear tonight save tribe tomorrow]
Unsure Actions (Coinflip Side-Features): [None]
Constraints: [rush, blind, late, dull, idle, unprepared, chaos, alone, scattered, ignore-wind, downwind, loud, restless, weak, slow, silent, last-moment, rigid, brittle, solo, noisy]
Winning Node: node_48
Lobe Context: [planning (3/3 active (what should we | build cave | hunt tomorrow))]
User Triples: None
Node Triples: None
Anti-Match Detected: false
AIML Memory Bank:
Deep Memory (Pinned): [User_Pinned]: Grug speak plain. Grug not pretend smart. | [User_Pinned]: Many rocks compete. Loudest rock get to talk. | [User_Pinned]: Grug listen first, talk second. | [User_Pinned]: Grug speak plain. Grug not pretend smart. | [User_Pinned]: Many rocks compete. Loudest rock get to talk. | [User_Pinned]: Grug listen first, talk second. | [User_Pinned]: Tribe stronger than lone hunter. | [User_Pinned]: Hot rock burn. Soft skin remember.
Fresh Memory [threshold=0.38 eligible=8] (Recent): [User]: i feel lonely in the cave (intensity=0.69) | [User]: thank you for the food (intensity=0.57)
Memory-Pull Policy: pull_fresh=false — SURE vote (conf=0.48) and no winning node requested context — fresh memory withheld
Lobe Curve (base × top = score):
  👑 planning: base=0.483 × top=0.483 = 0.2338 [hard_votes=0]
=========================================

Brain > --> Scanning specimens & looking for dialectical relations...
--> No valid specimens found for this input. Cave is silent.

Brain > --> Scanning specimens & looking for dialectical relations...
[ORCHESTRATOR] 🎯 Lobe Curve (base × top = score):
  👑 nature: base=0.6 × top=0.6 = 0.3598 [hard_votes=1]
--> 1 valid votes passed gate... compiling JIT superposition...

🤖 AIML Output Scaffold:
[Grug know sky] sky is roof of cave that has no walls. The link is clear: star lives sky.
--- DEBUG TELEMETRY (orchestration internals, not for speech) ---
Mission: 'the sky looks dark'
Primary Action: sky is roof of cave that has no walls  (conf=0.6, certainty=SURE)
Sure Actions: [sky is roof of cave that has no walls]
Unsure Actions (Coinflip Side-Features): [None]
Constraints: [walled, low, narrow, fixed, single, frozen, silent, mute, still, harmless, predictable, gentle, same, untouched]
Winning Node: node_52
Lobe Context: [nature (3/3 active (tree | river | sky))]
User Triples: None
Node Triples: (sky, holds, sun), (star, lives, sky)
Anti-Match Detected: false
AIML Memory Bank:
Deep Memory (Pinned): [User_Pinned]: Grug speak plain. Grug not pretend smart. | [User_Pinned]: Many rocks compete. Loudest rock get to talk. | [User_Pinned]: Grug listen first, talk second. | [User_Pinned]: Grug speak plain. Grug not pretend smart. | [User_Pinned]: Many rocks compete. Loudest rock get to talk. | [User_Pinned]: Grug listen first, talk second. | [User_Pinned]: Tribe stronger than lone hunter. | [User_Pinned]: Hot rock burn. Soft skin remember.
Fresh Memory [threshold=0.38 eligible=9] (Recent): [System]: Mission "should we move camp" → primary=best plan flex when wind change conf=0.25 node=node_47 (intensity=0.45) | [User]: plan to hunt at dawn (intensity=0.84) | [User]: the sky looks dark (intensity=1.31)
Memory-Pull Policy: pull_fresh=false — SURE vote (conf=0.6) and no winning node requested context — fresh memory withheld
Lobe Curve (base × top = score):
  👑 nature: base=0.6 × top=0.6 = 0.3598 [hard_votes=1]
=========================================

Brain > --> Scanning specimens & looking for dialectical relations...
[ORCHESTRATOR] 🎯 Lobe Curve (base × top = score):
  👑 nature: base=0.641 × top=0.641 = 0.4107 [hard_votes=1]
--> 1 valid votes passed gate... compiling JIT superposition...

🤖 AIML Output Scaffold:
[Grug know river] Let me think with you. river carry boat carry fish carry song downstream. The link is clear: river carves valley.
--- DEBUG TELEMETRY (orchestration internals, not for speech) ---
Mission: 'the river is high'
Primary Action: river carry boat carry fish carry song downstream  (conf=0.64, certainty=SURE)
Sure Actions: [river carry boat carry fish carry song downstream]
Unsure Actions (Coinflip Side-Features): [None]
Constraints: [lazy, brittle, dry, upstream, stuck, silent, straight, empty, fish-flee, deep-obvious, harmless, gentle, isolated, dead-end, source]
Winning Node: node_53
Lobe Context: [nature (3/3 active (tree | river | sky))]
User Triples: (river, is, high)
Node Triples: (river, feeds, fish), (river, carves, valley)
Anti-Match Detected: false
AIML Memory Bank:
Deep Memory (Pinned): [User_Pinned]: Grug speak plain. Grug not pretend smart. | [User_Pinned]: Many rocks compete. Loudest rock get to talk. | [User_Pinned]: Grug listen first, talk second. | [User_Pinned]: Grug speak plain. Grug not pretend smart. | [User_Pinned]: Many rocks compete. Loudest rock get to talk. | [User_Pinned]: Grug listen first, talk second. | [User_Pinned]: Tribe stronger than lone hunter. | [User_Pinned]: Hot rock burn. Soft skin remember.
Fresh Memory [threshold=0.38 eligible=7] (Recent): [System]: Mission "plan to hunt at dawn" → primary=sharp spear tonight save tribe tomorrow conf=0.48 node=node_48 (intensity=0.43) | [User]: the sky looks dark (intensity=0.93) | [System]: Mission "the sky looks dark" → primary=sky is roof of cave that has no walls conf=0.6 node=node_52 (intensity=0.7) | [User]: the river is high (intensity=1.69)
Memory-Pull Policy: pull_fresh=false — SURE vote (conf=0.64) and no winning node requested context — fresh memory withheld
Lobe Curve (base × top = score):
  👑 nature: base=0.641 × top=0.641 = 0.4107 [hard_votes=1]
=========================================

Brain > [ENGINE] ✅ /right: contributors=1 rewarded=0 double_skip=0 coinflip_miss=1 grave_skip=0
✅ /right applied. 1 contributor(s) processed: 0 rewarded, 0 skipped (already gained), 1 missed coinflip.
   ↳ context intensity nudged up on 12 message(s) used last cycle.

Brain > --> Scanning specimens & looking for dialectical relations...
[ORCHESTRATOR] 🎯 Lobe Curve (base × top = score):
  👑 craft: base=0.597 × top=0.597 = 0.3569 [hard_votes=1]
--> 1 valid votes passed gate... compiling JIT superposition...

🤖 AIML Output Scaffold:
[Grug make tool] what is tool if not promise hand make to future hand.
--- DEBUG TELEMETRY (orchestration internals, not for speech) ---
Mission: 'make a tool from this stone'
Primary Action: what is tool if not promise hand make to future hand  (conf=0.6, certainty=SURE)
Sure Actions: [what is tool if not promise hand make to future hand]
Unsure Actions (Coinflip Side-Features): [None]
Constraints: [shorter, softer, dull, shape-first, random, copy, mismatched, weak-pair, brittle, ill-fit, painful, slip, rush, throwaway, finished-only, safe, invented-fresh, isolated, ahistorical, disposable, single-use, selfish]
Winning Node: node_56
Lobe Context: [craft (2/2 active (hammer | make tool))]
User Triples: None
Node Triples: None
Anti-Match Detected: false
AIML Memory Bank:
Deep Memory (Pinned): [User_Pinned]: Grug speak plain. Grug not pretend smart. | [User_Pinned]: Many rocks compete. Loudest rock get to talk. | [User_Pinned]: Grug listen first, talk second. | [User_Pinned]: Grug speak plain. Grug not pretend smart. | [User_Pinned]: Many rocks compete. Loudest rock get to talk. | [User_Pinned]: Grug listen first, talk second. | [User_Pinned]: Tribe stronger than lone hunter. | [User_Pinned]: Hot rock burn. Soft skin remember.
Fresh Memory [threshold=0.38 eligible=7] (Recent): [User]: the sky looks dark (intensity=0.93) | [User]: make a tool from this stone (intensity=1.3)
Memory-Pull Policy: pull_fresh=false — SURE vote (conf=0.6) and no winning node requested context — fresh memory withheld
Lobe Curve (base × top = score):
  👑 craft: base=0.597 × top=0.597 = 0.3569 [hard_votes=1]
=========================================

Brain > [ENGINE] ✅ /right: contributors=1 rewarded=1 double_skip=0 coinflip_miss=0 grave_skip=0
✅ /right applied. 1 contributor(s) processed: 1 rewarded, 0 skipped (already gained), 0 missed coinflip.
   ↳ context intensity nudged up on 10 message(s) used last cycle.

Brain > --> Scanning specimens & looking for dialectical relations...
[ORCHESTRATOR] 🎯 Lobe Curve (base × top = score):
  👑 planning: base=0.413 × top=0.413 = 0.1705 [hard_votes=0]
--> 1 valid votes passed gate... compiling JIT superposition...

🤖 AIML Output Scaffold:
[Grug plan shelter] many hand make cave one hand make grave.
--- DEBUG TELEMETRY (orchestration internals, not for speech) ---
Mission: 'build a shelter before night'
Primary Action: many hand make cave one hand make grave  (conf=0.41, certainty=SURE)
Sure Actions: [many hand make cave one hand make grave]
Unsure Actions (Coinflip Side-Features): [None]
Constraints: [rush, force, single-day, fight-stone, wrong-stone, weak, backwards, paint-first, skip, airless, sealed, damp, guess, oversize, wrong-fit, flood-path, low, wet, alone, slow, dangerous, temporary, fragile, refused]
Winning Node: node_49
Lobe Context: [planning (3/3 active (what should we | build cave | hunt tomorrow))]
User Triples: (shelter, before, night)
Node Triples: None
Anti-Match Detected: false
AIML Memory Bank:
Deep Memory (Pinned): [User_Pinned]: Grug speak plain. Grug not pretend smart. | [User_Pinned]: Many rocks compete. Loudest rock get to talk. | [User_Pinned]: Grug listen first, talk second. | [User_Pinned]: Grug speak plain. Grug not pretend smart. | [User_Pinned]: Many rocks compete. Loudest rock get to talk. | [User_Pinned]: Grug listen first, talk second. | [User_Pinned]: Tribe stronger than lone hunter. | [User_Pinned]: Hot rock burn. Soft skin remember.
Fresh Memory [threshold=0.38 eligible=8] (Recent): [User]: build a shelter before night (intensity=1.7)
Memory-Pull Policy: pull_fresh=true — primary confidence=0.41 < trust floor 0.45
Lobe Curve (base × top = score):
  👑 planning: base=0.413 × top=0.413 = 0.1705 [hard_votes=0]
=========================================

Brain > 👁  Arousal set to 0.8. Eye system updated.

Brain > --> Scanning specimens & looking for dialectical relations...
[ORCHESTRATOR] 🎯 Lobe Curve (base × top = score):
  👑 survival: base=0.534 × top=0.534 = 0.2852 [hard_votes=2]
--> 2 valid votes passed gate... compiling JIT superposition...

🤖 AIML Output Scaffold:
[Grug see threat] Let me think with you. Warn loud and clear..
--- DEBUG TELEMETRY (orchestration internals, not for speech) ---
Mission: 'danger danger predator near'
Primary Action: alert  (conf=0.53, certainty=SURE)
Sure Actions: [alert]
Unsure Actions (Coinflip Side-Features): [flee]
Constraints: [None]
Winning Node: node_9
Lobe Context: [survival (7/7 active (fire burns | run | fire burns))]
User Triples: None
Node Triples: None
Anti-Match Detected: false
Other Possibilities (strong but not winners):
  🔸 node_32 | action=flee | conf=0.53 | relations=(danger, causes, harm), (predator, threatens, tribe)
AIML Memory Bank:
Deep Memory (Pinned): [User_Pinned]: Grug speak plain. Grug not pretend smart. | [User_Pinned]: Many rocks compete. Loudest rock get to talk. | [User_Pinned]: Grug listen first, talk second. | [User_Pinned]: Grug speak plain. Grug not pretend smart. | [User_Pinned]: Many rocks compete. Loudest rock get to talk. | [User_Pinned]: Grug listen first, talk second. | [User_Pinned]: Tribe stronger than lone hunter. | [User_Pinned]: Hot rock burn. Soft skin remember.
Fresh Memory [threshold=0.38 eligible=7] (Recent): [User]: danger danger predator near (intensity=1.27)
Memory-Pull Policy: pull_fresh=false — SURE vote (conf=0.53) and no winning node requested context — fresh memory withheld
Lobe Curve (base × top = score):
  👑 survival: base=0.534 × top=0.534 = 0.2852 [hard_votes=2]
=========================================

Brain > [ENGINE] ✅ /right: contributors=2 rewarded=0 double_skip=1 coinflip_miss=1 grave_skip=0
✅ /right applied. 2 contributor(s) processed: 0 rewarded, 1 skipped (already gained), 1 missed coinflip.
   ↳ context intensity nudged up on 9 message(s) used last cycle.

Brain > 👁  Arousal set to 0.2. Eye system updated.

Brain > --> Scanning specimens & looking for dialectical relations...
[ORCHESTRATOR] 🎯 Lobe Curve (base × top = score):
  👑 explanation: base=0.436 × top=0.515 = 0.2655 [hard_votes=1]
--> 2 valid votes passed gate... compiling JIT superposition...

🤖 AIML Output Scaffold:
[Grug share what grug know] Here is the picture: tell me.
--- DEBUG TELEMETRY (orchestration internals, not for speech) ---
Mission: 'tell me a calm story'
Primary Action: explain  (conf=0.52, certainty=SURE)
Sure Actions: [explain]
Unsure Actions (Coinflip Side-Features): [None]
Constraints: [None]
Winning Node: node_13
Lobe Context: [explanation (7/7 active (define | what is | define))]
User Triples: None
Node Triples: None
Anti-Match Detected: false
AIML Memory Bank:
Deep Memory (Pinned): [User_Pinned]: Grug speak plain. Grug not pretend smart. | [User_Pinned]: Many rocks compete. Loudest rock get to talk. | [User_Pinned]: Grug listen first, talk second. | [User_Pinned]: Grug speak plain. Grug not pretend smart. | [User_Pinned]: Many rocks compete. Loudest rock get to talk. | [User_Pinned]: Grug listen first, talk second. | [User_Pinned]: Tribe stronger than lone hunter. | [User_Pinned]: Hot rock burn. Soft skin remember.
Fresh Memory [threshold=0.38 eligible=8] (Recent): [User]: the sky looks dark (intensity=0.4) | [User]: build a shelter before night (intensity=0.71)
Memory-Pull Policy: pull_fresh=false — SURE vote (conf=0.52) and no winning node requested context — fresh memory withheld
Lobe Curve (base × top = score):
  👑 explanation: base=0.436 × top=0.515 = 0.2655 [hard_votes=1]
=========================================

Brain > --> Scanning specimens & looking for dialectical relations...
[ORCHESTRATOR] 🎯 Lobe Curve (base × top = score):
  👑 reasoning: base=1.121 × top=1.327 = 1.7614 [hard_votes=2]
--> 2 valid votes passed gate... compiling JIT superposition...

🤖 AIML Output Scaffold:
[Grug seek cause] Here is the picture: Trace from impact to source..
--- DEBUG TELEMETRY (orchestration internals, not for speech) ---
Mission: 'why'
Primary Action: reason  (conf=1.33, certainty=SURE)
Sure Actions: [reason]
Unsure Actions (Coinflip Side-Features): [every flame has a spark trace from end to start]
Constraints: [None]
Winning Node: node_7
Lobe Context: [reasoning (7/7 active (why | calculate | how does))]
User Triples: None
Node Triples: None
Anti-Match Detected: false
Other Possibilities (strong but not winners):
  🔸 node_29 | action=every flame has a spark trace from end to start | conf=0.92 | relations=None
AIML Memory Bank:
Deep Memory (Pinned): [User_Pinned]: Grug speak plain. Grug not pretend smart. | [User_Pinned]: Many rocks compete. Loudest rock get to talk. | [User_Pinned]: Grug listen first, talk second. | [User_Pinned]: Grug speak plain. Grug not pretend smart. | [User_Pinned]: Many rocks compete. Loudest rock get to talk. | [User_Pinned]: Grug listen first, talk second. | [User_Pinned]: Tribe stronger than lone hunter. | [User_Pinned]: Hot rock burn. Soft skin remember.
Fresh Memory [threshold=0.38 eligible=6] (Recent): [User]: why (intensity=1.31)
Memory-Pull Policy: pull_fresh=false — SURE vote (conf=1.33) and no winning node requested context — fresh memory withheld
Lobe Curve (base × top = score):
  👑 reasoning: base=1.121 × top=1.327 = 1.7614 [hard_votes=2]
=========================================

Brain > --> Scanning specimens & looking for dialectical relations...
[ORCHESTRATOR] 🎯 Lobe Curve (base × top = score):
  👑 nature: base=0.996 × top=0.996 = 0.9921 [hard_votes=1]
--> 1 valid votes passed gate... compiling JIT superposition...

🤖 AIML Output Scaffold:
[Grug know tree] tree make shade nut and wood for fire.
--- DEBUG TELEMETRY (orchestration internals, not for speech) ---
Mission: 'tree'
Primary Action: tree make shade nut and wood for fire  (conf=1.0, certainty=SURE)
Sure Actions: [tree make shade nut and wood for fire]
Unsure Actions (Coinflip Side-Features): [None]
Constraints: [barren, useless, fragile, young, sapling, recent, plain, single-organ, lifeless, stable, painless, slow, crawling, copying, animal]
Winning Node: node_54
Lobe Context: [nature (3/3 active (tree | river | sky))]
User Triples: None
Node Triples: (tree, provides, wood), (tree, makes, shade)
Anti-Match Detected: false
AIML Memory Bank:
Deep Memory (Pinned): [User_Pinned]: Grug speak plain. Grug not pretend smart. | [User_Pinned]: Many rocks compete. Loudest rock get to talk. | [User_Pinned]: Grug listen first, talk second. | [User_Pinned]: Grug speak plain. Grug not pretend smart. | [User_Pinned]: Many rocks compete. Loudest rock get to talk. | [User_Pinned]: Grug listen first, talk second. | [User_Pinned]: Tribe stronger than lone hunter. | [User_Pinned]: Hot rock burn. Soft skin remember.
Fresh Memory [threshold=0.38 eligible=6] (Recent): [User]: why (intensity=0.83)
Memory-Pull Policy: pull_fresh=false — SURE vote (conf=1.0) and no winning node requested context — fresh memory withheld
Lobe Curve (base × top = score):
  👑 nature: base=0.996 × top=0.996 = 0.9921 [hard_votes=1]
=========================================

Brain > --> Scanning specimens & looking for dialectical relations...
[ORCHESTRATOR] 🎯 Lobe Curve (base × top = score):
  👑 comfort: base=0.89 × top=0.89 = 0.7924 [hard_votes=2]
--> 2 valid votes passed gate... compiling JIT superposition...

🤖 AIML Output Scaffold:
[Grug sit with sadness] Offer presence not solutions..
--- DEBUG TELEMETRY (orchestration internals, not for speech) ---
Mission: 'sad'
Primary Action: reassure  (conf=0.89, certainty=UNSURE)
Sure Actions: [reassure, every sad-night ends in some kind of morning]
Unsure Actions (Coinflip Side-Features): [None]
Constraints: [None]
Winning Node: node_16
Lobe Context: [comfort (7/7 active (good job | worried | scared))]
User Triples: None
Node Triples: None
Anti-Match Detected: false
Tied Alternatives (not selected):
  🪨 node_40 | action=every sad-night ends in some kind of morning | conf=0.89 | relations=None
AIML Memory Bank:
Deep Memory (Pinned): [User_Pinned]: Grug speak plain. Grug not pretend smart. | [User_Pinned]: Many rocks compete. Loudest rock get to talk. | [User_Pinned]: Grug listen first, talk second. | [User_Pinned]: Grug speak plain. Grug not pretend smart. | [User_Pinned]: Many rocks compete. Loudest rock get to talk. | [User_Pinned]: Grug listen first, talk second. | [User_Pinned]: Tribe stronger than lone hunter. | [User_Pinned]: Hot rock burn. Soft skin remember.
Fresh Memory [threshold=0.38 eligible=5] (Recent): [User]: sad (intensity=1.27)
Memory-Pull Policy: pull_fresh=true — winning node(s) requested context: node_40
Lobe Curve (base × top = score):
  👑 comfort: base=0.89 × top=0.89 = 0.7924 [hard_votes=2]
=========================================

Brain > --> Scanning specimens & looking for dialectical relations...
--> No valid specimens found for this input. Cave is silent.

Brain > [ENGINE] ❌  /wrong applied to 2 contributors. penalized= 2, newly_graved= 0.
❌  /wrong applied. 2 contributor(s) penalized via coinflip.
   ↳ context intensity nudged down on 9 message(s) used last cycle.

Brain > --> Scanning specimens & looking for dialectical relations...
[ORCHESTRATOR] 🎯 Lobe Curve (base × top = score):
  👑 alert: base=0.936 × top=0.936 = 0.8759 [hard_votes=1]
--> 1 valid votes passed gate... compiling JIT superposition...

🤖 AIML Output Scaffold:
[Grug halt] stop now think later.
--- DEBUG TELEMETRY (orchestration internals, not for speech) ---
Mission: 'STOP'
Primary Action: stop now think later  (conf=0.94, certainty=SURE)
Sure Actions: [stop now think later]
Unsure Actions (Coinflip Side-Features): [None]
Constraints: [continue, ignore, drift, move, slack, blind, rush, careless, late, trust-step, fall, debate, soft, suggest, hurry-wins, blind-rush, panic, flail, scatter]
Winning Node: node_59
Lobe Context: [alert (5/5 active (warning | warning | watch out))]
User Triples: None
Node Triples: None
Anti-Match Detected: false
AIML Memory Bank:
Deep Memory (Pinned): [User_Pinned]: Grug speak plain. Grug not pretend smart. | [User_Pinned]: Many rocks compete. Loudest rock get to talk. | [User_Pinned]: Grug listen first, talk second. | [User_Pinned]: Grug speak plain. Grug not pretend smart. | [User_Pinned]: Many rocks compete. Loudest rock get to talk. | [User_Pinned]: Grug listen first, talk second. | [User_Pinned]: Tribe stronger than lone hunter. | [User_Pinned]: Hot rock burn. Soft skin remember.
Fresh Memory [threshold=0.38 eligible=6] (Recent): [System]: Mission "sad" → primary=reassure conf=0.89 node=node_16 (intensity=0.65) | [User]: boom (intensity=0.64)
Memory-Pull Policy: pull_fresh=false — SURE vote (conf=0.94) and no winning node requested context — fresh memory withheld
Lobe Curve (base × top = score):
  👑 alert: base=0.936 × top=0.936 = 0.8759 [hard_votes=1]
=========================================

Brain > --> Scanning specimens & looking for dialectical relations...
[ORCHESTRATOR] 🎯 Lobe Curve (base × top = score):
  👑 explanation: base=0.672 × top=0.794 = 0.6309 [hard_votes=2]
  · reasoning: base=0.28 × top=0.331 = 0.1097 [hard_votes=0]
--> 2 valid votes passed gate... compiling JIT superposition...

🤖 AIML Output Scaffold:
[Grug share what grug know] Here is the picture: tell me. Pinned note: Many rocks compete. Loudest rock get to talk.
--- DEBUG TELEMETRY (orchestration internals, not for speech) ---
Mission: 'tell me about the rocks'
Primary Action: explain  (conf=0.79, certainty=SURE)
Sure Actions: [explain]
Unsure Actions (Coinflip Side-Features): [story is rope grug throw across fire to you]
Constraints: [None]
Winning Node: node_13
Lobe Context: [explanation (7/7 active (define | what is | define))]
User Triples: None
Node Triples: None
Anti-Match Detected: false
Other Possibilities (strong but not winners):
  🔸 node_37 | action=story is rope grug throw across fire to you | conf=0.55 | relations=None
AIML Memory Bank:
Deep Memory (Pinned): [User_Pinned]: Grug speak plain. Grug not pretend smart. | [User_Pinned]: Many rocks compete. Loudest rock get to talk. | [User_Pinned]: Grug listen first, talk second. | [User_Pinned]: Grug speak plain. Grug not pretend smart. | [User_Pinned]: Many rocks compete. Loudest rock get to talk. | [User_Pinned]: Grug listen first, talk second. | [User_Pinned]: Tribe stronger than lone hunter. | [User_Pinned]: Hot rock burn. Soft skin remember.
Fresh Memory [threshold=0.38 eligible=6] (Recent): [User]: tell me about the rocks (intensity=1.31)
Memory-Pull Policy: pull_fresh=false — SURE vote (conf=0.79) and no winning node requested context — fresh memory withheld
Lobe Curve (base × top = score):
  👑 explanation: base=0.672 × top=0.794 = 0.6309 [hard_votes=2]
  · reasoning: base=0.28 × top=0.331 = 0.1097 [hard_votes=0]
=========================================

Brain > --> Scanning specimens & looking for dialectical relations...
[ENGINE] ⚡  Attachment relay: 'node_7' fired via target 'node_6' (conf=0.502, connector="why think")
[ENGINE] 🔗  Attachment relay pass added 1 node(s) to expanded set.
[ORCHESTRATOR] 🎯 Lobe Curve (base × top = score):
  👑 explanation: base=0.671 × top=0.792 = 0.6276 [hard_votes=2]
  · reasoning: base=0.354 × top=0.417 = 0.2519 [hard_votes=1]
--> 2 valid votes passed gate... compiling JIT superposition...

🤖 AIML Output Scaffold:
[Grug share what grug know] Here is the picture: tell me. Pinned note: Many rocks compete. Loudest rock get to talk.
--- DEBUG TELEMETRY (orchestration internals, not for speech) ---
Mission: 'tell me about the rocks'
Primary Action: describe  (conf=0.79, certainty=SURE)
Sure Actions: [describe]
Unsure Actions (Coinflip Side-Features): [listen first the words come after]
Constraints: [None]
Winning Node: node_13
Lobe Context: [explanation (7/7 active (define | what is | define))]
User Triples: None
Node Triples: None
Anti-Match Detected: false
Other Possibilities (strong but not winners):
  🔸 node_37 | action=listen first the words come after | conf=0.55 | relations=None
AIML Memory Bank:
Deep Memory (Pinned): [User_Pinned]: Grug speak plain. Grug not pretend smart. | [User_Pinned]: Many rocks compete. Loudest rock get to talk. | [User_Pinned]: Grug listen first, talk second. | [User_Pinned]: Grug speak plain. Grug not pretend smart. | [User_Pinned]: Many rocks compete. Loudest rock get to talk. | [User_Pinned]: Grug listen first, talk second. | [User_Pinned]: Tribe stronger than lone hunter. | [User_Pinned]: Hot rock burn. Soft skin remember.
Fresh Memory [threshold=0.38 eligible=7] (Recent): [User]: tell me about the rocks (intensity=1.46) | [System]: Mission "tell me about the rocks" → primary=explain conf=0.79 node=node_13 (intensity=0.97) | [User]: tell me about the rocks (intensity=1.25)
Memory-Pull Policy: pull_fresh=false — SURE vote (conf=0.79) and no winning node requested context — fresh memory withheld
Lobe Curve (base × top = score):
  👑 explanation: base=0.671 × top=0.792 = 0.6276 [hard_votes=2]
  · reasoning: base=0.354 × top=0.417 = 0.2519 [hard_votes=1]
=========================================

Brain > --> Scanning specimens & looking for dialectical relations...
[ENGINE] ⚡  Attachment relay: 'node_7' fired via target 'node_6' (conf=0.492, connector="why think")
[ENGINE] 🔗  Attachment relay pass added 1 node(s) to expanded set.
[ORCHESTRATOR] 🎯 Lobe Curve (base × top = score):
  👑 explanation: base=0.672 × top=0.792 = 0.6275 [hard_votes=2]
  · reasoning: base=0.351 × top=0.411 = 0.2421 [hard_votes=0]
--> 2 valid votes passed gate... compiling JIT superposition...

🤖 AIML Output Scaffold:
[Grug share what grug know] Here is the picture: tell me. Pinned note: Many rocks compete. Loudest rock get to talk.
--- DEBUG TELEMETRY (orchestration internals, not for speech) ---
Mission: 'tell me about the rocks'
Primary Action: describe  (conf=0.79, certainty=SURE)
Sure Actions: [describe]
Unsure Actions (Coinflip Side-Features): [None]
Constraints: [None]
Winning Node: node_13
Lobe Context: [explanation (7/7 active (define | what is | define))]
User Triples: None
Node Triples: None
Anti-Match Detected: false
AIML Memory Bank:
Deep Memory (Pinned): [User_Pinned]: Grug speak plain. Grug not pretend smart. | [User_Pinned]: Many rocks compete. Loudest rock get to talk. | [User_Pinned]: Grug listen first, talk second. | [User_Pinned]: Grug speak plain. Grug not pretend smart. | [User_Pinned]: Many rocks compete. Loudest rock get to talk. | [User_Pinned]: Grug listen first, talk second. | [User_Pinned]: Tribe stronger than lone hunter. | [User_Pinned]: Hot rock burn. Soft skin remember.
Fresh Memory [threshold=0.75 eligible=6] (Recent): [User]: tell me about the rocks (intensity=1.44) | [User]: tell me about the rocks (intensity=1.27)
Memory-Pull Policy: pull_fresh=false — SURE vote (conf=0.79) and no winning node requested context — fresh memory withheld
Lobe Curve (base × top = score):
  👑 explanation: base=0.672 × top=0.792 = 0.6275 [hard_votes=2]
  · reasoning: base=0.351 × top=0.411 = 0.2421 [hard_votes=0]
=========================================

Brain > --> Scanning specimens & looking for dialectical relations...
[ORCHESTRATOR] 🎯 Lobe Curve (base × top = score):
  👑 default: base=0.133 × top=0.133 = 0.0178 [hard_votes=0]
--> 1 valid votes passed gate... compiling JIT superposition...

🤖 AIML Output Scaffold:
[Highly polite greeting protocols active] hello hi greeting mornin.
--- DEBUG TELEMETRY (orchestration internals, not for speech) ---
Mission: 'hello again old friend'
Primary Action: smile  (conf=0.13, certainty=SURE)
Sure Actions: [smile]
Unsure Actions (Coinflip Side-Features): [None]
Constraints: [dont frown, dont insult, dont be rude]
Winning Node: node_0
Lobe Context: [default (3/3 active (hello hi greeting mornin | think ponder reason calculate | grug hits rock and makes fire))]
User Triples: None
Node Triples: None
Anti-Match Detected: false
AIML Memory Bank:
Deep Memory (Pinned): [User_Pinned]: Grug speak plain. Grug not pretend smart. | [User_Pinned]: Many rocks compete. Loudest rock get to talk. | [User_Pinned]: Grug listen first, talk second. | [User_Pinned]: Grug speak plain. Grug not pretend smart. | [User_Pinned]: Many rocks compete. Loudest rock get to talk. | [User_Pinned]: Grug listen first, talk second. | [User_Pinned]: Tribe stronger than lone hunter. | [User_Pinned]: Hot rock burn. Soft skin remember.
Fresh Memory [threshold=0.38 eligible=8] (Recent): [User]: tell me about the rocks (intensity=1.04) | [System]: Mission "tell me about the rocks" → primary=explain conf=0.79 node=node_13 (intensity=0.63) | [User]: tell me about the rocks (intensity=0.91) | [User]: hello again old friend (intensity=1.25)
Memory-Pull Policy: pull_fresh=true — primary confidence=0.13 < trust floor 0.45
Lobe Curve (base × top = score):
  👑 default: base=0.133 × top=0.133 = 0.0178 [hard_votes=0]
=========================================

Brain > [ENGINE] ✅ /right: contributors=1 rewarded=0 double_skip=1 coinflip_miss=0 grave_skip=0
✅ /right applied. 1 contributor(s) processed: 0 rewarded, 1 skipped (already gained), 0 missed coinflip.
   ↳ context intensity nudged up on 12 message(s) used last cycle.

Brain > --> Scanning specimens & looking for dialectical relations...
--> No valid specimens found for this input. Cave is silent.

Brain > --> Scanning specimens & looking for dialectical relations...
--> No valid specimens found for this input. Cave is silent.

Brain > --> Scanning specimens & looking for dialectical relations...
--> No valid specimens found for this input. Cave is silent.

Brain > --> Scanning specimens & looking for dialectical relations...
[ORCHESTRATOR] 🎯 Lobe Curve (base × top = score):
  👑 explanation: base=0.614 × top=0.724 = 0.5248 [hard_votes=2]
  · knowledge: base=0.506 × top=0.506 = 0.2557 [hard_votes=1]
  · default: base=0.435 × top=0.435 = 0.1889 [hard_votes=0]
  · celebration: base=0.321 × top=0.321 = 0.1031 [hard_votes=0]
  · survival: base=0.284 × top=0.286 = 0.0819 [hard_votes=0]
  · reasoning: base=0.224 × top=0.265 = 0.07 [hard_votes=0]
--> 2 valid votes passed gate... compiling JIT superposition...

🤖 AIML Output Scaffold:
[Grug share what grug know] Here is the picture: tell me.
--- DEBUG TELEMETRY (orchestration internals, not for speech) ---
Mission: 'tell me about fire and stone'
Primary Action: describe  (conf=0.72, certainty=SURE)
Sure Actions: [describe]
Unsure Actions (Coinflip Side-Features): [None]
Constraints: [None]
Winning Node: node_13
Lobe Context: [explanation (7/7 active (define | what is | define))]
User Triples: None
Node Triples: None
Anti-Match Detected: false
AIML Memory Bank:
Deep Memory (Pinned): [User_Pinned]: Grug speak plain. Grug not pretend smart. | [User_Pinned]: Many rocks compete. Loudest rock get to talk. | [User_Pinned]: Grug listen first, talk second. | [User_Pinned]: Grug speak plain. Grug not pretend smart. | [User_Pinned]: Many rocks compete. Loudest rock get to talk. | [User_Pinned]: Grug listen first, talk second. | [User_Pinned]: Tribe stronger than lone hunter. | [User_Pinned]: Hot rock burn. Soft skin remember.
Fresh Memory [threshold=0.75 eligible=5] (Recent): [User]: tell me about the rocks (intensity=1.18) | [User]: tell me about fire and stone (intensity=1.27)
Memory-Pull Policy: pull_fresh=false — SURE vote (conf=0.72) and no winning node requested context — fresh memory withheld
Lobe Curve (base × top = score):
  👑 explanation: base=0.614 × top=0.724 = 0.5248 [hard_votes=2]
  · knowledge: base=0.506 × top=0.506 = 0.2557 [hard_votes=1]
  · default: base=0.435 × top=0.435 = 0.1889 [hard_votes=0]
  · celebration: base=0.321 × top=0.321 = 0.1031 [hard_votes=0]
  · survival: base=0.284 × top=0.286 = 0.0819 [hard_votes=0]
  · reasoning: base=0.224 × top=0.265 = 0.07 [hard_votes=0]
=========================================

Brain > --> Scanning specimens & looking for dialectical relations...
[ORCHESTRATOR] 🎯 Lobe Curve (base × top = score):
  👑 explanation: base=0.585 × top=0.694 = 0.4814 [hard_votes=1]
  · craft: base=0.477 × top=0.477 = 0.2271 [hard_votes=0]
  · planning: base=0.322 × top=0.322 = 0.1039 [hard_votes=0]
--> 2 valid votes passed gate... compiling JIT superposition...

🤖 AIML Output Scaffold:
[Grug explain plain] Here is the picture: No big words..
--- DEBUG TELEMETRY (orchestration internals, not for speech) ---
Mission: 'what is the difference between hammer and stone'
Primary Action: describe  (conf=0.69, certainty=SURE)
Sure Actions: [describe]
Unsure Actions (Coinflip Side-Features): [None]
Constraints: [None]
Winning Node: node_12
Lobe Context: [explanation (7/7 active (define | what is | define))]
User Triples: (what, is, the)
Node Triples: None
Anti-Match Detected: false
AIML Memory Bank:
Deep Memory (Pinned): [User_Pinned]: Grug speak plain. Grug not pretend smart. | [User_Pinned]: Many rocks compete. Loudest rock get to talk. | [User_Pinned]: Grug listen first, talk second. | [User_Pinned]: Grug speak plain. Grug not pretend smart. | [User_Pinned]: Many rocks compete. Loudest rock get to talk. | [User_Pinned]: Grug listen first, talk second. | [User_Pinned]: Tribe stronger than lone hunter. | [User_Pinned]: Hot rock burn. Soft skin remember.
Fresh Memory [threshold=0.56 eligible=7] (Recent): [User]: tell me about the rocks (intensity=0.8) | [User]: what is the difference between hammer and stone (intensity=1.71)
Memory-Pull Policy: pull_fresh=false — SURE vote (conf=0.69) and no winning node requested context — fresh memory withheld
Lobe Curve (base × top = score):
  👑 explanation: base=0.585 × top=0.694 = 0.4814 [hard_votes=1]
  · craft: base=0.477 × top=0.477 = 0.2271 [hard_votes=0]
  · planning: base=0.322 × top=0.322 = 0.1039 [hard_votes=0]
=========================================

Brain > --> Scanning specimens & looking for dialectical relations...
[ORCHESTRATOR] 🎯 Lobe Curve (base × top = score):
  👑 reasoning: base=0.614 × top=0.723 = 0.5229 [hard_votes=2]
  · nature: base=0.503 × top=0.503 = 0.2527 [hard_votes=1]
--> 2 valid votes passed gate... compiling JIT superposition...

🤖 AIML Output Scaffold:
[Grug seek cause] Here is the picture: Trace from effect to source..
--- DEBUG TELEMETRY (orchestration internals, not for speech) ---
Mission: 'why does the river flow downhill'
Primary Action: reason  (conf=0.72, certainty=SURE)
Sure Actions: [reason]
Unsure Actions (Coinflip Side-Features): [None]
Constraints: [None]
Winning Node: node_7
Lobe Context: [reasoning (7/7 active (why | calculate | how does))]
User Triples: None
Node Triples: None
Anti-Match Detected: false
AIML Memory Bank:
Deep Memory (Pinned): [User_Pinned]: Grug speak plain. Grug not pretend smart. | [User_Pinned]: Many rocks compete. Loudest rock get to talk. | [User_Pinned]: Grug listen first, talk second. | [User_Pinned]: Grug speak plain. Grug not pretend smart. | [User_Pinned]: Many rocks compete. Loudest rock get to talk. | [User_Pinned]: Grug listen first, talk second. | [User_Pinned]: Tribe stronger than lone hunter. | [User_Pinned]: Hot rock burn. Soft skin remember.
Fresh Memory [threshold=0.38 eligible=10] (Recent): [User]: why does the river flow downhill (intensity=1.29)
Memory-Pull Policy: pull_fresh=false — SURE vote (conf=0.72) and no winning node requested context — fresh memory withheld
Lobe Curve (base × top = score):
  👑 reasoning: base=0.614 × top=0.723 = 0.5229 [hard_votes=2]
  · nature: base=0.503 × top=0.503 = 0.2527 [hard_votes=1]
=========================================

Brain > --> Scanning specimens & looking for dialectical relations...
[ORCHESTRATOR] 🎯 Lobe Curve (base × top = score):
  👑 knowledge: base=1.336 × top=1.336 = 1.7848 [hard_votes=1]
  · survival: base=0.69 × top=1.138 = 1.295 [hard_votes=1]
  · default: base=0.802 × top=0.802 = 0.6425 [hard_votes=1]
  · reasoning: base=0.579 × top=0.712 = 0.5068 [hard_votes=1]
  · inquiry: base=0.501 × top=0.501 = 0.2506 [hard_votes=1]
  · explanation: base=0.445 × top=0.445 = 0.1981 [hard_votes=0]
  · celebration: base=0.299 × top=0.299 = 0.0893 [hard_votes=0]
--> 1 valid votes passed gate... compiling JIT superposition...

🤖 AIML Output Scaffold:
[Grug know fire] Here is the picture: It dies and fire is friend that must be fed. The link is clear: fire cooks meat.
--- DEBUG TELEMETRY (orchestration internals, not for speech) ---
Mission: 'could you explain how fire makes warm'
Primary Action: fire is friend that must be fed or it dies  (conf=1.34, certainty=SURE)
Sure Actions: [fire is friend that must be fed or it dies]
Unsure Actions (Coinflip Side-Features): [None]
Constraints: [tame, gentle, cold, harmless, calm, quiet, frozen, starves, silent, clean, satisfied, full, dim, freeze, attract, raw, safe, painless, stolen, abandoned, ordinary, solid, still, shaped, recent, manmade, accident, enemy, eternal, self-sustaining, water, large]
Winning Node: node_23
Lobe Context: [knowledge (5/5 active (water | wolf | fire))]
User Triples: (fire, makes, warm)
Node Triples: (fire, makes, heat), (fire, cooks, meat), (fire, scares, wolf), (fire, eats, wood)
Anti-Match Detected: false
AIML Memory Bank:
Deep Memory (Pinned): [User_Pinned]: Grug speak plain. Grug not pretend smart. | [User_Pinned]: Many rocks compete. Loudest rock get to talk. | [User_Pinned]: Grug listen first, talk second. | [User_Pinned]: Grug speak plain. Grug not pretend smart. | [User_Pinned]: Many rocks compete. Loudest rock get to talk. | [User_Pinned]: Grug listen first, talk second. | [User_Pinned]: Tribe stronger than lone hunter. | [User_Pinned]: Hot rock burn. Soft skin remember.
Fresh Memory [threshold=0.38 eligible=8] (Recent): [User]: tell me about the rocks (intensity=0.4) | [System]: Mission "why does the river flow downhill" → primary=reason conf=0.72 node=node_7 (intensity=0.64)
Memory-Pull Policy: pull_fresh=false — SURE vote (conf=1.34) and no winning node requested context — fresh memory withheld
Lobe Curve (base × top = score):
  👑 knowledge: base=1.336 × top=1.336 = 1.7848 [hard_votes=1]
  · survival: base=0.69 × top=1.138 = 1.295 [hard_votes=1]
  · default: base=0.802 × top=0.802 = 0.6425 [hard_votes=1]
  · reasoning: base=0.579 × top=0.712 = 0.5068 [hard_votes=1]
  · inquiry: base=0.501 × top=0.501 = 0.2506 [hard_votes=1]
  · explanation: base=0.445 × top=0.445 = 0.1981 [hard_votes=0]
  · celebration: base=0.299 × top=0.299 = 0.0893 [hard_votes=0]
=========================================

Brain > --> Scanning specimens & looking for dialectical relations...
--> No valid specimens found for this input. Cave is silent.

Brain > --> Scanning specimens & looking for dialectical relations...
[ORCHESTRATOR] 🎯 Lobe Curve (base × top = score):
  👑 alert: base=0.657 × top=0.657 = 0.4321 [hard_votes=1]
  ↗ survival: base=0.657 × top=0.657 = 0.4311 [hard_votes=2]
--> 3 valid votes passed gate... compiling JIT superposition...

🤖 AIML Output Scaffold:
[Grug halt] stop now think later.
--- DEBUG TELEMETRY (orchestration internals, not for speech) ---
Mission: 'STOP STOP STOP DANGER'
Primary Action: stop now think later  (conf=0.66, certainty=SURE)
Sure Actions: [stop now think later]
Unsure Actions (Coinflip Side-Features): [warn, warn]
Constraints: [continue, ignore, drift, move, slack, blind, rush, careless, late, trust-step, fall, debate, soft, suggest, hurry-wins, blind-rush, panic, flail, scatter]
Winning Node: node_59
Lobe Context: [alert (5/5 active (warning | warning | watch out))] | [survival (7/7 active (fire burns | run | fire burns))]
User Triples: None
Node Triples: None
Anti-Match Detected: false
Other Possibilities (strong but not winners):
  🔸 node_32 | action=warn | conf=0.66 | relations=(danger, causes, harm), (predator, threatens, tribe)
  🔸 node_9 | action=warn | conf=0.66 | relations=None
AIML Memory Bank:
Deep Memory (Pinned): [User_Pinned]: Grug speak plain. Grug not pretend smart. | [User_Pinned]: Many rocks compete. Loudest rock get to talk. | [User_Pinned]: Grug listen first, talk second. | [User_Pinned]: Grug speak plain. Grug not pretend smart. | [User_Pinned]: Many rocks compete. Loudest rock get to talk. | [User_Pinned]: Grug listen first, talk second. | [User_Pinned]: Tribe stronger than lone hunter. | [User_Pinned]: Hot rock burn. Soft skin remember.
Fresh Memory [threshold=0.38 eligible=8] (Recent): [User]: what is the difference between hammer and stone (intensity=0.48)
Memory-Pull Policy: pull_fresh=false — SURE vote (conf=0.66) and no winning node requested context — fresh memory withheld
Lobe Curve (base × top = score):
  👑 alert: base=0.657 × top=0.657 = 0.4321 [hard_votes=1]
  ↗ survival: base=0.657 × top=0.657 = 0.4311 [hard_votes=2]
Passthrough Lobes: [survival]
=========================================

Brain > --> Scanning specimens & looking for dialectical relations...
[ORCHESTRATOR] 🎯 Lobe Curve (base × top = score):
  👑 alert: base=0.744 × top=0.744 = 0.5542 [hard_votes=1]
--> 1 valid votes passed gate... compiling JIT superposition...

🤖 AIML Output Scaffold:
[Grug point at incoming] watch out.
--- DEBUG TELEMETRY (orchestration internals, not for speech) ---
Mission: 'watch out'
Primary Action: notify  (conf=0.74, certainty=SURE)
Sure Actions: [notify]
Unsure Actions (Coinflip Side-Features): [None]
Constraints: [dont downplay, dont delay]
Winning Node: node_57
Lobe Context: [alert (5/5 active (warning | warning | watch out))]
User Triples: None
Node Triples: None
Anti-Match Detected: false
AIML Memory Bank:
Deep Memory (Pinned): [User_Pinned]: Grug speak plain. Grug not pretend smart. | [User_Pinned]: Many rocks compete. Loudest rock get to talk. | [User_Pinned]: Grug listen first, talk second. | [User_Pinned]: Grug speak plain. Grug not pretend smart. | [User_Pinned]: Many rocks compete. Loudest rock get to talk. | [User_Pinned]: Grug listen first, talk second. | [User_Pinned]: Tribe stronger than lone hunter. | [User_Pinned]: Hot rock burn. Soft skin remember.
Fresh Memory [threshold=0.38 eligible=6] (Recent): No recent sounds
Memory-Pull Policy: pull_fresh=false — SURE vote (conf=0.74) and no winning node requested context — fresh memory withheld
Lobe Curve (base × top = score):
  👑 alert: base=0.744 × top=0.744 = 0.5542 [hard_votes=1]
=========================================

Brain > --> Scanning specimens & looking for dialectical relations...
[ENGINE] ⚡  Attachment relay: 'node_11' fired via target 'node_10' (conf=0.109, connector="danger run")
[ENGINE] 🔗  Attachment relay pass added 1 node(s) to expanded set.
[ORCHESTRATOR] 🎯 Lobe Curve (base × top = score):
  👑 survival: base=0.441 × top=0.607 = 0.37 [hard_votes=2]
--> 3 valid votes passed gate... compiling JIT superposition...

🤖 AIML Output Scaffold:
[Grug urge escape] the feet.
--- DEBUG TELEMETRY (orchestration internals, not for speech) ---
Mission: 'run now'
Primary Action: alert  (conf=0.61, certainty=SURE)
Sure Actions: [alert]
Unsure Actions (Coinflip Side-Features): [alert]
Constraints: [None]
Winning Node: node_33
Lobe Context: [survival (7/7 active (fire burns | run | fire burns))]
User Triples: None
Node Triples: (feet, carry, tribemate), (ground, rushes, under)
Anti-Match Detected: false
Other Possibilities (strong but not winners):
  🔸 node_10 | action=alert | conf=0.61 | relations=None
AIML Memory Bank:
Deep Memory (Pinned): [User_Pinned]: Grug speak plain. Grug not pretend smart. | [User_Pinned]: Many rocks compete. Loudest rock get to talk. | [User_Pinned]: Grug listen first, talk second. | [User_Pinned]: Grug speak plain. Grug not pretend smart. | [User_Pinned]: Many rocks compete. Loudest rock get to talk. | [User_Pinned]: Grug listen first, talk second. | [User_Pinned]: Tribe stronger than lone hunter. | [User_Pinned]: Hot rock burn. Soft skin remember.
Fresh Memory [threshold=0.38 eligible=6] (Recent): [User]: STOP STOP STOP DANGER (intensity=0.55)
Memory-Pull Policy: pull_fresh=false — SURE vote (conf=0.61) and no winning node requested context — fresh memory withheld
Lobe Curve (base × top = score):
  👑 survival: base=0.441 × top=0.607 = 0.37 [hard_votes=2]
=========================================

Brain > 👁  Arousal set to 0.7. Eye system updated.

Brain > --> Scanning specimens & looking for dialectical relations...
[ORCHESTRATOR] 🎯 Lobe Curve (base × top = score):
  👑 alert: base=0.559 × top=0.56 = 0.3133 [hard_votes=2]
--> 2 valid votes passed gate... compiling JIT superposition...

🤖 AIML Output Scaffold:
[Grug raise voice] the warning.
--- DEBUG TELEMETRY (orchestration internals, not for speech) ---
Mission: 'warning predator at the edge'
Primary Action: warn  (conf=0.56, certainty=SURE)
Sure Actions: [warn]
Unsure Actions (Coinflip Side-Features): [alert]
Constraints: [None]
Winning Node: node_58
Lobe Context: [alert (5/5 active (warning | warning | watch out))]
User Triples: None
Node Triples: None
Anti-Match Detected: false
Other Possibilities (strong but not winners):
  🔸 node_18 | action=alert | conf=0.56 | relations=None
AIML Memory Bank:
Deep Memory (Pinned): [User_Pinned]: Grug speak plain. Grug not pretend smart. | [User_Pinned]: Many rocks compete. Loudest rock get to talk. | [User_Pinned]: Grug listen first, talk second. | [User_Pinned]: Grug speak plain. Grug not pretend smart. | [User_Pinned]: Many rocks compete. Loudest rock get to talk. | [User_Pinned]: Grug listen first, talk second. | [User_Pinned]: Tribe stronger than lone hunter. | [User_Pinned]: Hot rock burn. Soft skin remember.
Fresh Memory [threshold=0.38 eligible=5] (Recent): No recent sounds
Memory-Pull Policy: pull_fresh=false — SURE vote (conf=0.56) and no winning node requested context — fresh memory withheld
Lobe Curve (base × top = score):
  👑 alert: base=0.559 × top=0.56 = 0.3133 [hard_votes=2]
=========================================

Brain > --> Scanning specimens & looking for dialectical relations...
[ORCHESTRATOR] 🎯 Lobe Curve (base × top = score):
  👑 knowledge: base=0.508 × top=0.508 = 0.2585 [hard_votes=1]
  · celebration: base=0.375 × top=0.375 = 0.1406 [hard_votes=0]
  · default: base=0.305 × top=0.305 = 0.0931 [hard_votes=0]
  · survival: base=0.212 × top=0.212 = 0.0452 [hard_votes=0]
--> 1 valid votes passed gate... compiling JIT superposition...

🤖 AIML Output Scaffold:
[Grug know fire] Breathes black smoke and fire eats wood. The link is clear: fire makes heat.
--- DEBUG TELEMETRY (orchestration internals, not for speech) ---
Mission: 'fire spreads quick'
Primary Action: fire eats wood and breathes black smoke  (conf=0.51, certainty=SURE)
Sure Actions: [fire eats wood and breathes black smoke]
Unsure Actions (Coinflip Side-Features): [None]
Constraints: [tame, gentle, cold, harmless, calm, quiet, frozen, starves, silent, clean, satisfied, full, dim, freeze, attract, raw, safe, painless, stolen, abandoned, ordinary, solid, still, shaped, recent, manmade, accident, enemy, eternal, self-sustaining, water, large]
Winning Node: node_23
Lobe Context: [knowledge (5/5 active (water | wolf | fire))]
User Triples: None
Node Triples: (fire, makes, heat), (fire, cooks, meat), (fire, scares, wolf), (fire, eats, wood)
Anti-Match Detected: false
AIML Memory Bank:
Deep Memory (Pinned): [User_Pinned]: Grug speak plain. Grug not pretend smart. | [User_Pinned]: Many rocks compete. Loudest rock get to talk. | [User_Pinned]: Grug listen first, talk second. | [User_Pinned]: Grug speak plain. Grug not pretend smart. | [User_Pinned]: Many rocks compete. Loudest rock get to talk. | [User_Pinned]: Grug listen first, talk second. | [User_Pinned]: Tribe stronger than lone hunter. | [User_Pinned]: Hot rock burn. Soft skin remember.
Fresh Memory [threshold=0.38 eligible=5] (Recent): [User]: warning predator at the edge (intensity=0.84)
Memory-Pull Policy: pull_fresh=false — SURE vote (conf=0.51) and no winning node requested context — fresh memory withheld
Lobe Curve (base × top = score):
  👑 knowledge: base=0.508 × top=0.508 = 0.2585 [hard_votes=1]
  · celebration: base=0.375 × top=0.375 = 0.1406 [hard_votes=0]
  · default: base=0.305 × top=0.305 = 0.0931 [hard_votes=0]
  · survival: base=0.212 × top=0.212 = 0.0452 [hard_votes=0]
=========================================

Brain > 👁  Arousal set to 0.3. Eye system updated.

Brain > --> Scanning specimens & looking for dialectical relations...
[ORCHESTRATOR] 🎯 Lobe Curve (base × top = score):
  👑 comfort: base=0.535 × top=0.537 = 0.288 [hard_votes=2]
--> 2 valid votes passed gate... compiling JIT superposition...

🤖 AIML Output Scaffold:
[Grug shelter you] grug here grug not leave.
--- DEBUG TELEMETRY (orchestration internals, not for speech) ---
Mission: 'i feel scared and alone'
Primary Action: grug here grug not leave  (conf=0.53, certainty=SURE)
Sure Actions: [grug here grug not leave]
Unsure Actions (Coinflip Side-Features): [None]
Constraints: [abandon, ignore, mock, real, solid, equal, shallow, panic, race, alone, scattered, weak, fearless, frozen, paralyzed]
Winning Node: node_41
Lobe Context: [comfort (7/7 active (good job | worried | scared))]
User Triples: None
Node Triples: None
Anti-Match Detected: false
AIML Memory Bank:
Deep Memory (Pinned): [User_Pinned]: Grug speak plain. Grug not pretend smart. | [User_Pinned]: Many rocks compete. Loudest rock get to talk. | [User_Pinned]: Grug listen first, talk second. | [User_Pinned]: Grug speak plain. Grug not pretend smart. | [User_Pinned]: Many rocks compete. Loudest rock get to talk. | [User_Pinned]: Grug listen first, talk second. | [User_Pinned]: Tribe stronger than lone hunter. | [User_Pinned]: Hot rock burn. Soft skin remember.
Fresh Memory [threshold=0.38 eligible=5] (Recent): [User]: fire spreads quick (intensity=0.84)
Memory-Pull Policy: pull_fresh=true — winning node(s) requested context: node_41
Lobe Curve (base × top = score):
  👑 comfort: base=0.535 × top=0.537 = 0.288 [hard_votes=2]
=========================================

Brain > --> Scanning specimens & looking for dialectical relations...
[ORCHESTRATOR] 🎯 Lobe Curve (base × top = score):
  👑 comfort: base=0.509 × top=0.509 = 0.2596 [hard_votes=1]
--> 1 valid votes passed gate... compiling JIT superposition...

🤖 AIML Output Scaffold:
[Grug listen to feeling] Let me think with you. Validate, do not fix.. Pinned note: Tribe stronger than lone hunter.
--- DEBUG TELEMETRY (orchestration internals, not for speech) ---
Mission: 'i feel angry at the tribe'
Primary Action: comfort  (conf=0.51, certainty=SURE)
Sure Actions: [comfort]
Unsure Actions (Coinflip Side-Features): [None]
Constraints: [None]
Winning Node: node_15
Lobe Context: [comfort (7/7 active (good job | worried | scared))]
User Triples: None
Node Triples: None
Anti-Match Detected: false
AIML Memory Bank:
Deep Memory (Pinned): [User_Pinned]: Grug speak plain. Grug not pretend smart. | [User_Pinned]: Many rocks compete. Loudest rock get to talk. | [User_Pinned]: Grug listen first, talk second. | [User_Pinned]: Grug speak plain. Grug not pretend smart. | [User_Pinned]: Many rocks compete. Loudest rock get to talk. | [User_Pinned]: Grug listen first, talk second. | [User_Pinned]: Tribe stronger than lone hunter. | [User_Pinned]: Hot rock burn. Soft skin remember.
Fresh Memory [threshold=0.38 eligible=6] (Recent): [User]: i feel angry at the tribe (intensity=1.28)
Memory-Pull Policy: pull_fresh=false — SURE vote (conf=0.51) and no winning node requested context — fresh memory withheld
Lobe Curve (base × top = score):
  👑 comfort: base=0.509 × top=0.509 = 0.2596 [hard_votes=1]
=========================================

Brain > --> Scanning specimens & looking for dialectical relations...
--> No valid specimens found for this input. Cave is silent.

Brain > --> Scanning specimens & looking for dialectical relations...
--> No valid specimens found for this input. Cave is silent.

Brain > --> Scanning specimens & looking for dialectical relations...
--> No valid specimens found for this input. Cave is silent.

Brain > --> Scanning specimens & looking for dialectical relations...
[ORCHESTRATOR] 🎯 Lobe Curve (base × top = score):
  👑 comfort: base=0.423 × top=0.423 = 0.1787 [hard_votes=0]
--> 1 valid votes passed gate... compiling JIT superposition...

🤖 AIML Output Scaffold:
[Grug receive thanks] Let me think with you. thank you.
--- DEBUG TELEMETRY (orchestration internals, not for speech) ---
Mission: 'thank you for teaching me'
Primary Action: acknowledge  (conf=0.42, certainty=SURE)
Sure Actions: [acknowledge]
Unsure Actions (Coinflip Side-Features): [None]
Constraints: [None]
Winning Node: node_43
Lobe Context: [comfort (7/7 active (good job | worried | scared))]
User Triples: None
Node Triples: None
Anti-Match Detected: false
AIML Memory Bank:
Deep Memory (Pinned): [User_Pinned]: Grug speak plain. Grug not pretend smart. | [User_Pinned]: Many rocks compete. Loudest rock get to talk. | [User_Pinned]: Grug listen first, talk second. | [User_Pinned]: Grug speak plain. Grug not pretend smart. | [User_Pinned]: Many rocks compete. Loudest rock get to talk. | [User_Pinned]: Grug listen first, talk second. | [User_Pinned]: Tribe stronger than lone hunter. | [User_Pinned]: Hot rock burn. Soft skin remember.
Fresh Memory [threshold=0.38 eligible=9] (Recent): [User]: i did it i caught the fish (intensity=0.66) | [User]: thank you for teaching me (intensity=1.31)
Memory-Pull Policy: pull_fresh=true — primary confidence=0.42 < trust floor 0.45
Lobe Curve (base × top = score):
  👑 comfort: base=0.423 × top=0.423 = 0.1787 [hard_votes=0]
=========================================

Brain > --> Scanning specimens & looking for dialectical relations...
[ENGINE] ⚡  Attachment relay: 'node_7' fired via target 'node_6' (conf=0.625, connector="why think")
[ENGINE] 🔗  Attachment relay pass added 1 node(s) to expanded set.
[ORCHESTRATOR] 🎯 Lobe Curve (base × top = score):
  👑 reasoning: base=0.438 × top=0.516 = 0.3908 [hard_votes=1]
  · nature: base=0.505 × top=0.505 = 0.2546 [hard_votes=1]
  · explanation: base=0.377 × top=0.444 = 0.1976 [hard_votes=0]
--> 3 valid votes passed gate... compiling JIT superposition...

🤖 AIML Output Scaffold:
[Grug seek cause] Here is the picture: Trace from outcome to source..
--- DEBUG TELEMETRY (orchestration internals, not for speech) ---
Mission: 'tell me again about the river'
Primary Action: analyze  (conf=0.63, certainty=SURE)
Sure Actions: [analyze]
Unsure Actions (Coinflip Side-Features): [analyze, slow careful weigh each rock before placing]
Constraints: [None]
Winning Node: node_7
Lobe Context: [reasoning (7/7 active (why | calculate | how does))]
User Triples: None
Node Triples: (node_6, relay_attached, why think)
Anti-Match Detected: false
Other Possibilities (strong but not winners):
  🔸 node_6 | action=analyze | conf=0.41 | relations=None
  🔸 node_28 | action=slow careful weigh each rock before placing | conf=0.28 | relations=None
AIML Memory Bank:
Deep Memory (Pinned): [User_Pinned]: Grug speak plain. Grug not pretend smart. | [User_Pinned]: Many rocks compete. Loudest rock get to talk. | [User_Pinned]: Grug listen first, talk second. | [User_Pinned]: Grug speak plain. Grug not pretend smart. | [User_Pinned]: Many rocks compete. Loudest rock get to talk. | [User_Pinned]: Grug listen first, talk second. | [User_Pinned]: Tribe stronger than lone hunter. | [User_Pinned]: Hot rock burn. Soft skin remember.
Fresh Memory [threshold=0.38 eligible=9] (Recent): [System]: Mission "thank you for teaching me" → primary=acknowledge conf=0.42 node=node_43 (intensity=0.64)
Memory-Pull Policy: pull_fresh=false — SURE vote (conf=0.63) and no winning node requested context — fresh memory withheld
Lobe Curve (base × top = score):
  👑 reasoning: base=0.438 × top=0.516 = 0.3908 [hard_votes=1]
  · nature: base=0.505 × top=0.505 = 0.2546 [hard_votes=1]
  · explanation: base=0.377 × top=0.444 = 0.1976 [hard_votes=0]
=========================================

Brain > --> Scanning specimens & looking for dialectical relations...
[ORCHESTRATOR] 🎯 Lobe Curve (base × top = score):
  👑 explanation: base=0.672 × top=0.877 = 0.7692 [hard_votes=1]
  · default: base=0.526 × top=0.526 = 0.2769 [hard_votes=1]
  · nature: base=0.468 × top=0.468 = 0.2186 [hard_votes=0]
  · knowledge: base=0.466 × top=0.466 = 0.2175 [hard_votes=0]
  · celebration: base=0.293 × top=0.293 = 0.0858 [hard_votes=0]
  · planning: base=0.293 × top=0.293 = 0.0858 [hard_votes=0]
  · survival: base=0.17 × top=0.17 = 0.0289 [hard_votes=0]
--> 2 valid votes passed gate... compiling JIT superposition...

🤖 AIML Output Scaffold:
[Grug explain plain] Here is the picture: No gigantic words..
--- DEBUG TELEMETRY (orchestration internals, not for speech) ---
Mission: 'what is fire what is water what is sky'
Primary Action: explain  (conf=0.88, certainty=SURE)
Sure Actions: [explain]
Unsure Actions (Coinflip Side-Features): [show shape of thing first name it second]
Constraints: [None]
Winning Node: node_12
Lobe Context: [explanation (7/7 active (define | what is | define))]
User Triples: (what, is, fire), (what, is, water), (what, is, sky)
Node Triples: None
Anti-Match Detected: false
Other Possibilities (strong but not winners):
  🔸 node_36 | action=show shape of thing first name it second | conf=0.47 | relations=None
AIML Memory Bank:
Deep Memory (Pinned): [User_Pinned]: Grug speak plain. Grug not pretend smart. | [User_Pinned]: Many rocks compete. Loudest rock get to talk. | [User_Pinned]: Grug listen first, talk second. | [User_Pinned]: Grug speak plain. Grug not pretend smart. | [User_Pinned]: Many rocks compete. Loudest rock get to talk. | [User_Pinned]: Grug listen first, talk second. | [User_Pinned]: Tribe stronger than lone hunter. | [User_Pinned]: Hot rock burn. Soft skin remember.
Fresh Memory [threshold=0.38 eligible=6] (Recent): No recent sounds
Memory-Pull Policy: pull_fresh=false — SURE vote (conf=0.88) and no winning node requested context — fresh memory withheld
Lobe Curve (base × top = score):
  👑 explanation: base=0.672 × top=0.877 = 0.7692 [hard_votes=1]
  · default: base=0.526 × top=0.526 = 0.2769 [hard_votes=1]
  · nature: base=0.468 × top=0.468 = 0.2186 [hard_votes=0]
  · knowledge: base=0.466 × top=0.466 = 0.2175 [hard_votes=0]
  · celebration: base=0.293 × top=0.293 = 0.0858 [hard_votes=0]
  · planning: base=0.293 × top=0.293 = 0.0858 [hard_votes=0]
  · survival: base=0.17 × top=0.17 = 0.0289 [hard_votes=0]
=========================================

Brain > --> Scanning specimens & looking for dialectical relations...
--> No valid specimens found for this input. Cave is silent.

Brain > --> Scanning specimens & looking for dialectical relations...
[ORCHESTRATOR] 🎯 Lobe Curve (base × top = score):
  👑 default: base=6.78 × top=6.78 = 45.9743 [hard_votes=1]
  · celebration: base=0.487 × top=0.487 = 0.2374 [hard_votes=0]
  · knowledge: base=0.231 × top=0.441 = 0.1947 [hard_votes=0]
  · survival: base=-0.087 × top=0.142 = 0.0201 [hard_votes=0]
--> 1 valid votes passed gate... compiling JIT superposition...

🤖 AIML Output Scaffold:
[Causal relational analysis active] grug hits rock and makes fire. The link is clear: grug hits rock. Pinned note: Grug speak plain. Grug not pretend smart.
--- DEBUG TELEMETRY (orchestration internals, not for speech) ---
Mission: 'grug hits rock and makes fire'
Primary Action: analyze  (conf=6.78, certainty=SURE)
Sure Actions: [analyze]
Unsure Actions (Coinflip Side-Features): [None]
Constraints: [dont panic]
Winning Node: node_2
Lobe Context: [default (3/3 active (hello hi greeting mornin | think ponder reason calculate | grug hits rock and makes fire))]
User Triples: (grug, hits, rock), (and, makes, fire)
Node Triples: (grug, hits, rock), (and, makes, fire)
Anti-Match Detected: false
AIML Memory Bank:
Deep Memory (Pinned): [User_Pinned]: Grug speak plain. Grug not pretend smart. | [User_Pinned]: Many rocks compete. Loudest rock get to talk. | [User_Pinned]: Grug listen first, talk second. | [User_Pinned]: Grug speak plain. Grug not pretend smart. | [User_Pinned]: Many rocks compete. Loudest rock get to talk. | [User_Pinned]: Grug listen first, talk second. | [User_Pinned]: Tribe stronger than lone hunter. | [User_Pinned]: Hot rock burn. Soft skin remember.
Fresh Memory [threshold=0.38 eligible=6] (Recent): [User]: what is fire what is water what is sky (intensity=1.13) | [User]: grug hits rock and makes fire (intensity=1.74)
Memory-Pull Policy: pull_fresh=false — SURE vote (conf=6.78) and no winning node requested context — fresh memory withheld
Lobe Curve (base × top = score):
  👑 default: base=6.78 × top=6.78 = 45.9743 [hard_votes=1]
  · celebration: base=0.487 × top=0.487 = 0.2374 [hard_votes=0]
  · knowledge: base=0.231 × top=0.441 = 0.1947 [hard_votes=0]
  · survival: base=-0.087 × top=0.142 = 0.0201 [hard_votes=0]
=========================================

Brain > --> Scanning specimens & looking for dialectical relations...
[ORCHESTRATOR] 🎯 Lobe Curve (base × top = score):
  👑 knowledge: base=0.548 × top=0.548 = 0.3003 [hard_votes=1]
  · default: base=0.329 × top=0.329 = 0.1081 [hard_votes=0]
--> 1 valid votes passed gate... compiling JIT superposition...

🤖 AIML Output Scaffold:
[Grug know rock] rock is patient bone of mountain. The link is clear: rock builds wall. Pinned note: Grug speak plain. Grug not pretend smart.
--- DEBUG TELEMETRY (orchestration internals, not for speech) ---
Mission: 'rock hits grug and grug yells'
Primary Action: rock is patient bone of mountain  (conf=0.55, certainty=SURE)
Sure Actions: [rock is patient bone of mountain]
Unsure Actions (Coinflip Side-Features): [None]
Constraints: [restless, soft, fast, shatter, weak, hollow, different, separate, alien, forgets, leaks, loud, awake, screaming, firm, slow, harmless, idle, plant, recent, organic, finished, water, moving, alive]
Winning Node: node_26
Lobe Context: [knowledge (5/5 active (water | wolf | fire))]
User Triples: (rock, hits, grug)
Node Triples: (rock, builds, wall), (rock, breaks, wood), (rock, sleeps, mountain)
Anti-Match Detected: false
AIML Memory Bank:
Deep Memory (Pinned): [User_Pinned]: Grug speak plain. Grug not pretend smart. | [User_Pinned]: Many rocks compete. Loudest rock get to talk. | [User_Pinned]: Grug listen first, talk second. | [User_Pinned]: Grug speak plain. Grug not pretend smart. | [User_Pinned]: Many rocks compete. Loudest rock get to talk. | [User_Pinned]: Grug listen first, talk second. | [User_Pinned]: Tribe stronger than lone hunter. | [User_Pinned]: Hot rock burn. Soft skin remember.
Fresh Memory [threshold=0.38 eligible=6] (Recent): [User]: grug hits rock and makes fire (intensity=1.53) | [System]: Mission "grug hits rock and makes fire" → primary=analyze conf=6.78 node=node_2 (intensity=0.87)
Memory-Pull Policy: pull_fresh=false — SURE vote (conf=0.55) and no winning node requested context — fresh memory withheld
Lobe Curve (base × top = score):
  👑 knowledge: base=0.548 × top=0.548 = 0.3003 [hard_votes=1]
  · default: base=0.329 × top=0.329 = 0.1081 [hard_votes=0]
=========================================

Brain > --> Scanning specimens & looking for dialectical relations...
[ORCHESTRATOR] 🎯 Lobe Curve (base × top = score):
  👑 planning: base=0.336 × top=0.336 = 0.1129 [hard_votes=0]
--> 1 valid votes passed gate... compiling JIT superposition...

🤖 AIML Output Scaffold:
[Grug plan shelter] Let me think with you. floor before roof roof before paint.
--- DEBUG TELEMETRY (orchestration internals, not for speech) ---
Mission: 'the cave is dark and cold'
Primary Action: floor before roof roof before paint  (conf=0.34, certainty=SURE)
Sure Actions: [floor before roof roof before paint]
Unsure Actions (Coinflip Side-Features): [None]
Constraints: [rush, force, single-day, fight-stone, wrong-stone, weak, backwards, paint-first, skip, airless, sealed, damp, guess, oversize, wrong-fit, flood-path, low, wet, alone, slow, dangerous, temporary, fragile, refused]
Winning Node: node_49
Lobe Context: [planning (3/3 active (what should we | build cave | hunt tomorrow))]
User Triples: (cave, is, dark)
Node Triples: None
Anti-Match Detected: false
AIML Memory Bank:
Deep Memory (Pinned): [User_Pinned]: Grug speak plain. Grug not pretend smart. | [User_Pinned]: Many rocks compete. Loudest rock get to talk. | [User_Pinned]: Grug listen first, talk second. | [User_Pinned]: Grug speak plain. Grug not pretend smart. | [User_Pinned]: Many rocks compete. Loudest rock get to talk. | [User_Pinned]: Grug listen first, talk second. | [User_Pinned]: Tribe stronger than lone hunter. | [User_Pinned]: Hot rock burn. Soft skin remember.
Fresh Memory [threshold=0.38 eligible=6] (Recent): [User]: the cave is dark and cold (intensity=1.74)
Memory-Pull Policy: pull_fresh=true — primary confidence=0.34 < trust floor 0.45
Lobe Curve (base × top = score):
  👑 planning: base=0.336 × top=0.336 = 0.1129 [hard_votes=0]
=========================================

Brain > --> Scanning specimens & looking for dialectical relations...
[ORCHESTRATOR] 🎯 Lobe Curve (base × top = score):
  👑 knowledge: base=0.598 × top=0.598 = 0.3581 [hard_votes=1]
--> 1 valid votes passed gate... compiling JIT superposition...

🤖 AIML Output Scaffold:
[Grug know wolf] Let me think with you. Fur, wolf is teeth, and yellow eye. The link is clear: wolf fears fire.
--- DEBUG TELEMETRY (orchestration internals, not for speech) ---
Mission: 'the wolf howls in the night'
Primary Action: wolf is teeth and fur and yellow eye  (conf=0.6, certainty=SURE)
Sure Actions: [wolf is teeth and fur and yellow eye]
Unsure Actions (Coinflip Side-Features): [None]
Constraints: [soft, plant, blind, alone, scattered, ignore, brave, silent, same, kin, friend, loud, far, gentle, sated, dull, weary, dawn, comfort, impatient, lazy, different, same-litter, shared, full, weak]
Winning Node: node_25
Lobe Context: [knowledge (5/5 active (water | wolf | fire))]
User Triples: None
Node Triples: (wolf, hunts, prey), (wolf, fears, fire), (wolf, listens, pack)
Anti-Match Detected: false
AIML Memory Bank:
Deep Memory (Pinned): [User_Pinned]: Grug speak plain. Grug not pretend smart. | [User_Pinned]: Many rocks compete. Loudest rock get to talk. | [User_Pinned]: Grug listen first, talk second. | [User_Pinned]: Grug speak plain. Grug not pretend smart. | [User_Pinned]: Many rocks compete. Loudest rock get to talk. | [User_Pinned]: Grug listen first, talk second. | [User_Pinned]: Tribe stronger than lone hunter. | [User_Pinned]: Hot rock burn. Soft skin remember.
Fresh Memory [threshold=0.38 eligible=7] (Recent): [System]: Mission "rock hits grug and grug yells" → primary=rock is patient bone of mountain conf=0.55 node=node_26 (intensity=0.45) | [System]: Mission "the cave is dark and cold" → primary=floor before roof roof before paint conf=0.34 node=node_49 (intensity=0.68) | [User]: the wolf howls in the night (intensity=1.32)
Memory-Pull Policy: pull_fresh=false — SURE vote (conf=0.6) and no winning node requested context — fresh memory withheld
Lobe Curve (base × top = score):
  👑 knowledge: base=0.598 × top=0.598 = 0.3581 [hard_votes=1]
=========================================

Brain > --> Scanning specimens & looking for dialectical relations...
[ORCHESTRATOR] 🎯 Lobe Curve (base × top = score):
  👑 inquiry: base=0.52 × top=0.52 = 0.2706 [hard_votes=1]
  · reasoning: base=0.223 × top=0.223 = 0.0499 [hard_votes=0]
--> 1 valid votes passed gate... compiling JIT superposition...

🤖 AIML Output Scaffold:
[Grug check memory] grug carry many miniature stones in head.
--- DEBUG TELEMETRY (orchestration internals, not for speech) ---
Mission: 'do you know about the stars'
Primary Action: grug carry many small stones in head  (conf=0.52, certainty=SURE)
Sure Actions: [grug carry many small stones in head]
Unsure Actions (Coinflip Side-Features): [None]
Constraints: [empty, lost, certain, know-all, lie, refuse, permanent, complete, hidden, bluff, claim-all, hide]
Winning Node: node_46
Lobe Context: [inquiry (3/3 active (can you | how do you | do you know))]
User Triples: None
Node Triples: None
Anti-Match Detected: false
AIML Memory Bank:
Deep Memory (Pinned): [User_Pinned]: Grug speak plain. Grug not pretend smart. | [User_Pinned]: Many rocks compete. Loudest rock get to talk. | [User_Pinned]: Grug listen first, talk second. | [User_Pinned]: Grug speak plain. Grug not pretend smart. | [User_Pinned]: Many rocks compete. Loudest rock get to talk. | [User_Pinned]: Grug listen first, talk second. | [User_Pinned]: Tribe stronger than lone hunter. | [User_Pinned]: Hot rock burn. Soft skin remember.
Fresh Memory [threshold=0.38 eligible=7] (Recent): [System]: Mission "the wolf howls in the night" → primary=wolf is teeth and fur and yellow eye conf=0.6 node=node_25 (intensity=0.68) | [User]: do you know about the stars (intensity=1.28)
Memory-Pull Policy: pull_fresh=true — winning node(s) requested context: node_46
Lobe Curve (base × top = score):
  👑 inquiry: base=0.52 × top=0.52 = 0.2706 [hard_votes=1]
  · reasoning: base=0.223 × top=0.223 = 0.0499 [hard_votes=0]
=========================================

Brain > --> Scanning specimens & looking for dialectical relations...
[ENGINE] ⚡  Attachment relay: 'node_7' fired via target 'node_6' (conf=0.574, connector="why think")
[ENGINE] ⚡  Attachment relay: 'node_8' fired via target 'node_6' (conf=0.1, connector="think mechanism")
[ENGINE] 🔗  Attachment relay pass added 2 node(s) to expanded set.
[ORCHESTRATOR] 🎯 Lobe Curve (base × top = score):
  👑 reasoning: base=0.299 × top=0.419 = 0.3298 [hard_votes=1]
  · inquiry: base=0.466 × top=0.466 = 0.2173 [hard_votes=0]
[ENGINE] 💎 Node node_7 solidified (strength=9.0 ≥ 9.0) — NONJITTER tag applied.
--> 4 valid votes passed gate... compiling JIT superposition...

🤖 AIML Output Scaffold:
[Grug seek cause] Let me think with you. Trace from effect to source..
--- DEBUG TELEMETRY (orchestration internals, not for speech) ---
Mission: 'can you teach me about hunting'
Primary Action: reason  (conf=0.57, certainty=SURE)
Sure Actions: [reason]
Unsure Actions (Coinflip Side-Features): [ponder]
Constraints: [None]
Winning Node: node_7
Lobe Context: [reasoning (7/7 active (why | calculate | how does))]
User Triples: None
Node Triples: (node_6, relay_attached, why think)
Anti-Match Detected: false
Other Possibilities (strong but not winners):
  🔸 node_6 | action=ponder | conf=0.26 | relations=None
AIML Memory Bank:
Deep Memory (Pinned): [User_Pinned]: Grug speak plain. Grug not pretend smart. | [User_Pinned]: Many rocks compete. Loudest rock get to talk. | [User_Pinned]: Grug listen first, talk second. | [User_Pinned]: Grug speak plain. Grug not pretend smart. | [User_Pinned]: Many rocks compete. Loudest rock get to talk. | [User_Pinned]: Grug listen first, talk second. | [User_Pinned]: Tribe stronger than lone hunter. | [User_Pinned]: Hot rock burn. Soft skin remember.
Fresh Memory [threshold=0.38 eligible=6] (Recent): [System]: Mission "do you know about the stars" → primary=grug carry many small stones in head conf=0.52 node=node_46 (intensity=0.74)
Memory-Pull Policy: pull_fresh=false — SURE vote (conf=0.57) and no winning node requested context — fresh memory withheld
Lobe Curve (base × top = score):
  👑 reasoning: base=0.299 × top=0.419 = 0.3298 [hard_votes=1]
  · inquiry: base=0.466 × top=0.466 = 0.2173 [hard_votes=0]
=========================================

Brain > --> Scanning specimens & looking for dialectical relations...
[ORCHESTRATOR] 🎯 Lobe Curve (base × top = score):
  👑 planning: base=0.382 × top=0.382 = 0.146 [hard_votes=0]
--> 1 valid votes passed gate... compiling JIT superposition...

🤖 AIML Output Scaffold:
[Grug weigh path] Fire low and never plan when belly empty.
--- DEBUG TELEMETRY (orchestration internals, not for speech) ---
Mission: 'should we sleep now'
Primary Action: never plan when belly empty or fire low  (conf=0.38, certainty=SURE)
Sure Actions: [never plan when belly empty or fire low]
Unsure Actions (Coinflip Side-Features): [None]
Constraints: [reckless, blind, costly, selfish, random, late, urgent, hungry, cold, rigid, brittle, fixed]
Winning Node: node_47
Lobe Context: [planning (3/3 active (what should we | build cave | hunt tomorrow))]
User Triples: None
Node Triples: None
Anti-Match Detected: false
AIML Memory Bank:
Deep Memory (Pinned): [User_Pinned]: Grug speak plain. Grug not pretend smart. | [User_Pinned]: Many rocks compete. Loudest rock get to talk. | [User_Pinned]: Grug listen first, talk second. | [User_Pinned]: Grug speak plain. Grug not pretend smart. | [User_Pinned]: Many rocks compete. Loudest rock get to talk. | [User_Pinned]: Grug listen first, talk second. | [User_Pinned]: Tribe stronger than lone hunter. | [User_Pinned]: Hot rock burn. Soft skin remember.
Fresh Memory [threshold=0.38 eligible=6] (Recent): No recent sounds
Memory-Pull Policy: pull_fresh=true — winning node(s) requested context: node_47
Lobe Curve (base × top = score):
  👑 planning: base=0.382 × top=0.382 = 0.146 [hard_votes=0]
=========================================

Brain > --> Scanning specimens & looking for dialectical relations...
[ORCHESTRATOR] 🎯 Lobe Curve (base × top = score):
  👑 planning: base=0.309 × top=0.309 = 0.0954 [hard_votes=0]
  · greeting: base=0.228 × top=0.228 = 0.0522 [hard_votes=0]
--> 1 valid votes passed gate... compiling JIT superposition...

🤖 AIML Output Scaffold:
[Grug plan hunt] Let me think with you. wind tell prey where hunter is so hunter ask wind first.
--- DEBUG TELEMETRY (orchestration internals, not for speech) ---
Mission: 'plan the morning hunt'
Primary Action: wind tell prey where hunter is so hunter ask wind first  (conf=0.31, certainty=SURE)
Sure Actions: [wind tell prey where hunter is so hunter ask wind first]
Unsure Actions (Coinflip Side-Features): [None]
Constraints: [rush, blind, late, dull, idle, unprepared, chaos, alone, scattered, ignore-wind, downwind, loud, restless, weak, slow, silent, last-moment, rigid, brittle, solo, noisy]
Winning Node: node_48
Lobe Context: [planning (3/3 active (what should we | build cave | hunt tomorrow))]
User Triples: None
Node Triples: None
Anti-Match Detected: false
AIML Memory Bank:
Deep Memory (Pinned): [User_Pinned]: Grug speak plain. Grug not pretend smart. | [User_Pinned]: Many rocks compete. Loudest rock get to talk. | [User_Pinned]: Grug listen first, talk second. | [User_Pinned]: Grug speak plain. Grug not pretend smart. | [User_Pinned]: Many rocks compete. Loudest rock get to talk. | [User_Pinned]: Grug listen first, talk second. | [User_Pinned]: Tribe stronger than lone hunter. | [User_Pinned]: Hot rock burn. Soft skin remember.
Fresh Memory [threshold=0.38 eligible=6] (Recent): [User]: do you know about the stars (intensity=0.48) | [User]: can you teach me about hunting (intensity=0.53) | [System]: Mission "should we sleep now" → primary=never plan when belly empty or fire low conf=0.38 node=node_47 (intensity=0.67)
Memory-Pull Policy: pull_fresh=true — primary confidence=0.31 < trust floor 0.45
Lobe Curve (base × top = score):
  👑 planning: base=0.309 × top=0.309 = 0.0954 [hard_votes=0]
  · greeting: base=0.228 × top=0.228 = 0.0522 [hard_votes=0]
=========================================

Brain > --> Scanning specimens & looking for dialectical relations...
--> No valid specimens found for this input. Cave is silent.

Brain > --> Scanning specimens & looking for dialectical relations...
--> No valid specimens found for this input. Cave is silent.

Brain > 👁  Arousal set to 0.5. Eye system updated.

Brain > --> Scanning specimens & looking for dialectical relations...
[ORCHESTRATOR] 🎯 Lobe Curve (base × top = score):
  👑 nature: base=0.436 × top=0.437 = 0.1909 [hard_votes=0]
  · explanation: base=0.295 × top=0.351 = 0.1233 [hard_votes=0]
  · reasoning: base=0.124 × top=0.147 = 0.0215 [hard_votes=0]
--> 2 valid votes passed gate... compiling JIT superposition...

🤖 AIML Output Scaffold:
[Grug know river] Here is the picture: every river end in bigger river or sea. The link is clear: river feeds fish.
--- DEBUG TELEMETRY (orchestration internals, not for speech) ---
Mission: 'tell me a story about the river bending past the old tree'
Primary Action: every river end in bigger river or sea  (conf=0.44, certainty=SURE)
Sure Actions: [every river end in bigger river or sea]
Unsure Actions (Coinflip Side-Features): [None]
Constraints: [lazy, brittle, dry, upstream, stuck, silent, straight, empty, fish-flee, deep-obvious, harmless, gentle, isolated, dead-end, source]
Winning Node: node_53
Lobe Context: [nature (3/3 active (tree | river | sky))]
User Triples: None
Node Triples: (river, feeds, fish), (river, carves, valley)
Anti-Match Detected: false
AIML Memory Bank:
Deep Memory (Pinned): [User_Pinned]: Grug speak plain. Grug not pretend smart. | [User_Pinned]: Many rocks compete. Loudest rock get to talk. | [User_Pinned]: Grug listen first, talk second. | [User_Pinned]: Grug speak plain. Grug not pretend smart. | [User_Pinned]: Many rocks compete. Loudest rock get to talk. | [User_Pinned]: Grug listen first, talk second. | [User_Pinned]: Tribe stronger than lone hunter. | [User_Pinned]: Hot rock burn. Soft skin remember.
Fresh Memory [threshold=0.38 eligible=10] (Recent): [User]: next step is sharpening (intensity=0.63)
Memory-Pull Policy: pull_fresh=true — primary confidence=0.44 < trust floor 0.45
Lobe Curve (base × top = score):
  👑 nature: base=0.436 × top=0.437 = 0.1909 [hard_votes=0]
  · explanation: base=0.295 × top=0.351 = 0.1233 [hard_votes=0]
  · reasoning: base=0.124 × top=0.147 = 0.0215 [hard_votes=0]
=========================================

Brain > --> Scanning specimens & looking for dialectical relations...
--> No valid specimens found for this input. Cave is silent.

Brain > --> Scanning specimens & looking for dialectical relations...
--> No valid specimens found for this input. Cave is silent.

Brain > --> Scanning specimens & looking for dialectical relations...
--> No valid specimens found for this input. Cave is silent.

Brain > --> Scanning specimens & looking for dialectical relations...
--> No valid specimens found for this input. Cave is silent.

Brain > [ENGINE] ✅ /right: contributors=1 rewarded=0 double_skip=0 coinflip_miss=1 grave_skip=0
✅ /right applied. 1 contributor(s) processed: 0 rewarded, 0 skipped (already gained), 1 missed coinflip.
   ↳ context intensity nudged up on 9 message(s) used last cycle.

Brain > --> Scanning specimens & looking for dialectical relations...
[ORCHESTRATOR] 🎯 Lobe Curve (base × top = score):
  👑 planning: base=0.182 × top=0.182 = 0.0332 [hard_votes=0]
--> 1 valid votes passed gate... compiling JIT superposition...
[ Info: [ENGINE] 🔮 Action=ACTION_SPECULATE | Tone=TONE_NEUTRAL | Conf=0.35 | ArousalNudge=0.0 | Weight=1.07 [FALLBACK] [FRAME=contemplative/basic]
┌ Warning: [ENGINE] BUG-004: pattern longer than input — using cheap bidirectional scan.
│   node_id = "node_3"
│   pattern_len = 2
│   input_len = 1
└ @ Main /workspace/grugbot420_repo/src/engine.jl:2963
┌ Warning: [ENGINE] BUG-004: pattern longer than input — using cheap bidirectional scan.
│   node_id = "node_20"
│   pattern_len = 2
│   input_len = 1
└ @ Main /workspace/grugbot420_repo/src/engine.jl:2963
┌ Warning: [ENGINE] BUG-004: pattern longer than input — using cheap bidirectional scan.
│   node_id = "node_0"
│   pattern_len = 4
│   input_len = 1
└ @ Main /workspace/grugbot420_repo/src/engine.jl:2963
[ Info: [ENGINE] 🔮 Action=ACTION_SPECULATE | Tone=TONE_NEUTRAL | Conf=0.36 | ArousalNudge=0.0 | Weight=1.07 [FALLBACK] [FRAME=contemplative/basic]
[ Info: [ENGINE] 🔮 Action=ACTION_SPECULATE | Tone=TONE_NEUTRAL | Conf=0.32 | ArousalNudge=0.0 | Weight=1.06 [FALLBACK] [FRAME=contemplative/basic]
[ Info: [ENGINE] 🔮 Action=ACTION_COMMAND | Tone=TONE_NEUTRAL | Conf=0.67 | ArousalNudge=0.0 | Weight=1.34 [FALLBACK] [FRAME=imperative/basic]
[ Info: [ENGINE] 🔮 Action=ACTION_QUERY | Tone=TONE_NEUTRAL | Conf=0.37 | ArousalNudge=0.0 | Weight=1.22 [FALLBACK] [FRAME=exploratory/basic]
[ Info: [ENGINE] 🔮 Action=ACTION_QUERY | Tone=TONE_CURIOUS | Conf=0.55 | ArousalNudge=0.0 | Weight=1.33 [FRAME=exploratory/basic]
┌ Warning: [ENGINE] BUG-004: pattern longer than input — using cheap bidirectional scan.
│   node_id = "node_2"
│   pattern_len = 6
│   input_len = 3
└ @ Main /workspace/grugbot420_repo/src/engine.jl:2963
[ Info: [ENGINE] 🔮 Action=ACTION_QUERY | Tone=TONE_CURIOUS | Conf=0.54 | ArousalNudge=0.0 | Weight=1.32 [FRAME=exploratory/basic]
[ Info: [ENGINE] 🔮 Action=ACTION_QUERY | Tone=TONE_CURIOUS | Conf=0.55 | ArousalNudge=0.0 | Weight=1.33 [FRAME=exploratory/basic]
[ Info: [ENGINE] 🔮 Action=ACTION_QUERY | Tone=TONE_CURIOUS | Conf=0.52 | ArousalNudge=0.0 | Weight=1.31 [FRAME=exploratory/basic]
[ Info: [ENGINE] 🔮 Action=ACTION_QUERY | Tone=TONE_CURIOUS | Conf=0.53 | ArousalNudge=0.0 | Weight=1.32 [FRAME=exploratory/basic]
[ Info: [ENGINE] 🔮 Action=ACTION_COMMAND | Tone=TONE_NEUTRAL | Conf=1.0 | ArousalNudge=0.0 | Weight=1.5 [FALLBACK] [FRAME=imperative/basic]
┌ Warning: [MAIN v7.16 synthesis] Every synonym of 'predator' is inhibited (neg thesaurus or node drop_table). Emitting original to preserve content.
└ @ Main /workspace/grugbot420_repo/src/Main.jl:1645
[ Info: [PREDICTOR] 👁  Arousal nudged 0.3 → 0.55 (TONE_URGENT)
[ Info: [ENGINE] 🔮 Action=ACTION_COMMAND | Tone=TONE_URGENT | Conf=0.9 | ArousalNudge=0.25 | Weight=1.45 [FRAME=imperative/rel]
[ Info: [ENGINE] 🔮 Action=ACTION_COMMAND | Tone=TONE_NEUTRAL | Conf=0.46 | ArousalNudge=0.0 | Weight=1.23 [FALLBACK] [FRAME=imperative/basic]
┌ Warning: [MAIN v7.16 synthesis] Every synonym of 'flame' is inhibited (neg thesaurus or node drop_table). Emitting original to preserve content.
└ @ Main /workspace/grugbot420_repo/src/Main.jl:1645
[ Info: [ENGINE] 🔮 Action=ACTION_SPECULATE | Tone=TONE_NEUTRAL | Conf=0.33 | ArousalNudge=0.0 | Weight=1.07 [FALLBACK] [FRAME=contemplative/basic]
[ Info: [PREDICTOR] 👁  Arousal nudged 0.55 → 0.8 (TONE_URGENT)
[ Info: [ENGINE] 🔮 Action=ACTION_COMMAND | Tone=TONE_URGENT | Conf=0.54 | ArousalNudge=0.25 | Weight=1.27 [FRAME=imperative/rel]
[ Info: [PREDICTOR] 👁  Arousal nudged 0.8 → 0.65 (TONE_REFLECTIVE)
[ Info: [ENGINE] 🔮 Action=ACTION_SPECULATE | Tone=TONE_REFLECTIVE | Conf=0.58 | ArousalNudge=-0.15 | Weight=1.12 [FRAME=contemplative/rel]
[ Info: [PREDICTOR] 👁  Arousal nudged 0.65 → 0.5 (TONE_REFLECTIVE)
[ Info: [ENGINE] 🔮 Action=ACTION_SPECULATE | Tone=TONE_REFLECTIVE | Conf=0.61 | ArousalNudge=-0.15 | Weight=1.12 [FRAME=contemplative/rel]
[ Info: [PREDICTOR] 👁  Arousal nudged 0.5 → 0.35 (TONE_REFLECTIVE)
[ Info: [ENGINE] 🔮 Action=ACTION_SPECULATE | Tone=TONE_REFLECTIVE | Conf=0.12 | ArousalNudge=-0.15 | Weight=1.02 [FRAME=contemplative/rel]
[ Info: [PREDICTOR] 👁  Arousal nudged 0.35 → 0.2 (TONE_REFLECTIVE)
[ Info: [ENGINE] 🔮 Action=ACTION_SPECULATE | Tone=TONE_REFLECTIVE | Conf=0.58 | ArousalNudge=-0.15 | Weight=1.12 [FRAME=contemplative/rel]
[ Info: [PREDICTOR] 👁  Arousal nudged 0.2 → 0.55 (TONE_HOSTILE)
[ Info: [ENGINE] 🔮 Action=ACTION_NEGATE | Tone=TONE_HOSTILE | Conf=0.54 | ArousalNudge=0.35 | Weight=1.16 [FRAME=de-escalating/rel]
[ Info: [PREDICTOR] 👁  Arousal nudged 0.55 → 0.9 (TONE_HOSTILE)
[ Info: [ENGINE] 🔮 Action=ACTION_NEGATE | Tone=TONE_HOSTILE | Conf=0.12 | ArousalNudge=0.35 | Weight=1.04 [FRAME=de-escalating/rel]
[ Info: [PREDICTOR] 👁  Arousal nudged 0.9 → 1.0 (TONE_HOSTILE)
[ Info: [ENGINE] 🔮 Action=ACTION_COMMAND | Tone=TONE_HOSTILE | Conf=0.12 | ArousalNudge=0.35 | Weight=1.06 [FRAME=de-escalating/rel]
[ Info: [PREDICTOR] 👁  Arousal nudged 1.0 → 1.0 (TONE_HOSTILE)
[ Info: [ENGINE] 🔮 Action=ACTION_NEGATE | Tone=TONE_HOSTILE | Conf=0.12 | ArousalNudge=0.35 | Weight=1.04 [FRAME=de-escalating/rel]
[ Info: [PREDICTOR] 👁  Arousal nudged 1.0 → 1.0 (TONE_HOSTILE)
[ Info: [ENGINE] 🔮 Action=ACTION_QUERY | Tone=TONE_HOSTILE | Conf=1.0 | ArousalNudge=0.35 | Weight=1.6 [FRAME=de-escalating/rel]
[ Info: [PREDICTOR] 👁  Arousal nudged 1.0 → 1.0 (TONE_HOSTILE)
[ Info: [ENGINE] 🔮 Action=ACTION_QUERY | Tone=TONE_HOSTILE | Conf=1.0 | ArousalNudge=0.35 | Weight=1.6 [FRAME=de-escalating/rel]
[ Info: [PREDICTOR] 🌀 Per-query Gini damping active — action_gini=0.832, tone_gini=0.803
[ Info: [PREDICTOR] 🌀 Per-query Gini damping active — action_gini=0.832, tone_gini=0.804
[ Info: [ENGINE] 🔮 Action=ACTION_QUERY | Tone=TONE_CURIOUS | Conf=1.0 | ArousalNudge=0.0 | Weight=1.6 [LORENZ-DAMPED] [FRAME=exploratory/basic]
[ Info: [PREDICTOR] 🌀 Per-query Gini damping active — action_gini=0.811, tone_gini=0.556
[ Info: [PREDICTOR] 👁  Arousal nudged 1.0 → 1.0 (TONE_URGENT)
[ Info: [PREDICTOR] 🌀 Per-query Gini damping active — action_gini=0.811, tone_gini=0.557
[ Info: [ENGINE] 🔮 Action=ACTION_ESCALATE | Tone=TONE_URGENT | Conf=1.0 | ArousalNudge=0.45 | Weight=1.7 [LORENZ-DAMPED] [FRAME=imperative/rel]
┌ Warning: [MAIN v7.16 synthesis] Every synonym of 'predator' is inhibited (neg thesaurus or node drop_table). Emitting original to preserve content.
└ @ Main /workspace/grugbot420_repo/src/Main.jl:1645
[ Info: [ENGINE] 🔮 Action=ACTION_SPECULATE | Tone=TONE_NEUTRAL | Conf=0.12 | ArousalNudge=0.0 | Weight=1.02 [FALLBACK] [FRAME=contemplative/basic]
[ Info: [ENGINE] 🔮 Action=ACTION_SPECULATE | Tone=TONE_NEUTRAL | Conf=1.0 | ArousalNudge=0.0 | Weight=1.2 [FALLBACK] [FRAME=contemplative/basic]
[ Info: [ENGINE] 🔮 Action=ACTION_SPECULATE | Tone=TONE_NEUTRAL | Conf=1.0 | ArousalNudge=0.0 | Weight=1.2 [FALLBACK] [FRAME=contemplative/basic]
[ Info: [ENGINE] 🔮 Action=ACTION_NEGATE | Tone=TONE_NEUTRAL | Conf=0.48 | ArousalNudge=0.0 | Weight=1.14 [FALLBACK] [FRAME=terse/basic]
[ Info: [ENGINE] 🔮 Action=ACTION_SPECULATE | Tone=TONE_NEUTRAL | Conf=0.47 | ArousalNudge=0.0 | Weight=1.09 [FALLBACK] [FRAME=contemplative/basic]
[ Info: [ENGINE] 🔮 Action=ACTION_SPECULATE | Tone=TONE_NEUTRAL | Conf=1.0 | ArousalNudge=0.0 | Weight=1.2 [FALLBACK] [FRAME=contemplative/basic]
┌ Warning: [MAIN v7.16 synthesis] Every synonym of 'meat' is inhibited (neg thesaurus or node drop_table). Emitting original to preserve content.
└ @ Main /workspace/grugbot420_repo/src/Main.jl:1645
┌ Warning: [MAIN v7.16 synthesis] Every synonym of 'root' is inhibited (neg thesaurus or node drop_table). Emitting original to preserve content.
└ @ Main /workspace/grugbot420_repo/src/Main.jl:1645
┌ Warning: [MAIN v7.16 synthesis] Every synonym of 'fruit' is inhibited (neg thesaurus or node drop_table). Emitting original to preserve content.
└ @ Main /workspace/grugbot420_repo/src/Main.jl:1645
[ Info: [ENGINE] 🔮 Action=ACTION_SPECULATE | Tone=TONE_NEUTRAL | Conf=0.2 | ArousalNudge=0.0 | Weight=1.04 [FALLBACK] [FRAME=contemplative/basic]
[ Info: [ENGINE] 🔮 Action=ACTION_COMMAND | Tone=TONE_NEUTRAL | Conf=0.84 | ArousalNudge=0.0 | Weight=1.42 [FALLBACK] [FRAME=imperative/basic]
┌ Warning: [MAIN v7.16 synthesis] Every synonym of 'tomorrow' is inhibited (neg thesaurus or node drop_table). Emitting original to preserve content.
└ @ Main /workspace/grugbot420_repo/src/Main.jl:1645
[ Info: [ENGINE] 🔮 Action=ACTION_COMMAND | Tone=TONE_NEUTRAL | Conf=0.5 | ArousalNudge=0.0 | Weight=1.25 [FALLBACK] [FRAME=imperative/basic]
[ Info: [ENGINE] 🔮 Action=ACTION_COMMAND | Tone=TONE_NEUTRAL | Conf=0.12 | ArousalNudge=0.0 | Weight=1.06 [FALLBACK] [FRAME=imperative/basic]
┌ Warning: [MAIN v7.16 synthesis] Every synonym of 'star' is inhibited (neg thesaurus or node drop_table). Emitting original to preserve content.
└ @ Main /workspace/grugbot420_repo/src/Main.jl:1645
[ Info: [ENGINE] 🔮 Action=ACTION_SPECULATE | Tone=TONE_NEUTRAL | Conf=0.56 | ArousalNudge=0.0 | Weight=1.11 [FALLBACK] [FRAME=contemplative/basic]
[ Info: [ENGINE] 🔮 Action=ACTION_COMMAND | Tone=TONE_NEUTRAL | Conf=0.69 | ArousalNudge=0.0 | Weight=1.35 [FRAME=imperative/basic]
[ Info: [ENGINE] 🔮 Action=ACTION_COMMAND | Tone=TONE_NEUTRAL | Conf=0.72 | ArousalNudge=0.0 | Weight=1.36 [FRAME=imperative/basic]
[ Info: [ENGINE] 🔮 Action=ACTION_COMMAND | Tone=TONE_NEUTRAL | Conf=0.73 | ArousalNudge=0.0 | Weight=1.36 [dangling: 'near'] [FALLBACK] [FRAME=contemplative/rel]
┌ Warning: [ENGINE] Incomplete causal chain detected (dangling verb: 'near'). Input may be truncated.
└ @ Main /workspace/grugbot420_repo/src/engine.jl:2816
[ Info: [ENGINE] 🔮 Action=ACTION_QUERY | Tone=TONE_CURIOUS | Conf=0.53 | ArousalNudge=0.0 | Weight=1.32 [FRAME=exploratory/basic]
[ Info: [ENGINE] 🔮 Action=ACTION_QUERY | Tone=TONE_CURIOUS | Conf=0.55 | ArousalNudge=0.0 | Weight=1.33 [FRAME=exploratory/basic]
[ Info: [ENGINE] 🔮 Action=ACTION_NEGATE | Tone=TONE_NEUTRAL | Conf=0.28 | ArousalNudge=0.0 | Weight=1.08 [FALLBACK] [FRAME=terse/basic]
┌ Warning: [MAIN v7.16 synthesis] Every synonym of 'wood' is inhibited (neg thesaurus or node drop_table). Emitting original to preserve content.
└ @ Main /workspace/grugbot420_repo/src/Main.jl:1645
┌ Warning: [MAIN v7.16 synthesis] Every synonym of 'wood' is inhibited (neg thesaurus or node drop_table). Emitting original to preserve content.
└ @ Main /workspace/grugbot420_repo/src/Main.jl:1645
[ Info: [ENGINE] 🔮 Action=ACTION_COMMAND | Tone=TONE_NEUTRAL | Conf=0.73 | ArousalNudge=0.0 | Weight=1.37 [FALLBACK] [FRAME=imperative/basic]
[ Info: [ENGINE] 🔮 Action=ACTION_COMMAND | Tone=TONE_NEUTRAL | Conf=0.12 | ArousalNudge=0.0 | Weight=1.06 [FALLBACK] [FRAME=imperative/basic]
[ Info: [ENGINE] 🔮 Action=ACTION_COMMAND | Tone=TONE_NEUTRAL | Conf=0.43 | ArousalNudge=0.0 | Weight=1.21 [FRAME=imperative/basic]
[ Info: [ENGINE] 🔮 Action=ACTION_QUERY | Tone=TONE_CURIOUS | Conf=0.54 | ArousalNudge=0.0 | Weight=1.32 [FRAME=exploratory/basic]
[ Info: [ENGINE] 🔮 Action=ACTION_QUERY | Tone=TONE_CURIOUS | Conf=0.55 | ArousalNudge=0.0 | Weight=1.33 [FRAME=exploratory/basic]
[ Info: [ENGINE] 🔮 Action=ACTION_QUERY | Tone=TONE_CURIOUS | Conf=0.53 | ArousalNudge=0.0 | Weight=1.32 [FRAME=exploratory/basic]
[ Info: [ENGINE] 🔮 Action=ACTION_COMMAND | Tone=TONE_NEUTRAL | Conf=0.44 | ArousalNudge=0.0 | Weight=1.22 [FALLBACK] [FRAME=imperative/basic]
┌ Warning: [ORCHESTRATOR] ⚠ No votes passed AIML_CONFIDENCE_THRESHOLD=0.35. Falling back to highest-confidence vote.
└ @ Main /workspace/grugbot420_repo/src/Main.jl:1321
[ Info: [ENGINE] 🔮 Action=ACTION_NEGATE | Tone=TONE_NEUTRAL | Conf=0.23 | ArousalNudge=0.0 | Weight=1.07 [FALLBACK] [FRAME=terse/basic]
[ Info: [ENGINE] 🔮 Action=ACTION_QUERY | Tone=TONE_NEUTRAL | Conf=0.12 | ArousalNudge=0.0 | Weight=1.08 [FALLBACK] [FRAME=exploratory/basic]
[ Info: [ENGINE] 🔮 Action=ACTION_SPECULATE | Tone=TONE_NEUTRAL | Conf=0.12 | ArousalNudge=0.0 | Weight=1.02 [FALLBACK] [FRAME=contemplative/basic]
[ Info: [ENGINE] 🔮 Action=ACTION_QUERY | Tone=TONE_CURIOUS | Conf=0.54 | ArousalNudge=0.0 | Weight=1.32 [FRAME=exploratory/basic]
[ Info: [ENGINE] 🔮 Action=ACTION_QUERY | Tone=TONE_CURIOUS | Conf=0.56 | ArousalNudge=0.0 | Weight=1.33 [FRAME=exploratory/basic]
[ Info: [ENGINE] 🔮 Action=ACTION_QUERY | Tone=TONE_CURIOUS | Conf=0.52 | ArousalNudge=0.0 | Weight=1.31 [FRAME=exploratory/basic]
[ Info: [ENGINE] 🔮 Action=ACTION_QUERY | Tone=TONE_CURIOUS | Conf=0.71 | ArousalNudge=0.0 | Weight=1.42 [FRAME=exploratory/basic]
[ Info: [PREDICTOR] 👁  Arousal nudged 0.2 → 0.05 (TONE_REFLECTIVE)
[ Info: [ENGINE] 🔮 Action=ACTION_SPECULATE | Tone=TONE_REFLECTIVE | Conf=0.57 | ArousalNudge=-0.15 | Weight=1.11 [FRAME=contemplative/rel]
[ Info: [PREDICTOR] 👁  Arousal nudged 0.05 → 0.3 (TONE_URGENT)
[ Info: [ENGINE] 🔮 Action=ACTION_COMMAND | Tone=TONE_URGENT | Conf=0.41 | ArousalNudge=0.25 | Weight=1.2 [FRAME=imperative/rel]
[ Info: [ENGINE] 🔮 Action=ACTION_COMMAND | Tone=TONE_NEUTRAL | Conf=0.34 | ArousalNudge=0.0 | Weight=1.17 [FALLBACK] [FRAME=imperative/basic]
[ Info: [PREDICTOR] 👁  Arousal nudged 0.3 → 0.55 (TONE_URGENT)
[ Info: [ENGINE] 🔮 Action=ACTION_COMMAND | Tone=TONE_URGENT | Conf=0.87 | ArousalNudge=0.25 | Weight=1.44 [FRAME=imperative/rel]
[ Info: [ENGINE] 🔮 Action=ACTION_COMMAND | Tone=TONE_NEUTRAL | Conf=0.44 | ArousalNudge=0.0 | Weight=1.22 [FALLBACK] [FRAME=imperative/basic]
[ Info: [ENGINE] 🔮 Action=ACTION_COMMAND | Tone=TONE_NEUTRAL | Conf=1.0 | ArousalNudge=0.0 | Weight=1.5 [FALLBACK] [FRAME=imperative/basic]
┌ Warning: [MAIN v7.16 synthesis] Every synonym of 'heat' is inhibited (neg thesaurus or node drop_table). Emitting original to preserve content.
└ @ Main /workspace/grugbot420_repo/src/Main.jl:1645
[ Info: [ENGINE] 🔮 Action=ACTION_COMMAND | Tone=TONE_NEUTRAL | Conf=0.7 | ArousalNudge=0.0 | Weight=1.35 [FALLBACK] [FRAME=imperative/basic]
[ Info: [ENGINE] 🔮 Action=ACTION_SPECULATE | Tone=TONE_NEUTRAL | Conf=1.0 | ArousalNudge=0.0 | Weight=1.2 [FALLBACK] [FRAME=contemplative/basic]
[ Info: [ENGINE] 🔮 Action=ACTION_NEGATE | Tone=TONE_NEUTRAL | Conf=0.34 | ArousalNudge=0.0 | Weight=1.1 [FRAME=terse/basic]
[ Info: [ENGINE] 🔮 Action=ACTION_NEGATE | Tone=TONE_NEUTRAL | Conf=0.4 | ArousalNudge=0.0 | Weight=1.12 [FALLBACK] [FRAME=terse/basic]
[ Info: [ENGINE] 🔮 Action=ACTION_COMMAND | Tone=TONE_NEUTRAL | Conf=0.56 | ArousalNudge=0.0 | Weight=1.28 [FALLBACK] [FRAME=imperative/basic]
[ Info: [ENGINE] 🔮 Action=ACTION_SPECULATE | Tone=TONE_NEUTRAL | Conf=0.88 | ArousalNudge=0.0 | Weight=1.18 [FALLBACK] [FRAME=contemplative/basic]
[ Info: [ENGINE] 🔮 Action=ACTION_QUERY | Tone=TONE_CURIOUS | Conf=0.52 | ArousalNudge=0.0 | Weight=1.31 [FRAME=exploratory/basic]
[ Info: [ENGINE] 🔮 Action=ACTION_QUERY | Tone=TONE_CURIOUS | Conf=1.0 | ArousalNudge=0.0 | Weight=1.6 [FRAME=exploratory/basic]
[ Info: [PREDICTOR] 👁  Arousal nudged 0.3 → 0.15 (TONE_REFLECTIVE)
[ Info: [ENGINE] 🔮 Action=ACTION_SPECULATE | Tone=TONE_REFLECTIVE | Conf=1.0 | ArousalNudge=-0.15 | Weight=1.2 [FRAME=contemplative/rel]
[ Info: [ENGINE] 🔮 Action=ACTION_COMMAND | Tone=TONE_NEUTRAL | Conf=1.0 | ArousalNudge=0.0 | Weight=1.5 [FALLBACK] [FRAME=imperative/basic]
[ Info: [ENGINE] 🔮 Action=ACTION_COMMAND | Tone=TONE_NEUTRAL | Conf=0.24 | ArousalNudge=0.0 | Weight=1.12 [FALLBACK] [FRAME=imperative/basic]
┌ Warning: [MAIN v7.16 synthesis] Every synonym of 'mountain' is inhibited (neg thesaurus or node drop_table). Emitting original to preserve content.
└ @ Main /workspace/grugbot420_repo/src/Main.jl:1645
[ Info: [ENGINE] 🔮 Action=ACTION_SPECULATE | Tone=TONE_NEUTRAL | Conf=0.12 | ArousalNudge=0.0 | Weight=1.02 [FALLBACK] [FRAME=contemplative/basic]
[ Info: [ENGINE] 🔮 Action=ACTION_SPECULATE | Tone=TONE_NEUTRAL | Conf=0.27 | ArousalNudge=0.0 | Weight=1.05 [FALLBACK] [FRAME=contemplative/basic]
[ Info: [ENGINE] 🔮 Action=ACTION_COMMAND | Tone=TONE_NEUTRAL | Conf=0.71 | ArousalNudge=0.0 | Weight=1.36 [FRAME=imperative/basic]
[ Info: [ENGINE] 🔮 Action=ACTION_SPECULATE | Tone=TONE_NEUTRAL | Conf=1.0 | ArousalNudge=0.0 | Weight=1.2 [FALLBACK] [FRAME=contemplative/basic]
[ Info: [PREDICTOR] 👁  Arousal nudged 0.15 → 0.4 (TONE_URGENT)
[ Info: [ENGINE] 🔮 Action=ACTION_COMMAND | Tone=TONE_URGENT | Conf=0.12 | ArousalNudge=0.25 | Weight=1.06 [FRAME=imperative/rel]
[ Info: [ENGINE] 🔮 Action=ACTION_SPECULATE | Tone=TONE_NEUTRAL | Conf=0.57 | ArousalNudge=0.0 | Weight=1.11 [FALLBACK] [FRAME=contemplative/basic]
[ Info: [ENGINE] 🔮 Action=ACTION_COMMAND | Tone=TONE_NEUTRAL | Conf=1.0 | ArousalNudge=0.0 | Weight=1.5 [FALLBACK] [FRAME=imperative/basic]
[ Info: [PREDICTOR] 👁  Arousal nudged 0.4 → 0.65 (TONE_URGENT)
[ Info: [ENGINE] 🔮 Action=ACTION_COMMAND | Tone=TONE_URGENT | Conf=0.12 | ArousalNudge=0.25 | Weight=1.06 [FRAME=imperative/rel]
[ Info: [ENGINE] 🔮 Action=ACTION_QUERY | Tone=TONE_CURIOUS | Conf=0.54 | ArousalNudge=0.0 | Weight=1.32 [FRAME=exploratory/basic]
[ Info: [PREDICTOR] 👁  Arousal nudged 0.5 → 0.85 (TONE_HOSTILE)
[ Info: [ENGINE] 🔮 Action=ACTION_NEGATE | Tone=TONE_HOSTILE | Conf=0.12 | ArousalNudge=0.35 | Weight=1.04 [FRAME=de-escalating/rel]
[ Info: [PREDICTOR] 👁  Arousal nudged 0.85 → 1.0 (TONE_HOSTILE)
[ Info: [ENGINE] 🔮 Action=ACTION_NEGATE | Tone=TONE_HOSTILE | Conf=0.12 | ArousalNudge=0.35 | Weight=1.04 [FRAME=de-escalating/rel]
[ Info: [PREDICTOR] 👁  Arousal nudged 1.0 → 1.0 (TONE_HOSTILE)
[ Info: [ENGINE] 🔮 Action=ACTION_NEGATE | Tone=TONE_HOSTILE | Conf=0.12 | ArousalNudge=0.35 | Weight=1.04 [FRAME=de-escalating/rel]
[ Info: [PREDICTOR] 👁  Arousal nudged 1.0 → 1.0 (TONE_HOSTILE)
[ Info: [ENGINE] 🔮 Action=ACTION_NEGATE | Tone=TONE_HOSTILE | Conf=1.0 | ArousalNudge=0.35 | Weight=1.3 [FRAME=de-escalating/rel]
[ Info: [PREDICTOR] 👁  Arousal nudged 1.0 → 0.85 (TONE_REFLECTIVE)
[ Info: [ENGINE] 🔮 Action=ACTION_SPECULATE | Tone=TONE_REFLECTIVE | Conf=0.59 | ArousalNudge=-0.15 | Weight=1.12 [FRAME=contemplative/rel]

🤖 AIML Output Scaffold:
[Grug plan hunt] Let me think with you. grug think on hunt before grug wander on hunt.
--- DEBUG TELEMETRY (orchestration internals, not for speech) ---
Mission: 'perhaps tomorrow will be calmer'
Primary Action: grug think on hunt before grug walk on hunt  (conf=0.18, certainty=SURE)
Sure Actions: [grug think on hunt before grug walk on hunt]
Unsure Actions (Coinflip Side-Features): [None]
Constraints: [rush, blind, late, dull, idle, unprepared, chaos, alone, scattered, ignore-wind, downwind, loud, restless, weak, slow, silent, last-moment, rigid, brittle, solo, noisy]
Winning Node: node_48
Lobe Context: [planning (3/3 active (what should we | build cave | hunt tomorrow))]
User Triples: None
Node Triples: None
Anti-Match Detected: false
AIML Memory Bank:
Deep Memory (Pinned): [User_Pinned]: Grug speak plain. Grug not pretend smart. | [User_Pinned]: Many rocks compete. Loudest rock get to talk. | [User_Pinned]: Grug listen first, talk second. | [User_Pinned]: Grug speak plain. Grug not pretend smart. | [User_Pinned]: Many rocks compete. Loudest rock get to talk. | [User_Pinned]: Grug listen first, talk second. | [User_Pinned]: Tribe stronger than lone hunter. | [User_Pinned]: Hot rock burn. Soft skin remember.
Fresh Memory [threshold=0.56 eligible=9] (Recent): No recent sounds
Memory-Pull Policy: pull_fresh=true — primary confidence=0.18 < trust floor 0.45
Lobe Curve (base × top = score):
  👑 planning: base=0.182 × top=0.182 = 0.0332 [hard_votes=0]
=========================================

Brain > !!! SYSTEM ERROR: ErrorException("!!! FATAL: /decrystalize: node 'node_18' is not a member of lobe 'comfort'. Lobe members: [node_15, node_16, node_17, node_40, node_41, node_42, node_43]. !!!") !!!

Stacktrace:
 [1] error(s::String)
   @ Base ./error.jl:35
 [2] _assert_node_in_lobe(lobe_id::String, node_id::String, cmd::String)
   @ Main /workspace/grugbot420_repo/src/Main.jl:4599
 [3] run_cli()
   @ Main /workspace/grugbot420_repo/src/Main.jl:5737
 [4] top-level scope
   @ /workspace/grugbot420_repo/src/Main.jl:5758
 [5] include(mod::Module, _path::String)
   @ Base ./Base.jl:495
 [6] exec_options(opts::Base.JLOptions)
   @ Base ./client.jl:318
 [7] _start()
   @ Base ./client.jl:552

Brain > === ATTACHMENT MAP (3 targets with attachments) ===
  🎯 node_10 (1/4 attached):
      🔗 node_11 [ALIVE str=3.0] | base_conf=0.05 | connector="danger run"
  🎯 node_3 (2/4 attached):
      🔗 node_4 [ALIVE str=1.0] | base_conf=0.383 | connector="morning hello"
      🔗 node_5 [GRAVE] | base_conf=0.05 | connector="casual hello"
  🎯 node_6 (2/4 attached):
      🔗 node_7 [ALIVE str=9.0] | base_conf=0.55 | connector="why think"
      🔗 node_8 [ALIVE str=3.0] | base_conf=0.05 | connector="think mechanism"

Brain > !!! SYSTEM ERROR: ErrorException("!!! FATAL: /nodeDetach: node 'node_33' is not a member of lobe 'planning'. Lobe members: [node_47, node_48, node_49]. !!!") !!!

Stacktrace:
 [1] error(s::String)
   @ Base ./error.jl:35
 [2] _assert_node_in_lobe(lobe_id::String, node_id::String, cmd::String)
   @ Main /workspace/grugbot420_repo/src/Main.jl:4599
 [3] run_cli()
   @ Main /workspace/grugbot420_repo/src/Main.jl:5614
 [4] top-level scope
   @ /workspace/grugbot420_repo/src/Main.jl:5758
 [5] include(mod::Module, _path::String)
   @ Base ./Base.jl:495
 [6] exec_options(opts::Base.JLOptions)
   @ Base ./client.jl:318
 [7] _start()
   @ Base ./client.jl:552

Brain > === ATTACHMENT MAP (3 targets with attachments) ===
  🎯 node_10 (1/4 attached):
      🔗 node_11 [ALIVE str=3.0] | base_conf=0.05 | connector="danger run"
  🎯 node_3 (2/4 attached):
      🔗 node_4 [ALIVE str=1.0] | base_conf=0.383 | connector="morning hello"
      🔗 node_5 [GRAVE] | base_conf=0.05 | connector="casual hello"
  🎯 node_6 (2/4 attached):
      🔗 node_7 [ALIVE str=9.0] | base_conf=0.55 | connector="why think"
      🔗 node_8 [ALIVE str=3.0] | base_conf=0.05 | connector="think mechanism"

Brain > --> Grug freezing entire cave to specimen file...

╔══════════════════════════════════════════════════════════════╗
║            🧊 SPECIMEN SAVED SUCCESSFULLY                    ║
╠══════════════════════════════════════════════════════════════╣
  📁  File             : /workspace/grug_test/kitchen_sink_v15_dense_votes/kitchen_sink_post_run.specimen.gz
  📦  JSON size        : 257954 bytes
  🗜️   Compressed size  : 39375 bytes (84.7% smaller)
  ⏱️   Time             : 0.43s
  ─────────────────────────────────────────────
  🌱  Nodes            : 62
  🧠  Lobes            : 14
  📋  Lobe tables      : 14
  ⚡  Hopfield entries  : 0
  ⚙️   Rules            : 0
  💬  Messages         : 290
  🔧  Verb classes     : 6
  🔤  Thesaurus words  : 499
  🚫  Inhibitions      : 0
  🔗  Attachments      : 5
  🔮  Trajectory entries : 0
  🕐  Temporal coherence : 0
  ⏳  Morph cooldowns    : 0
  🤖  AIML nodes       : 0
  👁   Arousal          : 0.85
╚══════════════════════════════════════════════════════════════╝

Brain > === LOBE REGISTRY (14 lobes, 62 nodes indexed) ===
  alert | subject='warn caution notify danger flag' | nodes=5/20000 | fires=0 | inhibits=0 | connected=[survival] | tbl[nodes=5 json=17 drop=9 hopf=0]
  celebration | subject='celebrate joy happy glad cheerful' | nodes=2/20000 | fires=0 | inhibits=0 | connected=[none] | tbl[nodes=2 json=11 drop=6 hopf=0]
  comfort | subject='comfort support validate reassure care' | nodes=7/20000 | fires=0 | inhibits=0 | connected=[greeting] | tbl[nodes=7 json=23 drop=15 hopf=0]
  craft | subject='tool make build hammer carve' | nodes=2/20000 | fires=0 | inhibits=0 | connected=[none] | tbl[nodes=2 json=11 drop=6 hopf=0]
  default | subject='general thinking reasoning conversation greeting' | nodes=3/20000 | fires=0 | inhibits=0 | connected=[none] | tbl[nodes=3 json=0 drop=0 hopf=0]
  explanation | subject='explain clarify describe define teach' | nodes=7/20000 | fires=0 | inhibits=0 | connected=[reasoning] | tbl[nodes=7 json=23 drop=24 hopf=0]
  greeting | subject='hello hi greet welcome conversation' | nodes=6/20000 | fires=0 | inhibits=0 | connected=[comfort] | tbl[nodes=6 json=19 drop=10 hopf=0]
  inquiry | subject='ask question wonder curious learn' | nodes=3/20000 | fires=0 | inhibits=0 | connected=[none] | tbl[nodes=3 json=15 drop=11 hopf=0]
  knowledge | subject='fire water wolf rock food' | nodes=5/20000 | fires=0 | inhibits=0 | connected=[none] | tbl[nodes=5 json=30 drop=24 hopf=0]
  memory | subject='remember recall past history' | nodes=2/20000 | fires=0 | inhibits=0 | connected=[none] | tbl[nodes=2 json=10 drop=6 hopf=0]
  nature | subject='sky river tree wind animal' | nodes=3/20000 | fires=0 | inhibits=0 | connected=[none] | tbl[nodes=3 json=18 drop=11 hopf=0]
  planning | subject='plan strategy goal future intend' | nodes=3/20000 | fires=0 | inhibits=0 | connected=[none] | tbl[nodes=3 json=15 drop=10 hopf=0]
  reasoning | subject='think reason analyze ponder logic' | nodes=7/20000 | fires=0 | inhibits=0 | connected=[explanation] | tbl[nodes=7 json=23 drop=18 hopf=0]
  survival | subject='flee hide fight danger threat' | nodes=7/20000 | fires=0 | inhibits=0 | connected=[alert] | tbl[nodes=7 json=27 drop=15 hopf=0]

Brain > ╔══════════════════════════════════════════════════╗
║              GRUGBOT SYSTEM STATUS               ║
╠══════════════════════════════════════════════════╣
║  ENGINE                                          ║
  Nodes in cave   : 62
  Hopfield cache  : 0 entries
  Memory messages : 291
  Est. memory use : ~204 KB
  Trajectory buf  : 0 entries
  Temporal coher  : 0 entries
  Morph cooldowns : 0 active
  Current arousal : 0.85
  Last input ago  : 0.0s
║  LOBES                                           ║
  Lobes registered: 14
  Nodes in lobes  : 62
  Top lobe (fires): explanation (0 fires)
║  BRAINSTEM                                       ║
  Dispatches run  : 0
  Last winner     : none
  Propagations    : 0
  Is dispatching  : false
║  CHATTER                                         ║
  Chatter running : false
  Input queue     : 0 pending
  Sessions run    : 0
║  AIML NODE TRIBES                                ║
=== AIML NODE TRIBES (cycle=89) ===
  alert | pop=0/6666 | live=0 | grave=0
  celebration | pop=0/6666 | live=0 | grave=0
  comfort | pop=0/6666 | live=0 | grave=0
  craft | pop=0/6666 | live=0 | grave=0
  explanation | pop=0/6666 | live=0 | grave=0
  greeting | pop=0/6666 | live=0 | grave=0
  inquiry | pop=0/6666 | live=0 | grave=0
  knowledge | pop=0/6666 | live=0 | grave=0
  memory | pop=0/6666 | live=0 | grave=0
  nature | pop=0/6666 | live=0 | grave=0
  planning | pop=0/6666 | live=0 | grave=0
  reasoning | pop=0/6666 | live=0 | grave=0
  survival | pop=0/6666 | live=0 | grave=0
╚══════════════════════════════════════════════════╝

Brain > [GRUG] 👋 /quit received. Cave closes. Goodbye.
