WARNING: redefinition of constant GrugBot420.CAUSAL_VERBS. This may fail, cause incorrect answers, or produce other errors.
WARNING: redefinition of constant GrugBot420.SPATIAL_VERBS. This may fail, cause incorrect answers, or produce other errors.
WARNING: redefinition of constant GrugBot420.TEMPORAL_VERBS. This may fail, cause incorrect answers, or produce other errors.
WARNING: redefinition of constant GrugBot420.NODE_MAP. This may fail, cause incorrect answers, or produce other errors.
WARNING: redefinition of constant GrugBot420.COMMANDS. This may fail, cause incorrect answers, or produce other errors.
WARNING: redefinition of constant GrugBot420.NODE_LOCK. This may fail, cause incorrect answers, or produce other errors.
WARNING: redefinition of constant GrugBot420.ID_COUNTER. This may fail, cause incorrect answers, or produce other errors.
WARNING: redefinition of constant GrugBot420.HOPFIELD_CACHE. This may fail, cause incorrect answers, or produce other errors.
WARNING: redefinition of constant GrugBot420.HOPFIELD_CACHE_LOCK. This may fail, cause incorrect answers, or produce other errors.
WARNING: redefinition of constant GrugBot420.HOPFIELD_HIT_COUNTS. This may fail, cause incorrect answers, or produce other errors.
WARNING: redefinition of constant GrugBot420.ATTACHMENT_MAP. This may fail, cause incorrect answers, or produce other errors.
WARNING: redefinition of constant GrugBot420.ATTACHMENT_LOCK. This may fail, cause incorrect answers, or produce other errors.
WARNING: redefinition of constant GrugBot420.GROUP_MAP. This may fail, cause incorrect answers, or produce other errors.
WARNING: redefinition of constant GrugBot420.GROUP_LOCK. This may fail, cause incorrect answers, or produce other errors.
WARNING: redefinition of constant GrugBot420.GROUP_COUNTER. This may fail, cause incorrect answers, or produce other errors.
WARNING: redefinition of constant GrugBot420.NODE_TO_GROUP. This may fail, cause incorrect answers, or produce other errors.
WARNING: redefinition of constant GrugBot420.CHATTER_NODE_COOLDOWN. This may fail, cause incorrect answers, or produce other errors.
WARNING: redefinition of constant GrugBot420.CHATTER_NODE_COOLDOWN_LOCK. This may fail, cause incorrect answers, or produce other errors.
WARNING: redefinition of constant GrugBot420._LAST_FIRE_COUNTER. This may fail, cause incorrect answers, or produce other errors.
WARNING: redefinition of constant GrugBot420.STOPWORDS. This may fail, cause incorrect answers, or produce other errors.
WARNING: redefinition of constant GrugBot420.AIML_DROP_TABLE. This may fail, cause incorrect answers, or produce other errors.
WARNING: redefinition of constant GrugBot420.ALLOWED_RULE_TAGS. This may fail, cause incorrect answers, or produce other errors.
🧠 Default specimen detected at /workspace/grugbot420_repo/src/../grug-binary/default.specimen.gz — auto-loading...
  🧹 Wiping current cave state...
  ✅ Cave wiped clean. Beginning restore...
  🔢 ID counters restored (node=20, msg=38)
  🗳  Last voters restored (0 IDs)
  👁  Eye state restored
  🔧 Verb registry restored (5 classes, 22 verbs, 0 synonyms)
  🔤 Thesaurus restored (499 words)
  🧠 Lobes restored (7)
  📋 Lobe tables restored (7)
  🌱 Nodes restored (20)
  ⚡ Hopfield cache restored (0 entries)
  ⚙️  Rules restored (0)
  🚫 Inhibitions restored (0)
  💬 Messages restored (38 total, 3 pinned)
  👁  Arousal restored (level=0.3)
  🧬 BrainStem state restored
  🔗 Attachments restored (0)
  🔮 Trajectory restored (0 entries)
  🕐 Temporal coherence restored (0 entries)
  ⏳ Morph cooldowns restored (0 active)
  🛡 Immune system restored (0 signatures, 0 ledger entries)
  🤖 AIML system restored (0 nodes across 6 lobes)
  ✅ Default specimen restored.
    ╔══════════════════════════════════════════════════════════════╗
    ║            🧬 SPECIMEN LOADED SUCCESSFULLY                   ║
    ╠══════════════════════════════════════════════════════════════╣
      📁  File             : /workspace/grugbot420_repo/src/../grug-binary/default.specimen.gz
      📦  Compressed size  : 12556 bytes
      📄  JSON size        : 92213 bytes
  (Set GRUG_NO_AUTOLOAD=1 to skip this on next boot.)
System Online. Grug waiting at cave entrance for instructions.
Primary  : /mission <input>                    (text or image binary)
Feedback : /wrong                              (penalize last response voters)
Explicit : /explicit <cmd> [<node_id>] <input>
Grow     : /grow <lobe_id> <json_packet>      (plant node(s) into a lobe)
         :   • <lobe_id> is required — use `-` for unassigned pool
         :   • Single node: {"pattern":"...","action_packet":"...","data":{...}}
         :   • Multi node:  {"nodes":[{...},{...}]}
         :   • `data.system_prompt` defaults to "Grug speaks plainly." if absent
Rules    : /addRule <rule text> [prob=0.0-1.0]
           Tags: {MISSION}, {PRIMARY_ACTION}, {SURE_ACTIONS}, {UNSURE_ACTIONS},
                 {ALL_ACTIONS}, {CONFIDENCE}, {NODE_ID}, {MEMORY}, {LOBE_CONTEXT}
Memory   : /pin <text>
Nodes    : /nodes                              (show node map status)
Status   : /status                             (show chatter + system status)
Arousal  : /arousal <0.0-1.0>                 (set eye system arousal level)
Verbs    : /addVerb <verb> <class>             (add verb to relation class)
         : /addRelationClass <name>            (create new verb class bucket)
         : /addSynonym <canonical> <alias>     (normalize alias->canonical)
         : /listVerbs                          (show all verb classes + synonyms)
Lobes    : /newLobe <id> <subject>             (create a new subject lobe)
         : /connectLobes <id_a> <id_b>         (connect two lobes)
         : /lobeGrow <lobe_id> <json_packet>   (DEPRECATED — alias for /grow)
         : /lobes                              (list all lobes + node counts)
         : /tableStatus <lobe_id>              (show hash table chunks for a lobe)
         : /tableMatch <lobe_id> <chunk> <pat> (pattern-activate entries in chunk)
Thesaurus: /thesaurus <word1> | <word2>        (compare words/concepts dimensionally)
         : /thesaurus <w1> | <w2> :: <ctx1> :: <ctx2>  (with context lists)
NegThes  : /negativeThesaurus add|remove|list|check|flush
Attach   : /nodeAttach <lobe> <target> <id> <pat> ...  (attach nodes with relational fire patterns)
         : /nodeDetach <lobe> <target> <id>            (detach a node from target)
ImgAttach: /imgnodeAttach <lobe> <tgt> <id> <b64> [w h] (attach image node with SDF-based fire)
         : /imgnodeDetach <lobe> <target> <id>         (detach image node from target)
         : /attachments                         (show all node attachments)
Crystal  : /crystalize <lobe> <target> <attach>        (💎 mark attachment as sticky/user-locked)
         : /decrystalize <lobe> <target> <attach>      (🔓 remove sticky flag, restore coinflip)
Specimen : /saveSpecimen <filepath>            (save full cave state to compressed file)
         : /loadSpecimen <filepath>            (restore full cave state from compressed file)
Help     : /help                               (full command reference)

╔══════════════════════════════════════════════════════════════════╗
║  SPECIMEN SEEDING GUIDE (read before /grow)                     ║
╠══════════════════════════════════════════════════════════════════╣
║  Automatic neighbor latching is SUPPRESSED below 1000 nodes.   ║
║  Below that threshold, YOU control topology via drop_table.     ║
║                                                                  ║
║  For a coherent specimen from the start:                        ║
║  1. Seed ORTHOGONAL archetypes first - distinct semantic poles. ║
║     Don't plant 50 near-identical nodes up front.               ║
║  2. Use required_relations as semantic GATES from day one.      ║
║     Nodes that demand specific verbs won't fire on noise.       ║
║  3. Name action_packets deliberately - distinct action families ║
║     give the superposition orchestrator something to work with. ║
║  4. Wire drop_tables manually for known co-activation pairs.    ║
║     Don't rely on the latch system to discover semantics.       ║
║  5. Your first ~100 nodes are the specimen's DNA.               ║
║     The engine enforces structure at scale (1000+ nodes).       ║
║     You enforce MEANING at the start.                           ║
╚══════════════════════════════════════════════════════════════════╝

Brain > --> Grug thawing specimen from file...
  🧹 Wiping current cave state...
  ✅ Cave wiped clean. Beginning restore...
  🔢 ID counters restored (node=66, msg=136)
  🗳  Last voters restored (0 IDs)
  👁  Eye state restored
  🔧 Verb registry restored (6 classes, 38 verbs, 0 synonyms)
  🔤 Thesaurus restored (499 words)
  🧠 Lobes restored (14)
  📋 Lobe tables restored (14)
  🌱 Nodes restored (66)
  ⚡ Hopfield cache restored (0 entries)
  ⚙️  Rules restored (0)
  🚫 Inhibitions restored (0)
  💬 Messages restored (136 total, 8 pinned)
  👁  Arousal restored (level=0.3)
  🧬 BrainStem state restored
  🔗 Attachments restored (0)
  🗣  Chatter groups restored (46)
  🔮 Trajectory restored (0 entries)
  🕐 Temporal coherence restored (0 entries)
  ⏳ Morph cooldowns restored (0 active)
  🛡 Immune system restored (0 signatures, 0 ledger entries)
  🤖 AIML system restored (0 nodes across 13 lobes)

╔══════════════════════════════════════════════════════════════╗
║            🧬 SPECIMEN LOADED SUCCESSFULLY                   ║
╠══════════════════════════════════════════════════════════════╣
  📁  File             : /workspace/grug_test/kitchen_sink_v14_prose/kitchen_sink.specimen.gz
  📦  Compressed size  : 27865 bytes
  📄  JSON size        : 222584 bytes
  ⏱️   Time             : 0.11s
  ─────────────────────────────────────────────
  🌱  Nodes            : 66
  🧠  Lobes            : 14
  📋  Lobe tables      : 14
  ⚡  Hopfield entries  : 0
  ⚙️   Rules            : 0
  💬  Messages         : 136 (8 pinned)
  🔧  Verb classes     : 6 (38 verbs)
  🔤  Thesaurus words  : 499
  🚫  Inhibitions      : 0
  🔗  Attachments      : 0
  🤖  AIML nodes       : 0 (13 lobes)
  👁   Arousal          : 0.3
  🔢  ID counters      : node=66, msg=136
  ─────────────────────────────────────────────
  🧹  Previous state   : WIPED (full brain transplant)
╚══════════════════════════════════════════════════════════════╝

Brain > === LOBE REGISTRY (14 lobes, 66 nodes indexed) ===
  alert | subject='warn caution notify danger flag' | nodes=5/20000 | fires=0 | inhibits=0 | connected=[survival] | tbl[nodes=5 json=17 drop=9 hopf=0]
  celebration | subject='celebrate joy happy glad cheerful' | nodes=3/20000 | fires=0 | inhibits=0 | connected=[none] | tbl[nodes=3 json=15 drop=9 hopf=0]
  comfort | subject='comfort support validate reassure care' | nodes=7/20000 | fires=0 | inhibits=0 | connected=[greeting] | tbl[nodes=7 json=34 drop=14 hopf=0]
  craft | subject='tool make build hammer carve' | nodes=3/20000 | fires=0 | inhibits=0 | connected=[none] | tbl[nodes=3 json=17 drop=8 hopf=0]
  default | subject='general thinking reasoning conversation greeting' | nodes=3/20000 | fires=0 | inhibits=0 | connected=[none] | tbl[nodes=3 json=0 drop=0 hopf=0]
  explanation | subject='explain clarify describe define teach' | nodes=7/20000 | fires=0 | inhibits=0 | connected=[reasoning] | tbl[nodes=7 json=23 drop=24 hopf=0]
  greeting | subject='hello hi greet welcome conversation' | nodes=6/20000 | fires=0 | inhibits=0 | connected=[comfort] | tbl[nodes=6 json=19 drop=10 hopf=0]
  inquiry | subject='ask question wonder curious learn' | nodes=3/20000 | fires=0 | inhibits=0 | connected=[none] | tbl[nodes=3 json=15 drop=11 hopf=0]
  knowledge | subject='fire water wolf rock food' | nodes=5/20000 | fires=0 | inhibits=0 | connected=[none] | tbl[nodes=5 json=30 drop=16 hopf=0]
  memory | subject='remember recall past history' | nodes=3/20000 | fires=0 | inhibits=0 | connected=[none] | tbl[nodes=3 json=16 drop=9 hopf=0]
  nature | subject='sky river tree wind animal' | nodes=4/20000 | fires=0 | inhibits=0 | connected=[none] | tbl[nodes=4 json=24 drop=12 hopf=0]
  planning | subject='plan strategy goal future intend' | nodes=3/20000 | fires=0 | inhibits=0 | connected=[none] | tbl[nodes=3 json=15 drop=9 hopf=0]
  reasoning | subject='think reason analyze ponder logic' | nodes=7/20000 | fires=0 | inhibits=0 | connected=[explanation] | tbl[nodes=7 json=23 drop=18 hopf=0]
  survival | subject='flee hide fight danger threat' | nodes=7/20000 | fires=0 | inhibits=0 | connected=[alert] | tbl[nodes=7 json=27 drop=15 hopf=0]

Brain > === SEMANTIC VERB REGISTRY ===
  [action]: breaks, burns, hits
  [causal]: burns, causes, contradicts, hits, increases, leads_to, makes, reduces, routes, triggers
  [emotive]: fears, feels, loves, misses
  [epistemic]: believes, doubts, knows, thinks
  [spatial]: above, are, below, connects, inside, is, near, on, sees, was, were
  [temporal]: after, before, chasing, during, follows, precedes
  (no synonyms registered)

Brain > ╔══════════════════════════════════════════════════╗
║              GRUGBOT SYSTEM STATUS               ║
╠══════════════════════════════════════════════════╣
║  ENGINE                                          ║
  Nodes in cave   : 66
  Hopfield cache  : 0 entries
  Memory messages : 137
  Est. memory use : ~132 KB
  Trajectory buf  : 0 entries
  Temporal coher  : 0 entries
  Morph cooldowns : 0 active
  Current arousal : 0.3
  Last input ago  : 0.0s
║  LOBES                                           ║
  Lobes registered: 14
  Nodes in lobes  : 66
  Top lobe (fires): explanation (0 fires)
║  BRAINSTEM                                       ║
  Dispatches run  : 0
  Last winner     : none
  Propagations    : 0
  Is dispatching  : false
║  CHATTER                                         ║
  Chatter running : false
  Input queue     : 0 pending
  Sessions run    : 0
║  AIML NODE TRIBES                                ║
=== AIML NODE TRIBES (cycle=0) ===
  alert | pop=0/6666 | live=0 | grave=0
  celebration | pop=0/6666 | live=0 | grave=0
  comfort | pop=0/6666 | live=0 | grave=0
  craft | pop=0/6666 | live=0 | grave=0
  explanation | pop=0/6666 | live=0 | grave=0
  greeting | pop=0/6666 | live=0 | grave=0
  inquiry | pop=0/6666 | live=0 | grave=0
  knowledge | pop=0/6666 | live=0 | grave=0
  memory | pop=0/6666 | live=0 | grave=0
  nature | pop=0/6666 | live=0 | grave=0
  planning | pop=0/6666 | live=0 | grave=0
  reasoning | pop=0/6666 | live=0 | grave=0
  survival | pop=0/6666 | live=0 | grave=0
╚══════════════════════════════════════════════════╝

Brain > 👁  Arousal set to 0.3. Eye system updated.

Brain > 
🔍 THESAURUS COMPARISON
  Input 1  : "happy"  → seeds: cheerful, content, delighted, elated
  Input 2  : "sad"  → seeds: dejected, downcast, gloomy, melancholy
  Type     : word-word
  ─────────────────────────────
  Overall  : 0.0%  [NEGLIGIBLE]
  Semantic : 0.0%
  Context  : 50.0%
  Assoc    : 0.0%
  Confid.  : 90.0%


Brain > 
🔍 THESAURUS COMPARISON
  Input 1  : "tool"
  Input 2  : "weapon"
  Type     : word-word
  ─────────────────────────────
  Overall  : 0.0%  [NEGLIGIBLE]
  Semantic : 0.0%
  Context  : 50.0%
  Assoc    : 0.0%
  Confid.  : 90.0%


Brain > 
🔍 THESAURUS COMPARISON
  Input 1  : "quick"  → seeds: brisk, fast, hasty, rapid
  Input 2  : "swift"  → seeds: brisk, fast, hasty, quick
  Type     : word-word
  ─────────────────────────────
  Overall  : 95.0%  [IDENTICAL]
  Semantic : 95.0%
  Context  : 50.0%
  Assoc    : 0.0%
  Confid.  : 90.0%


Brain > [ENGINE] 🔗  Node 'node_4' attached to target 'node_3' with pattern "morning hello" (base_conf=0.383, 1/4 slots used).
🔗 /nodeAttach complete:
   → Attached 'node_4' to 'node_3' with pattern "morning hello" (base_conf=0.383, 1/4)

Brain > [ENGINE] 🔗  Node 'node_5' attached to target 'node_3' with pattern "casual hello" (base_conf=0.05, 2/4 slots used).
🔗 /nodeAttach complete:
   → Attached 'node_5' to 'node_3' with pattern "casual hello" (base_conf=0.05, 2/4)

Brain > [ENGINE] 🔗  Node 'node_7' attached to target 'node_6' with pattern "why think" (base_conf=0.55, 1/4 slots used).
🔗 /nodeAttach complete:
   → Attached 'node_7' to 'node_6' with pattern "why think" (base_conf=0.55, 1/4)

Brain > [ENGINE] 🔗  Node 'node_8' attached to target 'node_6' with pattern "think mechanism" (base_conf=0.05, 2/4 slots used).
🔗 /nodeAttach complete:
   → Attached 'node_8' to 'node_6' with pattern "think mechanism" (base_conf=0.05, 2/4)

Brain > [ENGINE] 🔗  Node 'node_11' attached to target 'node_10' with pattern "danger run" (base_conf=0.05, 1/4 slots used).
🔗 /nodeAttach complete:
   → Attached 'node_11' to 'node_10' with pattern "danger run" (base_conf=0.05, 1/4)

Brain > !!! SYSTEM ERROR: ErrorException("!!! FATAL: /nodeAttach: node 'node_12' is not a member of lobe 'survival'. Lobe members: [node_10, node_11, node_27, node_28, node_29, node_30, node_9]. !!!") !!!

Stacktrace:
 [1] error(s::String)
   @ Base ./error.jl:35
 [2] _assert_node_in_lobe(lobe_id::String, node_id::String, cmd::String)
   @ GrugBot420 /workspace/grugbot420_repo/src/Main.jl:4599
 [3] run_cli()
   @ GrugBot420 /workspace/grugbot420_repo/src/Main.jl:5594
 [4] top-level scope
   @ none:1
 [5] eval
   @ ./boot.jl:385 [inlined]
 [6] exec_options(opts::Base.JLOptions)
   @ Base ./client.jl:291
 [7] _start()
   @ Base ./client.jl:552

Brain > !!! SYSTEM ERROR: ErrorException("!!! FATAL: /nodeAttach: node 'node_18' is not a member of lobe 'comfort'. Lobe members: [node_15, node_16, node_17, node_35, node_36, node_37, node_38]. !!!") !!!

Stacktrace:
 [1] error(s::String)
   @ Base ./error.jl:35
 [2] _assert_node_in_lobe(lobe_id::String, node_id::String, cmd::String)
   @ GrugBot420 /workspace/grugbot420_repo/src/Main.jl:4599
 [3] run_cli()
   @ GrugBot420 /workspace/grugbot420_repo/src/Main.jl:5575
 [4] top-level scope
   @ none:1
 [5] eval
   @ ./boot.jl:385 [inlined]
 [6] exec_options(opts::Base.JLOptions)
   @ Base ./client.jl:291
 [7] _start()
   @ Base ./client.jl:552

Brain > !!! SYSTEM ERROR: ErrorException("!!! FATAL: /nodeAttach: node 'node_18' is not a member of lobe 'comfort'. Lobe members: [node_15, node_16, node_17, node_35, node_36, node_37, node_38]. !!!") !!!

Stacktrace:
 [1] error(s::String)
   @ Base ./error.jl:35
 [2] _assert_node_in_lobe(lobe_id::String, node_id::String, cmd::String)
   @ GrugBot420 /workspace/grugbot420_repo/src/Main.jl:4599
 [3] run_cli()
   @ GrugBot420 /workspace/grugbot420_repo/src/Main.jl:5575
 [4] top-level scope
   @ none:1
 [5] eval
   @ ./boot.jl:385 [inlined]
 [6] exec_options(opts::Base.JLOptions)
   @ Base ./client.jl:291
 [7] _start()
   @ Base ./client.jl:552

Brain > !!! SYSTEM ERROR: ErrorException("!!! FATAL: /nodeAttach: node 'node_18' is not a member of lobe 'comfort'. Lobe members: [node_15, node_16, node_17, node_35, node_36, node_37, node_38]. !!!") !!!

Stacktrace:
 [1] error(s::String)
   @ Base ./error.jl:35
 [2] _assert_node_in_lobe(lobe_id::String, node_id::String, cmd::String)
   @ GrugBot420 /workspace/grugbot420_repo/src/Main.jl:4599
 [3] run_cli()
   @ GrugBot420 /workspace/grugbot420_repo/src/Main.jl:5575
 [4] top-level scope
   @ none:1
 [5] eval
   @ ./boot.jl:385 [inlined]
 [6] exec_options(opts::Base.JLOptions)
   @ Base ./client.jl:291
 [7] _start()
   @ Base ./client.jl:552

Brain > !!! SYSTEM ERROR: ErrorException("!!! FATAL: /nodeAttach: node 'node_33' is not a member of lobe 'planning'. Lobe members: [node_42, node_43, node_44]. !!!") !!!

Stacktrace:
 [1] error(s::String)
   @ Base ./error.jl:35
 [2] _assert_node_in_lobe(lobe_id::String, node_id::String, cmd::String)
   @ GrugBot420 /workspace/grugbot420_repo/src/Main.jl:4599
 [3] run_cli()
   @ GrugBot420 /workspace/grugbot420_repo/src/Main.jl:5575
 [4] top-level scope
   @ none:1
 [5] eval
   @ ./boot.jl:385 [inlined]
 [6] exec_options(opts::Base.JLOptions)
   @ Base ./client.jl:291
 [7] _start()
   @ Base ./client.jl:552

Brain > !!! SYSTEM ERROR: ErrorException("!!! FATAL: /nodeAttach: node 'node_33' is not a member of lobe 'planning'. Lobe members: [node_42, node_43, node_44]. !!!") !!!

Stacktrace:
 [1] error(s::String)
   @ Base ./error.jl:35
 [2] _assert_node_in_lobe(lobe_id::String, node_id::String, cmd::String)
   @ GrugBot420 /workspace/grugbot420_repo/src/Main.jl:4599
 [3] run_cli()
   @ GrugBot420 /workspace/grugbot420_repo/src/Main.jl:5575
 [4] top-level scope
   @ none:1
 [5] eval
   @ ./boot.jl:385 [inlined]
 [6] exec_options(opts::Base.JLOptions)
   @ Base ./client.jl:291
 [7] _start()
   @ Base ./client.jl:552

Brain > !!! SYSTEM ERROR: ErrorException("!!! FATAL: /nodeAttach: node 'node_36' is not a member of lobe 'nature'. Lobe members: [node_48, node_49, node_50, node_51]. !!!") !!!

Stacktrace:
 [1] error(s::String)
   @ Base ./error.jl:35
 [2] _assert_node_in_lobe(lobe_id::String, node_id::String, cmd::String)
   @ GrugBot420 /workspace/grugbot420_repo/src/Main.jl:4599
 [3] run_cli()
   @ GrugBot420 /workspace/grugbot420_repo/src/Main.jl:5575
 [4] top-level scope
   @ none:1
 [5] eval
   @ ./boot.jl:385 [inlined]
 [6] exec_options(opts::Base.JLOptions)
   @ Base ./client.jl:291
 [7] _start()
   @ Base ./client.jl:552

Brain > !!! SYSTEM ERROR: ErrorException("!!! FATAL: /nodeAttach: node 'node_39' is not a member of lobe 'craft'. Lobe members: [node_52, node_53, node_54]. !!!") !!!

Stacktrace:
 [1] error(s::String)
   @ Base ./error.jl:35
 [2] _assert_node_in_lobe(lobe_id::String, node_id::String, cmd::String)
   @ GrugBot420 /workspace/grugbot420_repo/src/Main.jl:4599
 [3] run_cli()
   @ GrugBot420 /workspace/grugbot420_repo/src/Main.jl:5575
 [4] top-level scope
   @ none:1
 [5] eval
   @ ./boot.jl:385 [inlined]
 [6] exec_options(opts::Base.JLOptions)
   @ Base ./client.jl:291
 [7] _start()
   @ Base ./client.jl:552

Brain > === ATTACHMENT MAP (3 targets with attachments) ===
  🎯 node_10 (1/4 attached):
      🔗 node_11 [ALIVE str=1.0] | base_conf=0.05 | connector="danger run"
  🎯 node_3 (2/4 attached):
      🔗 node_4 [ALIVE str=1.0] | base_conf=0.383 | connector="morning hello"
      🔗 node_5 [ALIVE str=1.0] | base_conf=0.05 | connector="casual hello"
  🎯 node_6 (2/4 attached):
      🔗 node_7 [ALIVE str=1.0] | base_conf=0.55 | connector="why think"
      🔗 node_8 [ALIVE str=1.0] | base_conf=0.05 | connector="think mechanism"

Brain > !!! SYSTEM ERROR: ErrorException("!!! FATAL: /crystalize: node 'node_18' is not a member of lobe 'comfort'. Lobe members: [node_15, node_16, node_17, node_35, node_36, node_37, node_38]. !!!") !!!

Stacktrace:
 [1] error(s::String)
   @ Base ./error.jl:35
 [2] _assert_node_in_lobe(lobe_id::String, node_id::String, cmd::String)
   @ GrugBot420 /workspace/grugbot420_repo/src/Main.jl:4599
 [3] run_cli()
   @ GrugBot420 /workspace/grugbot420_repo/src/Main.jl:5725
 [4] top-level scope
   @ none:1
 [5] eval
   @ ./boot.jl:385 [inlined]
 [6] exec_options(opts::Base.JLOptions)
   @ Base ./client.jl:291
 [7] _start()
   @ Base ./client.jl:552

Brain > !!! SYSTEM ERROR: ErrorException("!!! FATAL: /crystalize: node 'node_12' is not a member of lobe 'survival'. Lobe members: [node_10, node_11, node_27, node_28, node_29, node_30, node_9]. !!!") !!!

Stacktrace:
 [1] error(s::String)
   @ Base ./error.jl:35
 [2] _assert_node_in_lobe(lobe_id::String, node_id::String, cmd::String)
   @ GrugBot420 /workspace/grugbot420_repo/src/Main.jl:4599
 [3] run_cli()
   @ GrugBot420 /workspace/grugbot420_repo/src/Main.jl:5726
 [4] top-level scope
   @ none:1
 [5] eval
   @ ./boot.jl:385 [inlined]
 [6] exec_options(opts::Base.JLOptions)
   @ Base ./client.jl:291
 [7] _start()
   @ Base ./client.jl:552

Brain > !!! SYSTEM ERROR: ErrorException("!!! FATAL: /crystalize: node 'node_39' is not a member of lobe 'craft'. Lobe members: [node_52, node_53, node_54]. !!!") !!!

Stacktrace:
 [1] error(s::String)
   @ Base ./error.jl:35
 [2] _assert_node_in_lobe(lobe_id::String, node_id::String, cmd::String)
   @ GrugBot420 /workspace/grugbot420_repo/src/Main.jl:4599
 [3] run_cli()
   @ GrugBot420 /workspace/grugbot420_repo/src/Main.jl:5725
 [4] top-level scope
   @ none:1
 [5] eval
   @ ./boot.jl:385 [inlined]
 [6] exec_options(opts::Base.JLOptions)
   @ Base ./client.jl:291
 [7] _start()
   @ Base ./client.jl:552

Brain > === ATTACHMENT MAP (3 targets with attachments) ===
  🎯 node_10 (1/4 attached):
      🔗 node_11 [ALIVE str=1.0] | base_conf=0.05 | connector="danger run"
  🎯 node_3 (2/4 attached):
      🔗 node_4 [ALIVE str=1.0] | base_conf=0.383 | connector="morning hello"
      🔗 node_5 [ALIVE str=1.0] | base_conf=0.05 | connector="casual hello"
  🎯 node_6 (2/4 attached):
      🔗 node_7 [ALIVE str=1.0] | base_conf=0.55 | connector="why think"
      🔗 node_8 [ALIVE str=1.0] | base_conf=0.05 | connector="think mechanism"

Brain > --> Scanning specimens & looking for dialectical relations...
[ORCHESTRATOR] 🎯 Lobe Curve (base × top = score):
  👑 greeting: base=0.66 × top=0.661 = 0.4368 [hard_votes=2]
  · default: base=0.519 × top=0.519 = 0.2697 [hard_votes=1]
--> 2 valid votes passed gate... compiling JIT superposition...
[ENGINE] 🐢  Node node_3 marked [GRAVED-SLOW] (avg: 5.38s > 5.0s).
[ENGINE] 🐢  Node node_20 marked [GRAVED-SLOW] (avg: 5.38s > 5.0s).

🤖 AIML Output Scaffold:
[Grug greet warm] Let me think with you. Be polite, brief..
--- DEBUG TELEMETRY (orchestration internals, not for speech) ---
Mission: 'hello'
Primary Action: smile  (conf=0.66, certainty=UNSURE)
Sure Actions: [smile, greet]
Unsure Actions (Coinflip Side-Features): [None]
Constraints: [None]
Winning Node: node_3
Lobe Context: [greeting (6/6 active (hello hi | good morning | howdy))]
User Triples: None
Node Triples: None
Anti-Match Detected: false
Tied Alternatives (not selected):
  🪨 node_20 | action=greet | conf=0.66 | relations=None
AIML Memory Bank:
Deep Memory (Pinned): [User_Pinned]: Grug speak plain. Grug not pretend smart. | [User_Pinned]: Many rocks compete. Loudest rock get to talk. | [User_Pinned]: Grug listen first, talk second. | [User_Pinned]: Grug speak plain. Grug not pretend smart. | [User_Pinned]: Many rocks compete. Loudest rock get to talk. | [User_Pinned]: Grug listen first, talk second. | [User_Pinned]: Tribe stronger than lone hunter. | [User_Pinned]: Hot rock burn. Soft skin remember.
Fresh Memory [threshold=0.67 eligible=9] (Recent): [System]: /grow greeting [JSON MAP PACKET] (intensity=0.67) | [System]: 🌱 Tribe expanded! Grug planted 1 new nodes into lobe 'nature': [node_51] (intensity=0.67) | [System]: /grow celebration [JSON MAP PACKET] (intensity=0.67) | [System]: /nodeAttach: Attached 'node_5' to 'node_3' with pattern "casual hello" (base_conf=0.05, 2/4) (intensity=0.7)
Memory-Pull Policy: pull_fresh=true — vote certainty=UNSURE — context helps disambiguate
Lobe Curve (base × top = score):
  👑 greeting: base=0.66 × top=0.661 = 0.4368 [hard_votes=2]
  · default: base=0.519 × top=0.519 = 0.2697 [hard_votes=1]
=========================================

Brain > [ENGINE] ✅ /right: contributors=2 rewarded=0 double_skip=0 coinflip_miss=0 grave_skip=2
✅ /right applied. 2 contributor(s) processed: 0 rewarded, 0 skipped (already gained), 0 missed coinflip.
   ↳ context intensity nudged up on 12 message(s) used last cycle.

Brain > --> Scanning specimens & looking for dialectical relations...
[ORCHESTRATOR] 🎯 Lobe Curve (base × top = score):
  👑 default: base=0.523 × top=0.523 = 0.274 [hard_votes=1]
--> 1 valid votes passed gate... compiling JIT superposition...

🤖 AIML Output Scaffold:
[Highly polite greeting protocols active] Let me think with you. hello hi greeting mornin.
--- DEBUG TELEMETRY (orchestration internals, not for speech) ---
Mission: 'hello'
Primary Action: welcome  (conf=0.52, certainty=SURE)
Sure Actions: [welcome]
Unsure Actions (Coinflip Side-Features): [None]
Constraints: [dont frown, dont insult, dont be rude]
Winning Node: node_0
Lobe Context: [default (3/3 active (hello hi greeting mornin | think ponder reason calculate | grug hits rock and makes fire))]
User Triples: None
Node Triples: None
Anti-Match Detected: false
AIML Memory Bank:
Deep Memory (Pinned): [User_Pinned]: Grug speak plain. Grug not pretend smart. | [User_Pinned]: Many rocks compete. Loudest rock get to talk. | [User_Pinned]: Grug listen first, talk second. | [User_Pinned]: Grug speak plain. Grug not pretend smart. | [User_Pinned]: Many rocks compete. Loudest rock get to talk. | [User_Pinned]: Grug listen first, talk second. | [User_Pinned]: Tribe stronger than lone hunter. | [User_Pinned]: Hot rock burn. Soft skin remember.
Fresh Memory [threshold=0.75 eligible=6] (Recent): [System]: /nodeAttach: Attached 'node_5' to 'node_3' with pattern "casual hello" (base_conf=0.05, 2/4) (intensity=0.85) | [System]: Mission "hello" → primary=smile conf=0.66 node=node_3 (intensity=0.78)
Memory-Pull Policy: pull_fresh=false — SURE vote (conf=0.52) and no winning node requested context — fresh memory withheld
Lobe Curve (base × top = score):
  👑 default: base=0.523 × top=0.523 = 0.274 [hard_votes=1]
=========================================

Brain > --> Scanning specimens & looking for dialectical relations...
[ORCHESTRATOR] 🎯 Lobe Curve (base × top = score):
  👑 default: base=0.52 × top=0.52 = 0.2706 [hard_votes=1]
--> 1 valid votes passed gate... compiling JIT superposition...

🤖 AIML Output Scaffold:
[Highly polite greeting protocols active] Let me think with you. hello hi greeting mornin.
--- DEBUG TELEMETRY (orchestration internals, not for speech) ---
Mission: 'hello'
Primary Action: welcome  (conf=0.52, certainty=SURE)
Sure Actions: [welcome]
Unsure Actions (Coinflip Side-Features): [None]
Constraints: [dont frown, dont insult, dont be rude]
Winning Node: node_0
Lobe Context: [default (3/3 active (hello hi greeting mornin | think ponder reason calculate | grug hits rock and makes fire))]
User Triples: None
Node Triples: None
Anti-Match Detected: false
AIML Memory Bank:
Deep Memory (Pinned): [User_Pinned]: Grug speak plain. Grug not pretend smart. | [User_Pinned]: Many rocks compete. Loudest rock get to talk. | [User_Pinned]: Grug listen first, talk second. | [User_Pinned]: Grug speak plain. Grug not pretend smart. | [User_Pinned]: Many rocks compete. Loudest rock get to talk. | [User_Pinned]: Grug listen first, talk second. | [User_Pinned]: Tribe stronger than lone hunter. | [User_Pinned]: Hot rock burn. Soft skin remember.
Fresh Memory [threshold=0.38 eligible=10] (Recent): [System]: Mission "hello" → primary=smile conf=0.66 node=node_3 (intensity=0.63)
Memory-Pull Policy: pull_fresh=false — SURE vote (conf=0.52) and no winning node requested context — fresh memory withheld
Lobe Curve (base × top = score):
  👑 default: base=0.52 × top=0.52 = 0.2706 [hard_votes=1]
=========================================

Brain > [ENGINE] ✅ /right: contributors=1 rewarded=0 double_skip=0 coinflip_miss=1 grave_skip=0
✅ /right applied. 1 contributor(s) processed: 0 rewarded, 0 skipped (already gained), 1 missed coinflip.
   ↳ context intensity nudged up on 9 message(s) used last cycle.

Brain > --> Scanning specimens & looking for dialectical relations...
[ORCHESTRATOR] 🎯 Lobe Curve (base × top = score):
  👑 greeting: base=1.111 × top=1.318 = 1.7373 [hard_votes=2]
  · celebration: base=0.44 × top=0.44 = 0.1934 [hard_votes=0]
--> 2 valid votes passed gate... compiling JIT superposition...

🤖 AIML Output Scaffold:
[Grug greet morning] sun is up and tribe gather.
--- DEBUG TELEMETRY (orchestration internals, not for speech) ---
Mission: 'good morning'
Primary Action: sun is up and tribe gather  (conf=1.32, certainty=SURE)
Sure Actions: [sun is up and tribe gather]
Unsure Actions (Coinflip Side-Features): [None]
Constraints: [None]
Winning Node: node_21
Lobe Context: [greeting (6/6 active (hello hi | good morning | howdy))]
User Triples: None
Node Triples: None
Anti-Match Detected: false
AIML Memory Bank:
Deep Memory (Pinned): [User_Pinned]: Grug speak plain. Grug not pretend smart. | [User_Pinned]: Many rocks compete. Loudest rock get to talk. | [User_Pinned]: Grug listen first, talk second. | [User_Pinned]: Grug speak plain. Grug not pretend smart. | [User_Pinned]: Many rocks compete. Loudest rock get to talk. | [User_Pinned]: Grug listen first, talk second. | [User_Pinned]: Tribe stronger than lone hunter. | [User_Pinned]: Hot rock burn. Soft skin remember.
Fresh Memory [threshold=0.38 eligible=8] (Recent): [System]: /nodeAttach: Attached 'node_5' to 'node_3' with pattern "casual hello" (base_conf=0.05, 2/4) (intensity=0.41) | [System]: Mission "hello" → primary=smile conf=0.66 node=node_3 (intensity=0.74) | [User]: hello (intensity=0.92) | [User]: hello (intensity=0.83)
Memory-Pull Policy: pull_fresh=false — SURE vote (conf=1.32) and no winning node requested context — fresh memory withheld
Lobe Curve (base × top = score):
  👑 greeting: base=1.111 × top=1.318 = 1.7373 [hard_votes=2]
  · celebration: base=0.44 × top=0.44 = 0.1934 [hard_votes=0]
=========================================

Brain > [ENGINE] ✅ /right: contributors=1 rewarded=1 double_skip=0 coinflip_miss=0 grave_skip=0
✅ /right applied. 1 contributor(s) processed: 1 rewarded, 0 skipped (already gained), 0 missed coinflip.
   ↳ context intensity nudged up on 12 message(s) used last cycle.

Brain > --> Scanning specimens & looking for dialectical relations...
[ORCHESTRATOR] 🎯 Lobe Curve (base × top = score):
  👑 greeting: base=0.661 × top=0.662 = 0.4378 [hard_votes=2]
--> 2 valid votes passed gate... compiling JIT superposition...

🤖 AIML Output Scaffold:
[Grug greet casually] Here is the picture: howdy.
--- DEBUG TELEMETRY (orchestration internals, not for speech) ---
Mission: 'howdy partner'
Primary Action: welcome  (conf=0.66, certainty=UNSURE)
Sure Actions: [welcome, laugh]
Unsure Actions (Coinflip Side-Features): [None]
Constraints: [None]
Winning Node: node_5
Lobe Context: [greeting (6/6 active (hello hi | good morning | howdy))]
User Triples: None
Node Triples: None
Anti-Match Detected: false
Tied Alternatives (not selected):
  🪨 node_22 | action=laugh | conf=0.66 | relations=None
AIML Memory Bank:
Deep Memory (Pinned): [User_Pinned]: Grug speak plain. Grug not pretend smart. | [User_Pinned]: Many rocks compete. Loudest rock get to talk. | [User_Pinned]: Grug listen first, talk second. | [User_Pinned]: Grug speak plain. Grug not pretend smart. | [User_Pinned]: Many rocks compete. Loudest rock get to talk. | [User_Pinned]: Grug listen first, talk second. | [User_Pinned]: Tribe stronger than lone hunter. | [User_Pinned]: Hot rock burn. Soft skin remember.
Fresh Memory [threshold=0.75 eligible=5] (Recent): [User]: hello (intensity=0.86) | [User]: good morning (intensity=0.84) | [User]: howdy partner (intensity=1.27)
Memory-Pull Policy: pull_fresh=true — vote certainty=UNSURE — context helps disambiguate
Lobe Curve (base × top = score):
  👑 greeting: base=0.661 × top=0.662 = 0.4378 [hard_votes=2]
=========================================

Brain > --> Scanning specimens & looking for dialectical relations...
[ORCHESTRATOR] 🎯 Lobe Curve (base × top = score):
  👑 explanation: base=0.787 × top=0.938 = 0.879 [hard_votes=2]
  · knowledge: base=0.641 × top=0.641 = 0.4103 [hard_votes=1]
  · default: base=0.563 × top=0.563 = 0.3164 [hard_votes=1]
  · survival: base=0.305 × top=0.305 = 0.093 [hard_votes=0]
--> 2 valid votes passed gate... compiling JIT superposition...

🤖 AIML Output Scaffold:
[Grug explain plain] Here is the picture: No massive words..
--- DEBUG TELEMETRY (orchestration internals, not for speech) ---
Mission: 'what is fire'
Primary Action: define  (conf=0.94, certainty=SURE)
Sure Actions: [define]
Unsure Actions (Coinflip Side-Features): [None]
Constraints: [None]
Winning Node: node_12
Lobe Context: [explanation (7/7 active (define | clarify | what is))]
User Triples: (what, is, fire)
Node Triples: None
Anti-Match Detected: false
AIML Memory Bank:
Deep Memory (Pinned): [User_Pinned]: Grug speak plain. Grug not pretend smart. | [User_Pinned]: Many rocks compete. Loudest rock get to talk. | [User_Pinned]: Grug listen first, talk second. | [User_Pinned]: Grug speak plain. Grug not pretend smart. | [User_Pinned]: Many rocks compete. Loudest rock get to talk. | [User_Pinned]: Grug listen first, talk second. | [User_Pinned]: Tribe stronger than lone hunter. | [User_Pinned]: Hot rock burn. Soft skin remember.
Fresh Memory [threshold=0.38 eligible=10] (Recent): [User]: howdy partner (intensity=0.84) | [User]: what is fire (intensity=1.67)
Memory-Pull Policy: pull_fresh=false — SURE vote (conf=0.94) and no winning node requested context — fresh memory withheld
Lobe Curve (base × top = score):
  👑 explanation: base=0.787 × top=0.938 = 0.879 [hard_votes=2]
  · knowledge: base=0.641 × top=0.641 = 0.4103 [hard_votes=1]
  · default: base=0.563 × top=0.563 = 0.3164 [hard_votes=1]
  · survival: base=0.305 × top=0.305 = 0.093 [hard_votes=0]
=========================================

Brain > [ENGINE] ✅ /right: contributors=1 rewarded=0 double_skip=0 coinflip_miss=1 grave_skip=0
✅ /right applied. 1 contributor(s) processed: 0 rewarded, 0 skipped (already gained), 1 missed coinflip.
   ↳ context intensity nudged up on 10 message(s) used last cycle.

Brain > --> Scanning specimens & looking for dialectical relations...
[ORCHESTRATOR] 🎯 Lobe Curve (base × top = score):
  👑 explanation: base=0.67 × top=0.791 = 0.6253 [hard_votes=2]
  · reasoning: base=0.28 × top=0.33 = 0.1087 [hard_votes=0]
--> 2 valid votes passed gate... compiling JIT superposition...

🤖 AIML Output Scaffold:
[Grug share what grug know] Here is the picture: tell me. Pinned note: Many rocks compete. Loudest rock get to talk.
--- DEBUG TELEMETRY (orchestration internals, not for speech) ---
Mission: 'tell me about rocks'
Primary Action: describe  (conf=0.79, certainty=SURE)
Sure Actions: [describe]
Unsure Actions (Coinflip Side-Features): [None]
Constraints: [None]
Winning Node: node_13
Lobe Context: [explanation (7/7 active (define | clarify | what is))]
User Triples: None
Node Triples: None
Anti-Match Detected: false
AIML Memory Bank:
Deep Memory (Pinned): [User_Pinned]: Grug speak plain. Grug not pretend smart. | [User_Pinned]: Many rocks compete. Loudest rock get to talk. | [User_Pinned]: Grug listen first, talk second. | [User_Pinned]: Grug speak plain. Grug not pretend smart. | [User_Pinned]: Many rocks compete. Loudest rock get to talk. | [User_Pinned]: Grug listen first, talk second. | [User_Pinned]: Tribe stronger than lone hunter. | [User_Pinned]: Hot rock burn. Soft skin remember.
Fresh Memory [threshold=0.38 eligible=6] (Recent): [User]: hello (intensity=0.39) | [System]: Mission "howdy partner" → primary=welcome conf=0.66 node=node_5 (intensity=0.43) | [User]: what is fire (intensity=1.44) | [User]: tell me about rocks (intensity=1.25)
Memory-Pull Policy: pull_fresh=false — SURE vote (conf=0.79) and no winning node requested context — fresh memory withheld
Lobe Curve (base × top = score):
  👑 explanation: base=0.67 × top=0.791 = 0.6253 [hard_votes=2]
  · reasoning: base=0.28 × top=0.33 = 0.1087 [hard_votes=0]
=========================================

Brain > --> Scanning specimens & looking for dialectical relations...
[ORCHESTRATOR] 🎯 Lobe Curve (base × top = score):
  👑 reasoning: base=0.671 × top=0.794 = 0.6306 [hard_votes=2]
  · knowledge: base=0.551 × top=0.551 = 0.3041 [hard_votes=1]
  · default: base=0.476 × top=0.476 = 0.227 [hard_votes=0]
  · survival: base=0.23 × top=0.23 = 0.0528 [hard_votes=0]
--> 2 valid votes passed gate... compiling JIT superposition...

🤖 AIML Output Scaffold:
[Grug seek cause] Here is the picture: Trace from outcome to source.. Pinned note: Hot rock burn. Soft skin remember.
--- DEBUG TELEMETRY (orchestration internals, not for speech) ---
Mission: 'why does fire burn'
Primary Action: reason  (conf=0.79, certainty=SURE)
Sure Actions: [reason]
Unsure Actions (Coinflip Side-Features): [None]
Constraints: [None]
Winning Node: node_7
Lobe Context: [reasoning (7/7 active (why | how does | think about))]
User Triples: None
Node Triples: None
Anti-Match Detected: false
AIML Memory Bank:
Deep Memory (Pinned): [User_Pinned]: Grug speak plain. Grug not pretend smart. | [User_Pinned]: Many rocks compete. Loudest rock get to talk. | [User_Pinned]: Grug listen first, talk second. | [User_Pinned]: Grug speak plain. Grug not pretend smart. | [User_Pinned]: Many rocks compete. Loudest rock get to talk. | [User_Pinned]: Grug listen first, talk second. | [User_Pinned]: Tribe stronger than lone hunter. | [User_Pinned]: Hot rock burn. Soft skin remember.
Fresh Memory [threshold=0.38 eligible=6] (Recent): [User]: tell me about rocks (intensity=0.81) | [System]: Mission "tell me about rocks" → primary=describe conf=0.79 node=node_13 (intensity=0.66)
Memory-Pull Policy: pull_fresh=false — SURE vote (conf=0.79) and no winning node requested context — fresh memory withheld
Lobe Curve (base × top = score):
  👑 reasoning: base=0.671 × top=0.794 = 0.6306 [hard_votes=2]
  · knowledge: base=0.551 × top=0.551 = 0.3041 [hard_votes=1]
  · default: base=0.476 × top=0.476 = 0.227 [hard_votes=0]
  · survival: base=0.23 × top=0.23 = 0.0528 [hard_votes=0]
=========================================

Brain > [ENGINE] ✅ /right: contributors=1 rewarded=0 double_skip=0 coinflip_miss=1 grave_skip=0
✅ /right applied. 1 contributor(s) processed: 0 rewarded, 0 skipped (already gained), 1 missed coinflip.
   ↳ context intensity nudged up on 10 message(s) used last cycle.

Brain > --> Scanning specimens & looking for dialectical relations...
[ORCHESTRATOR] 🎯 Lobe Curve (base × top = score):
  👑 craft: base=0.548 × top=0.548 = 0.3001 [hard_votes=1]
  · reasoning: base=0.435 × top=0.511 = 0.2612 [hard_votes=1]
  · inquiry: base=0.441 × top=0.441 = 0.1945 [hard_votes=0]
--> 1 valid votes passed gate... compiling JIT superposition...

🤖 AIML Output Scaffold:
[Grug know hammer] Here is the picture: hammer is fist that does not tire. The link is clear: hammer strikes stone.
--- DEBUG TELEMETRY (orchestration internals, not for speech) ---
Mission: 'how does a hammer work'
Primary Action: hammer is fist that does not tire  (conf=0.55, certainty=SURE)
Sure Actions: [hammer is fist that does not tire]
Unsure Actions (Coinflip Side-Features): [None]
Constraints: [None]
Winning Node: node_52
Lobe Context: [craft (3/3 active (carve | build | hammer))]
User Triples: None
Node Triples: (hammer, strikes, stone), (hammer, builds, shelter)
Anti-Match Detected: false
AIML Memory Bank:
Deep Memory (Pinned): [User_Pinned]: Grug speak plain. Grug not pretend smart. | [User_Pinned]: Many rocks compete. Loudest rock get to talk. | [User_Pinned]: Grug listen first, talk second. | [User_Pinned]: Grug speak plain. Grug not pretend smart. | [User_Pinned]: Many rocks compete. Loudest rock get to talk. | [User_Pinned]: Grug listen first, talk second. | [User_Pinned]: Tribe stronger than lone hunter. | [User_Pinned]: Hot rock burn. Soft skin remember.
Fresh Memory [threshold=0.38 eligible=7] (Recent): [User]: howdy partner (intensity=0.38)
Memory-Pull Policy: pull_fresh=false — SURE vote (conf=0.55) and no winning node requested context — fresh memory withheld
Lobe Curve (base × top = score):
  👑 craft: base=0.548 × top=0.548 = 0.3001 [hard_votes=1]
  · reasoning: base=0.435 × top=0.511 = 0.2612 [hard_votes=1]
  · inquiry: base=0.441 × top=0.441 = 0.1945 [hard_votes=0]
=========================================

Brain > --> Scanning specimens & looking for dialectical relations...
[ORCHESTRATOR] 🎯 Lobe Curve (base × top = score):
  👑 explanation: base=0.613 × top=0.721 = 0.5193 [hard_votes=2]
--> 2 valid votes passed gate... compiling JIT superposition...

🤖 AIML Output Scaffold:
[Grug explain plain] Here is the picture: No big words..
--- DEBUG TELEMETRY (orchestration internals, not for speech) ---
Mission: 'what causes the storm to rumble'
Primary Action: explain  (conf=0.72, certainty=SURE)
Sure Actions: [explain]
Unsure Actions (Coinflip Side-Features): [None]
Constraints: [None]
Winning Node: node_12
Lobe Context: [explanation (7/7 active (define | clarify | what is))]
User Triples: (what, causes, the)
Node Triples: None
Anti-Match Detected: false
AIML Memory Bank:
Deep Memory (Pinned): [User_Pinned]: Grug speak plain. Grug not pretend smart. | [User_Pinned]: Many rocks compete. Loudest rock get to talk. | [User_Pinned]: Grug listen first, talk second. | [User_Pinned]: Grug speak plain. Grug not pretend smart. | [User_Pinned]: Many rocks compete. Loudest rock get to talk. | [User_Pinned]: Grug listen first, talk second. | [User_Pinned]: Tribe stronger than lone hunter. | [User_Pinned]: Hot rock burn. Soft skin remember.
Fresh Memory [threshold=0.38 eligible=8] (Recent): [User]: what causes the storm to rumble (intensity=1.73)
Memory-Pull Policy: pull_fresh=false — SURE vote (conf=0.72) and no winning node requested context — fresh memory withheld
Lobe Curve (base × top = score):
  👑 explanation: base=0.613 × top=0.721 = 0.5193 [hard_votes=2]
=========================================

Brain > --> Scanning specimens & looking for dialectical relations...
[ORCHESTRATOR] 🎯 Lobe Curve (base × top = score):
  👑 survival: base=0.595 × top=0.595 = 0.354 [hard_votes=2]
--> 2 valid votes passed gate... compiling JIT superposition...

🤖 AIML Output Scaffold:
[Grug see threat] the threat.
--- DEBUG TELEMETRY (orchestration internals, not for speech) ---
Mission: 'danger ahead'
Primary Action: warn  (conf=0.6, certainty=SURE)
Sure Actions: [warn]
Unsure Actions (Coinflip Side-Features): [None]
Constraints: [dont downplay, dont delay]
Winning Node: node_27
Lobe Context: [survival (7/7 active (danger | fire burns | danger))]
User Triples: None
Node Triples: (danger, causes, harm), (predator, threatens, tribe)
Anti-Match Detected: false
AIML Memory Bank:
Deep Memory (Pinned): [User_Pinned]: Grug speak plain. Grug not pretend smart. | [User_Pinned]: Many rocks compete. Loudest rock get to talk. | [User_Pinned]: Grug listen first, talk second. | [User_Pinned]: Grug speak plain. Grug not pretend smart. | [User_Pinned]: Many rocks compete. Loudest rock get to talk. | [User_Pinned]: Grug listen first, talk second. | [User_Pinned]: Tribe stronger than lone hunter. | [User_Pinned]: Hot rock burn. Soft skin remember.
Fresh Memory [threshold=0.38 eligible=7] (Recent): [User]: what causes the storm to rumble (intensity=1.15)
Memory-Pull Policy: pull_fresh=false — SURE vote (conf=0.6) and no winning node requested context — fresh memory withheld
Lobe Curve (base × top = score):
  👑 survival: base=0.595 × top=0.595 = 0.354 [hard_votes=2]
=========================================

Brain > [ENGINE] ✅ /right: contributors=1 rewarded=0 double_skip=0 coinflip_miss=1 grave_skip=0
✅ /right applied. 1 contributor(s) processed: 0 rewarded, 0 skipped (already gained), 1 missed coinflip.
   ↳ context intensity nudged up on 9 message(s) used last cycle.

Brain > --> Scanning specimens & looking for dialectical relations...
[ORCHESTRATOR] 🎯 Lobe Curve (base × top = score):
  👑 survival: base=0.523 × top=0.523 = 0.2739 [hard_votes=2]
  · knowledge: base=0.522 × top=0.522 = 0.2724 [hard_votes=1]
--> 2 valid votes passed gate... compiling JIT superposition...

🤖 AIML Output Scaffold:
[Grug urge escape] the feet.
--- DEBUG TELEMETRY (orchestration internals, not for speech) ---
Mission: 'run from the wolf now'
Primary Action: alert  (conf=0.52, certainty=SURE)
Sure Actions: [alert]
Unsure Actions (Coinflip Side-Features): [flee]
Constraints: [None]
Winning Node: node_28
Lobe Context: [survival (7/7 active (danger | fire burns | danger))]
User Triples: None
Node Triples: (feet, carry, tribemate), (ground, rushes, under)
Anti-Match Detected: false
Other Possibilities (strong but not winners):
  🔸 node_10 | action=flee | conf=0.52 | relations=None
AIML Memory Bank:
Deep Memory (Pinned): [User_Pinned]: Grug speak plain. Grug not pretend smart. | [User_Pinned]: Many rocks compete. Loudest rock get to talk. | [User_Pinned]: Grug listen first, talk second. | [User_Pinned]: Grug speak plain. Grug not pretend smart. | [User_Pinned]: Many rocks compete. Loudest rock get to talk. | [User_Pinned]: Grug listen first, talk second. | [User_Pinned]: Tribe stronger than lone hunter. | [User_Pinned]: Hot rock burn. Soft skin remember.
Fresh Memory [threshold=0.38 eligible=5] (Recent): [User]: danger ahead (intensity=0.82) | [User]: run from the wolf now (intensity=1.24)
Memory-Pull Policy: pull_fresh=false — SURE vote (conf=0.52) and no winning node requested context — fresh memory withheld
Lobe Curve (base × top = score):
  👑 survival: base=0.523 × top=0.523 = 0.2739 [hard_votes=2]
  · knowledge: base=0.522 × top=0.522 = 0.2724 [hard_votes=1]
=========================================

Brain > --> Scanning specimens & looking for dialectical relations...
[ORCHESTRATOR] 🎯 Lobe Curve (base × top = score):
  👑 survival: base=1.037 × top=1.525 = 2.3258 [hard_votes=2]
  · default: base=0.915 × top=0.915 = 0.8373 [hard_votes=1]
  · knowledge: base=0.557 × top=0.557 = 0.3104 [hard_votes=1]
--> 2 valid votes passed gate... compiling JIT superposition...

🤖 AIML Output Scaffold:
[Grug warn fire] heat steals moisture leaves only ash.
--- DEBUG TELEMETRY (orchestration internals, not for speech) ---
Mission: 'fire burns my hand'
Primary Action: heat steals moisture leaves only ash  (conf=1.53, certainty=SURE)
Sure Actions: [heat steals moisture leaves only ash]
Unsure Actions (Coinflip Side-Features): [warn]
Constraints: [None]
Winning Node: node_29
Lobe Context: [survival (7/7 active (danger | fire burns | danger))]
User Triples: (fire, burns, my)
Node Triples: (fire, burns, wood), (fire, makes, heat)
Anti-Match Detected: false
Other Possibilities (strong but not winners):
  🔸 node_11 | action=warn | conf=0.55 | relations=None
AIML Memory Bank:
Deep Memory (Pinned): [User_Pinned]: Grug speak plain. Grug not pretend smart. | [User_Pinned]: Many rocks compete. Loudest rock get to talk. | [User_Pinned]: Grug listen first, talk second. | [User_Pinned]: Grug speak plain. Grug not pretend smart. | [User_Pinned]: Many rocks compete. Loudest rock get to talk. | [User_Pinned]: Grug listen first, talk second. | [User_Pinned]: Tribe stronger than lone hunter. | [User_Pinned]: Hot rock burn. Soft skin remember.
Fresh Memory [threshold=0.38 eligible=6] (Recent): [User]: danger ahead (intensity=0.52) | [User]: fire burns my hand (intensity=1.73)
Memory-Pull Policy: pull_fresh=false — SURE vote (conf=1.53) and no winning node requested context — fresh memory withheld
Lobe Curve (base × top = score):
  👑 survival: base=1.037 × top=1.525 = 2.3258 [hard_votes=2]
  · default: base=0.915 × top=0.915 = 0.8373 [hard_votes=1]
  · knowledge: base=0.557 × top=0.557 = 0.3104 [hard_votes=1]
=========================================

Brain > [ENGINE] ✅ /right: contributors=2 rewarded=2 double_skip=0 coinflip_miss=0 grave_skip=0
✅ /right applied. 2 contributor(s) processed: 2 rewarded, 0 skipped (already gained), 0 missed coinflip.
   ↳ context intensity nudged up on 10 message(s) used last cycle.

Brain > --> Scanning specimens & looking for dialectical relations...
[ORCHESTRATOR] 🎯 Lobe Curve (base × top = score):
  👑 alert: base=0.557 × top=0.557 = 0.3101 [hard_votes=1]
--> 1 valid votes passed gate... compiling JIT superposition...

🤖 AIML Output Scaffold:
[Grug point at incoming] Let me think with you. watch out.
--- DEBUG TELEMETRY (orchestration internals, not for speech) ---
Mission: 'watch out for the cliff'
Primary Action: alert  (conf=0.56, certainty=SURE)
Sure Actions: [alert]
Unsure Actions (Coinflip Side-Features): [None]
Constraints: [None]
Winning Node: node_55
Lobe Context: [alert (5/5 active (watch out | warning | stop))]
User Triples: None
Node Triples: None
Anti-Match Detected: false
AIML Memory Bank:
Deep Memory (Pinned): [User_Pinned]: Grug speak plain. Grug not pretend smart. | [User_Pinned]: Many rocks compete. Loudest rock get to talk. | [User_Pinned]: Grug listen first, talk second. | [User_Pinned]: Grug speak plain. Grug not pretend smart. | [User_Pinned]: Many rocks compete. Loudest rock get to talk. | [User_Pinned]: Grug listen first, talk second. | [User_Pinned]: Tribe stronger than lone hunter. | [User_Pinned]: Hot rock burn. Soft skin remember.
Fresh Memory [threshold=0.38 eligible=7] (Recent): [System]: Mission "fire burns my hand" → primary=heat steals moisture leaves only ash conf=1.53 node=node_29 (intensity=0.66)
Memory-Pull Policy: pull_fresh=false — SURE vote (conf=0.56) and no winning node requested context — fresh memory withheld
Lobe Curve (base × top = score):
  👑 alert: base=0.557 × top=0.557 = 0.3101 [hard_votes=1]
=========================================

Brain > --> Scanning specimens & looking for dialectical relations...
[ORCHESTRATOR] 🎯 Lobe Curve (base × top = score):
  👑 alert: base=0.64 × top=0.64 = 0.4095 [hard_votes=1]
--> 1 valid votes passed gate... compiling JIT superposition...

🤖 AIML Output Scaffold:
[Grug halt] the halt.
--- DEBUG TELEMETRY (orchestration internals, not for speech) ---
Mission: 'STOP that immediately'
Primary Action: warn  (conf=0.64, certainty=SURE)
Sure Actions: [warn]
Unsure Actions (Coinflip Side-Features): [None]
Constraints: [None]
Winning Node: node_57
Lobe Context: [alert (5/5 active (watch out | warning | stop))]
User Triples: None
Node Triples: None
Anti-Match Detected: false
AIML Memory Bank:
Deep Memory (Pinned): [User_Pinned]: Grug speak plain. Grug not pretend smart. | [User_Pinned]: Many rocks compete. Loudest rock get to talk. | [User_Pinned]: Grug listen first, talk second. | [User_Pinned]: Grug speak plain. Grug not pretend smart. | [User_Pinned]: Many rocks compete. Loudest rock get to talk. | [User_Pinned]: Grug listen first, talk second. | [User_Pinned]: Tribe stronger than lone hunter. | [User_Pinned]: Hot rock burn. Soft skin remember.
Fresh Memory [threshold=0.38 eligible=7] (Recent): [User]: watch out for the cliff (intensity=0.81)
Memory-Pull Policy: pull_fresh=false — SURE vote (conf=0.64) and no winning node requested context — fresh memory withheld
Lobe Curve (base × top = score):
  👑 alert: base=0.64 × top=0.64 = 0.4095 [hard_votes=1]
=========================================

Brain > --> Scanning specimens & looking for dialectical relations...
[ORCHESTRATOR] 🎯 Lobe Curve (base × top = score):
  👑 nature: base=0.455 × top=0.456 = 0.2077 [hard_votes=0]
--> 2 valid votes passed gate... compiling JIT superposition...

🤖 AIML Output Scaffold:
[Grug know river] Let me think with you. where river bend the fish gather. The link is clear: river carves valley. A companion frame: tree.
--- DEBUG TELEMETRY (orchestration internals, not for speech) ---
Mission: 'perhaps the river bends near the old tree'
Primary Action: where river bend the fish gather  (conf=0.46, certainty=UNSURE)
Sure Actions: [where river bend the fish gather, tree make shade nut and wood for fire]
Unsure Actions (Coinflip Side-Features): [None]
Constraints: [None]
Winning Node: node_49
Lobe Context: [nature (4/4 active (tree | wind | river))]
User Triples: (bends, near, the)
Node Triples: (river, feeds, fish), (river, carves, valley)
Anti-Match Detected: false
Tied Alternatives (not selected):
  🪨 node_50 | action=tree make shade nut and wood for fire | conf=0.46 | relations=(tree, gives, wood), (tree, makes, shade)
AIML Memory Bank:
Deep Memory (Pinned): [User_Pinned]: Grug speak plain. Grug not pretend smart. | [User_Pinned]: Many rocks compete. Loudest rock get to talk. | [User_Pinned]: Grug listen first, talk second. | [User_Pinned]: Grug speak plain. Grug not pretend smart. | [User_Pinned]: Many rocks compete. Loudest rock get to talk. | [User_Pinned]: Grug listen first, talk second. | [User_Pinned]: Tribe stronger than lone hunter. | [User_Pinned]: Hot rock burn. Soft skin remember.
Fresh Memory [threshold=0.38 eligible=6] (Recent): [System]: Mission "watch out for the cliff" → primary=alert conf=0.56 node=node_55 (intensity=0.44) | [User]: perhaps the river bends near the old tree (intensity=1.68)
Memory-Pull Policy: pull_fresh=true — vote certainty=UNSURE — context helps disambiguate
Lobe Curve (base × top = score):
  👑 nature: base=0.455 × top=0.456 = 0.2077 [hard_votes=0]
=========================================

Brain > --> Scanning specimens & looking for dialectical relations...
[ORCHESTRATOR] 🎯 Lobe Curve (base × top = score):
  👑 planning: base=0.502 × top=0.502 = 0.252 [hard_votes=1]
--> 1 valid votes passed gate... compiling JIT superposition...

🤖 AIML Output Scaffold:
[Grug weigh path] Let me think with you. weigh path forward many possible step.
--- DEBUG TELEMETRY (orchestration internals, not for speech) ---
Mission: 'maybe we should wait for dawn'
Primary Action: weigh path forward many possible step  (conf=0.5, certainty=SURE)
Sure Actions: [weigh path forward many possible step]
Unsure Actions (Coinflip Side-Features): [None]
Constraints: [None]
Winning Node: node_44
Lobe Context: [planning (3/3 active (should we | plan to | next step))]
User Triples: None
Node Triples: None
Anti-Match Detected: false
AIML Memory Bank:
Deep Memory (Pinned): [User_Pinned]: Grug speak plain. Grug not pretend smart. | [User_Pinned]: Many rocks compete. Loudest rock get to talk. | [User_Pinned]: Grug listen first, talk second. | [User_Pinned]: Grug speak plain. Grug not pretend smart. | [User_Pinned]: Many rocks compete. Loudest rock get to talk. | [User_Pinned]: Grug listen first, talk second. | [User_Pinned]: Tribe stronger than lone hunter. | [User_Pinned]: Hot rock burn. Soft skin remember.
Fresh Memory [threshold=0.38 eligible=7] (Recent): [User]: perhaps the river bends near the old tree (intensity=1.12) | [User]: maybe we should wait for dawn (intensity=1.26)
Memory-Pull Policy: pull_fresh=true — winning node(s) requested context: node_44
Lobe Curve (base × top = score):
  👑 planning: base=0.502 × top=0.502 = 0.252 [hard_votes=1]
=========================================

Brain > [ENGINE] ✅ /right: contributors=1 rewarded=0 double_skip=0 coinflip_miss=1 grave_skip=0
✅ /right applied. 1 contributor(s) processed: 0 rewarded, 0 skipped (already gained), 1 missed coinflip.
   ↳ context intensity nudged up on 10 message(s) used last cycle.

Brain > --> Scanning specimens & looking for dialectical relations...
--> No valid specimens found for this input. Cave is silent.

Brain > --> Scanning specimens & looking for dialectical relations...
--> No valid specimens found for this input. Cave is silent.

Brain > --> Scanning specimens & looking for dialectical relations...
--> No valid specimens found for this input. Cave is silent.

Brain > --> Scanning specimens & looking for dialectical relations...
--> No valid specimens found for this input. Cave is silent.

Brain > --> Scanning specimens & looking for dialectical relations...
--> No valid specimens found for this input. Cave is silent.

Brain > --> Scanning specimens & looking for dialectical relations...
--> No valid specimens found for this input. Cave is silent.

Brain > --> Scanning specimens & looking for dialectical relations...
[ORCHESTRATOR] 🎯 Lobe Curve (base × top = score):
  👑 reasoning: base=0.672 × top=0.88 = 0.7736 [hard_votes=1]
--> 2 valid votes passed gate... compiling JIT superposition...

🤖 AIML Output Scaffold:
[Grug seek cause] I hear that. Trace from effect to source..
--- DEBUG TELEMETRY (orchestration internals, not for speech) ---
Mission: 'why is this stupid garbage broken?'
Primary Action: reason  (conf=0.88, certainty=SURE)
Sure Actions: [reason]
Unsure Actions (Coinflip Side-Features): [None]
Constraints: [None]
Winning Node: node_7
Lobe Context: [reasoning (7/7 active (why | how does | think about))]
User Triples: (why, is, this)
Node Triples: None
Anti-Match Detected: false
AIML Memory Bank:
Deep Memory (Pinned): [User_Pinned]: Grug speak plain. Grug not pretend smart. | [User_Pinned]: Many rocks compete. Loudest rock get to talk. | [User_Pinned]: Grug listen first, talk second. | [User_Pinned]: Grug speak plain. Grug not pretend smart. | [User_Pinned]: Many rocks compete. Loudest rock get to talk. | [User_Pinned]: Grug listen first, talk second. | [User_Pinned]: Tribe stronger than lone hunter. | [User_Pinned]: Hot rock burn. Soft skin remember.
Fresh Memory [threshold=0.75 eligible=5] (Recent): [User]: perhaps the river bends near the old tree (intensity=1.06) | [User]: maybe we should wait for dawn (intensity=1.14) | [User]: why is this stupid garbage broken? (intensity=1.68)
Memory-Pull Policy: pull_fresh=false — SURE vote (conf=0.88) and no winning node requested context — fresh memory withheld
Lobe Curve (base × top = score):
  👑 reasoning: base=0.672 × top=0.88 = 0.7736 [hard_votes=1]
=========================================

Brain > --> Scanning specimens & looking for dialectical relations...
[ORCHESTRATOR] 🎯 Lobe Curve (base × top = score):
  👑 explanation: base=0.245 × top=0.32 = 0.1024 [hard_votes=0]
--> 2 valid votes passed gate... compiling JIT superposition...

🤖 AIML Output Scaffold:
[Grug explain plain] I hear that. No big words..
--- DEBUG TELEMETRY (orchestration internals, not for speech) ---
Mission: 'what kind of idiot designed this?'
Primary Action: define  (conf=0.32, certainty=SURE)
Sure Actions: [define]
Unsure Actions (Coinflip Side-Features): [None]
Constraints: [None]
Winning Node: node_12
Lobe Context: [explanation (7/7 active (define | clarify | what is))]
User Triples: None
Node Triples: None
Anti-Match Detected: false
AIML Memory Bank:
Deep Memory (Pinned): [User_Pinned]: Grug speak plain. Grug not pretend smart. | [User_Pinned]: Many rocks compete. Loudest rock get to talk. | [User_Pinned]: Grug listen first, talk second. | [User_Pinned]: Grug speak plain. Grug not pretend smart. | [User_Pinned]: Many rocks compete. Loudest rock get to talk. | [User_Pinned]: Grug listen first, talk second. | [User_Pinned]: Tribe stronger than lone hunter. | [User_Pinned]: Hot rock burn. Soft skin remember.
Fresh Memory [threshold=0.56 eligible=6] (Recent): [User]: maybe we should wait for dawn (intensity=0.72) | [User]: this is broken and useless (intensity=0.64) | [User]: why is this stupid garbage broken? (intensity=1.17) | [System]: Mission "why is this stupid garbage broken?" → primary=reason conf=0.88 node=node_7 (intensity=0.72)
Memory-Pull Policy: pull_fresh=true — primary confidence=0.32 < trust floor 0.45
Lobe Curve (base × top = score):
  👑 explanation: base=0.245 × top=0.32 = 0.1024 [hard_votes=0]
=========================================

Brain > --> Scanning specimens & looking for dialectical relations...
[ORCHESTRATOR] 🎯 Lobe Curve (base × top = score):
  👑 reasoning: base=0.593 × top=0.774 = 0.5993 [hard_votes=2]
  · explanation: base=0.175 × top=0.229 = 0.0522 [hard_votes=0]
  · inquiry: base=0.229 × top=0.229 = 0.0522 [hard_votes=0]
--> 4 valid votes passed gate... compiling JIT superposition...

🤖 AIML Output Scaffold:
[Grug seek cause] Here is the picture: Trace from effect to source.. A companion frame: how does. I am not fully locked in — first this then that then the rock moves and every flame has a spark trace from end to start is also on the table.
--- DEBUG TELEMETRY (orchestration internals, not for speech) ---
Mission: 'what why how when where which what why how when?'
Primary Action: reason  (conf=0.77, certainty=UNSURE)
Sure Actions: [reason, analyze]
Unsure Actions (Coinflip Side-Features): [first this then that then the rock moves, every flame has a spark trace from end to start]
Constraints: [None]
Winning Node: node_7
Lobe Context: [reasoning (7/7 active (why | how does | think about))]
User Triples: None
Node Triples: None
Anti-Match Detected: false
Tied Alternatives (not selected):
  🪨 node_8 | action=analyze | conf=0.77 | relations=None
Other Possibilities (strong but not winners):
  🔸 node_25 | action=first this then that then the rock moves | conf=0.41 | relations=None
  🔸 node_24 | action=every flame has a spark trace from end to start | conf=0.41 | relations=None
AIML Memory Bank:
Deep Memory (Pinned): [User_Pinned]: Grug speak plain. Grug not pretend smart. | [User_Pinned]: Many rocks compete. Loudest rock get to talk. | [User_Pinned]: Grug listen first, talk second. | [User_Pinned]: Grug speak plain. Grug not pretend smart. | [User_Pinned]: Many rocks compete. Loudest rock get to talk. | [User_Pinned]: Grug listen first, talk second. | [User_Pinned]: Tribe stronger than lone hunter. | [User_Pinned]: Hot rock burn. Soft skin remember.
Fresh Memory [threshold=0.38 eligible=8] (Recent): [User]: what kind of idiot designed this? (intensity=0.87)
Memory-Pull Policy: pull_fresh=true — vote certainty=UNSURE — context helps disambiguate
Lobe Curve (base × top = score):
  👑 reasoning: base=0.593 × top=0.774 = 0.5993 [hard_votes=2]
  · explanation: base=0.175 × top=0.229 = 0.0522 [hard_votes=0]
  · inquiry: base=0.229 × top=0.229 = 0.0522 [hard_votes=0]
=========================================

Brain > --> Scanning specimens & looking for dialectical relations...
[ORCHESTRATOR] 🎯 Lobe Curve (base × top = score):
  👑 alert: base=0.934 × top=0.934 = 0.8725 [hard_votes=1]
  ↗ survival: base=0.933 × top=0.933 = 0.8705 [hard_votes=2]
--> 3 valid votes passed gate... compiling JIT superposition...

🤖 AIML Output Scaffold:
[Grug halt] the end.
--- DEBUG TELEMETRY (orchestration internals, not for speech) ---
Mission: 'STOP STOP STOP NOW NOW NOW DANGER DANGER DANGER!!!'
Primary Action: alert  (conf=0.93, certainty=SURE)
Sure Actions: [alert]
Unsure Actions (Coinflip Side-Features): [None]
Constraints: [None]
Winning Node: node_57
Lobe Context: [alert (5/5 active (watch out | warning | stop))] | [survival (7/7 active (danger | fire burns | danger))]
User Triples: None
Node Triples: None
Anti-Match Detected: false
AIML Memory Bank:
Deep Memory (Pinned): [User_Pinned]: Grug speak plain. Grug not pretend smart. | [User_Pinned]: Many rocks compete. Loudest rock get to talk. | [User_Pinned]: Grug listen first, talk second. | [User_Pinned]: Grug speak plain. Grug not pretend smart. | [User_Pinned]: Many rocks compete. Loudest rock get to talk. | [User_Pinned]: Grug listen first, talk second. | [User_Pinned]: Tribe stronger than lone hunter. | [User_Pinned]: Hot rock burn. Soft skin remember.
Fresh Memory [threshold=0.38 eligible=6] (Recent): [User]: what kind of idiot designed this? (intensity=0.56) | [System]: Mission "what kind of idiot designed this?" → primary=define conf=0.32 node=node_12 (intensity=0.43)
Memory-Pull Policy: pull_fresh=false — SURE vote (conf=0.93) and no winning node requested context — fresh memory withheld
Lobe Curve (base × top = score):
  👑 alert: base=0.934 × top=0.934 = 0.8725 [hard_votes=1]
  ↗ survival: base=0.933 × top=0.933 = 0.8705 [hard_votes=2]
Passthrough Lobes: [survival]
=========================================

Brain > --> Scanning specimens & looking for dialectical relations...
[ORCHESTRATOR] 🎯 Lobe Curve (base × top = score):
  👑 comfort: base=0.599 × top=0.599 = 0.36 [hard_votes=4]
--> 4 valid votes passed gate... compiling JIT superposition...

🤖 AIML Output Scaffold:
[Grug listen] Let me think with you. feeling pass like cloud over moon. The link is clear: grug sees feeling.
--- DEBUG TELEMETRY (orchestration internals, not for speech) ---
Mission: 'i feel sad today'
Primary Action: feeling pass like cloud over moon  (conf=0.6, certainty=SURE)
Sure Actions: [feeling pass like cloud over moon]
Unsure Actions (Coinflip Side-Features): [acknowledge, comfort]
Constraints: [dont fix, dont solve, dont minimize, dont judge, dont correct, dont rush]
Winning Node: node_35
Lobe Context: [comfort (7/7 active (sad | i feel | worried))]
User Triples: None
Node Triples: (tribemate, feels, feeling), (grug, sees, feeling)
Anti-Match Detected: false
Other Possibilities (strong but not winners):
  🔸 node_15 | action=acknowledge | conf=0.6 | relations=None
  🔸 node_16 | action=comfort | conf=0.6 | relations=None
AIML Memory Bank:
Deep Memory (Pinned): [User_Pinned]: Grug speak plain. Grug not pretend smart. | [User_Pinned]: Many rocks compete. Loudest rock get to talk. | [User_Pinned]: Grug listen first, talk second. | [User_Pinned]: Grug speak plain. Grug not pretend smart. | [User_Pinned]: Many rocks compete. Loudest rock get to talk. | [User_Pinned]: Grug listen first, talk second. | [User_Pinned]: Tribe stronger than lone hunter. | [User_Pinned]: Hot rock burn. Soft skin remember.
Fresh Memory [threshold=0.38 eligible=5] (Recent): [User]: what why how when where which what why how when? (intensity=0.56) | [User]: STOP STOP STOP NOW NOW NOW DANGER DANGER DANGER!!! (intensity=0.81) | [User]: i feel sad today (intensity=1.26)
Memory-Pull Policy: pull_fresh=true — winning node(s) requested context: node_35
Lobe Curve (base × top = score):
  👑 comfort: base=0.599 × top=0.599 = 0.36 [hard_votes=4]
=========================================

Brain > [ENGINE] ✅ /right: contributors=3 rewarded=2 double_skip=0 coinflip_miss=1 grave_skip=0
✅ /right applied. 3 contributor(s) processed: 2 rewarded, 0 skipped (already gained), 1 missed coinflip.
   ↳ context intensity nudged up on 11 message(s) used last cycle.

Brain > --> Scanning specimens & looking for dialectical relations...
[ORCHESTRATOR] 🎯 Lobe Curve (base × top = score):
  👑 comfort: base=0.467 × top=0.468 = 0.2186 [hard_votes=0]
  · reasoning: base=0.17 × top=0.17 = 0.0289 [hard_votes=0]
--> 4 valid votes passed gate... compiling JIT superposition...

🤖 AIML Output Scaffold:
[Grug listen] Let me think with you. sit close in the dark with tribemate. The link is clear: tribemate feels feeling.
--- DEBUG TELEMETRY (orchestration internals, not for speech) ---
Mission: 'i feel worried about tomorrow'
Primary Action: sit close in the dark with tribemate  (conf=0.47, certainty=SURE)
Sure Actions: [sit close in the dark with tribemate]
Unsure Actions (Coinflip Side-Features): [comfort, slow breath slow words tomorrow's wolf can wait]
Constraints: [dont fix, dont solve, dont minimize, dont judge, dont correct, dont rush]
Winning Node: node_35
Lobe Context: [comfort (7/7 active (sad | i feel | worried))]
User Triples: None
Node Triples: (tribemate, feels, feeling), (grug, sees, feeling)
Anti-Match Detected: false
Other Possibilities (strong but not winners):
  🔸 node_17 | action=comfort | conf=0.47 | relations=None
  🔸 node_37 | action=slow breath slow words tomorrow's wolf can wait | conf=0.47 | relations=(tribemate, fears, wolf), (grug, sees, worry)
AIML Memory Bank:
Deep Memory (Pinned): [User_Pinned]: Grug speak plain. Grug not pretend smart. | [User_Pinned]: Many rocks compete. Loudest rock get to talk. | [User_Pinned]: Grug listen first, talk second. | [User_Pinned]: Grug speak plain. Grug not pretend smart. | [User_Pinned]: Many rocks compete. Loudest rock get to talk. | [User_Pinned]: Grug listen first, talk second. | [User_Pinned]: Tribe stronger than lone hunter. | [User_Pinned]: Hot rock burn. Soft skin remember.
Fresh Memory [threshold=0.38 eligible=6] (Recent): [System]: Mission "i feel sad today" → primary=feeling pass like cloud over moon conf=0.6 node=node_35 (intensity=0.68) | [User]: i feel worried about tomorrow (intensity=1.24)
Memory-Pull Policy: pull_fresh=true — winning node(s) requested context: node_35
Lobe Curve (base × top = score):
  👑 comfort: base=0.467 × top=0.468 = 0.2186 [hard_votes=0]
  · reasoning: base=0.17 × top=0.17 = 0.0289 [hard_votes=0]
=========================================

Brain > --> Scanning specimens & looking for dialectical relations...
[ORCHESTRATOR] 🎯 Lobe Curve (base × top = score):
  👑 comfort: base=0.509 × top=0.509 = 0.2593 [hard_votes=3]
--> 3 valid votes passed gate... compiling JIT superposition...

🤖 AIML Output Scaffold:
[Grug listen] Let me think with you. grug hear what tribemate carry. The link is clear: tribemate feels feeling.
--- DEBUG TELEMETRY (orchestration internals, not for speech) ---
Mission: 'i feel lonely in the cave'
Primary Action: grug hear what tribemate carry  (conf=0.51, certainty=SURE)
Sure Actions: [grug hear what tribemate carry]
Unsure Actions (Coinflip Side-Features): [validate]
Constraints: [dont fix, dont solve, dont minimize, dont judge, dont correct, dont rush]
Winning Node: node_35
Lobe Context: [comfort (7/7 active (sad | i feel | worried))]
User Triples: None
Node Triples: (tribemate, feels, feeling), (grug, sees, feeling)
Anti-Match Detected: false
Other Possibilities (strong but not winners):
  🔸 node_15 | action=validate | conf=0.51 | relations=None
AIML Memory Bank:
Deep Memory (Pinned): [User_Pinned]: Grug speak plain. Grug not pretend smart. | [User_Pinned]: Many rocks compete. Loudest rock get to talk. | [User_Pinned]: Grug listen first, talk second. | [User_Pinned]: Grug speak plain. Grug not pretend smart. | [User_Pinned]: Many rocks compete. Loudest rock get to talk. | [User_Pinned]: Grug listen first, talk second. | [User_Pinned]: Tribe stronger than lone hunter. | [User_Pinned]: Hot rock burn. Soft skin remember.
Fresh Memory [threshold=0.38 eligible=7] (Recent): [User]: what why how when where which what why how when? (intensity=0.45) | [User]: i feel worried about tomorrow (intensity=0.87)
Memory-Pull Policy: pull_fresh=true — winning node(s) requested context: node_35
Lobe Curve (base × top = score):
  👑 comfort: base=0.509 × top=0.509 = 0.2593 [hard_votes=3]
=========================================

Brain > [ENGINE] ✅ /right: contributors=2 rewarded=0 double_skip=1 coinflip_miss=1 grave_skip=0
✅ /right applied. 2 contributor(s) processed: 0 rewarded, 1 skipped (already gained), 1 missed coinflip.
   ↳ context intensity nudged up on 10 message(s) used last cycle.

Brain > --> Scanning specimens & looking for dialectical relations...
[ORCHESTRATOR] 🎯 Lobe Curve (base × top = score):
  👑 knowledge: base=0.65 × top=0.65 = 0.4228 [hard_votes=1]
  · default: base=0.39 × top=0.39 = 0.1522 [hard_votes=0]
  · survival: base=0.361 × top=0.363 = 0.1317 [hard_votes=0]
--> 1 valid votes passed gate... compiling JIT superposition...

🤖 AIML Output Scaffold:
[Grug know fire] Breathes black smoke and fire eats wood.
--- DEBUG TELEMETRY (orchestration internals, not for speech) ---
Mission: 'i did it i made fire'
Primary Action: fire eats wood and breathes black smoke  (conf=0.65, certainty=SURE)
Sure Actions: [fire eats wood and breathes black smoke]
Unsure Actions (Coinflip Side-Features): [None]
Constraints: [None]
Winning Node: node_61
Lobe Context: [knowledge (5/5 active (fire | rock | wolf))]
User Triples: None
Node Triples: (fire, makes, heat), (fire, cooks, meat), (fire, scares, wolf)
Anti-Match Detected: false
AIML Memory Bank:
Deep Memory (Pinned): [User_Pinned]: Grug speak plain. Grug not pretend smart. | [User_Pinned]: Many rocks compete. Loudest rock get to talk. | [User_Pinned]: Grug listen first, talk second. | [User_Pinned]: Grug speak plain. Grug not pretend smart. | [User_Pinned]: Many rocks compete. Loudest rock get to talk. | [User_Pinned]: Grug listen first, talk second. | [User_Pinned]: Tribe stronger than lone hunter. | [User_Pinned]: Hot rock burn. Soft skin remember.
Fresh Memory [threshold=0.38 eligible=7] (Recent): [User]: i feel sad today (intensity=0.61) | [System]: Mission "i feel lonely in the cave" → primary=grug hear what tribemate carry conf=0.51 node=node_35 (intensity=0.66)
Memory-Pull Policy: pull_fresh=false — SURE vote (conf=0.65) and no winning node requested context — fresh memory withheld
Lobe Curve (base × top = score):
  👑 knowledge: base=0.65 × top=0.65 = 0.4228 [hard_votes=1]
  · default: base=0.39 × top=0.39 = 0.1522 [hard_votes=0]
  · survival: base=0.361 × top=0.363 = 0.1317 [hard_votes=0]
=========================================

Brain > --> Scanning specimens & looking for dialectical relations...
--> No valid specimens found for this input. Cave is silent.

Brain > --> Scanning specimens & looking for dialectical relations...
[ORCHESTRATOR] 🎯 Lobe Curve (base × top = score):
  👑 knowledge: base=0.593 × top=0.593 = 0.3522 [hard_votes=1]
--> 1 valid votes passed gate... compiling JIT superposition...

🤖 AIML Output Scaffold:
[Grug know food] Let me think with you. food is gift between earth and tribe. The link is clear: dish feeds tribe.
--- DEBUG TELEMETRY (orchestration internals, not for speech) ---
Mission: 'thank you for the food'
Primary Action: food is gift between earth and tribe  (conf=0.59, certainty=SURE)
Sure Actions: [food is gift between earth and tribe]
Unsure Actions (Coinflip Side-Features): [None]
Constraints: [None]
Winning Node: node_65
Lobe Context: [knowledge (5/5 active (fire | rock | wolf))]
User Triples: None
Node Triples: (food, feeds, tribe), (hunt, provides, meat)
Anti-Match Detected: false
AIML Memory Bank:
Deep Memory (Pinned): [User_Pinned]: Grug speak plain. Grug not pretend smart. | [User_Pinned]: Many rocks compete. Loudest rock get to talk. | [User_Pinned]: Grug listen first, talk second. | [User_Pinned]: Grug speak plain. Grug not pretend smart. | [User_Pinned]: Many rocks compete. Loudest rock get to talk. | [User_Pinned]: Grug listen first, talk second. | [User_Pinned]: Tribe stronger than lone hunter. | [User_Pinned]: Hot rock burn. Soft skin remember.
Fresh Memory [threshold=0.38 eligible=9] (Recent): [System]: Mission "i did it i made fire" → primary=fire eats wood and breathes black smoke conf=0.65 node=node_61 (intensity=0.63) | [User]: thank you for the food (intensity=1.31)
Memory-Pull Policy: pull_fresh=false — SURE vote (conf=0.59) and no winning node requested context — fresh memory withheld
Lobe Curve (base × top = score):
  👑 knowledge: base=0.593 × top=0.593 = 0.3522 [hard_votes=1]
=========================================

Brain > [ENGINE] ✅ /right: contributors=1 rewarded=1 double_skip=0 coinflip_miss=0 grave_skip=0
✅ /right applied. 1 contributor(s) processed: 1 rewarded, 0 skipped (already gained), 0 missed coinflip.
   ↳ context intensity nudged up on 10 message(s) used last cycle.

Brain > --> Scanning specimens & looking for dialectical relations...
[ORCHESTRATOR] 🎯 Lobe Curve (base × top = score):
  👑 planning: base=0.391 × top=0.391 = 0.1526 [hard_votes=0]
--> 1 valid votes passed gate... compiling JIT superposition...

🤖 AIML Output Scaffold:
[Grug weigh path] Let me think with you. grug favor path with least sharp rock.
--- DEBUG TELEMETRY (orchestration internals, not for speech) ---
Mission: 'should we move camp'
Primary Action: grug favor path with least sharp rock  (conf=0.39, certainty=SURE)
Sure Actions: [grug favor path with least sharp rock]
Unsure Actions (Coinflip Side-Features): [None]
Constraints: [None]
Winning Node: node_44
Lobe Context: [planning (3/3 active (should we | plan to | next step))]
User Triples: None
Node Triples: None
Anti-Match Detected: false
AIML Memory Bank:
Deep Memory (Pinned): [User_Pinned]: Grug speak plain. Grug not pretend smart. | [User_Pinned]: Many rocks compete. Loudest rock get to talk. | [User_Pinned]: Grug listen first, talk second. | [User_Pinned]: Grug speak plain. Grug not pretend smart. | [User_Pinned]: Many rocks compete. Loudest rock get to talk. | [User_Pinned]: Grug listen first, talk second. | [User_Pinned]: Tribe stronger than lone hunter. | [User_Pinned]: Hot rock burn. Soft skin remember.
Fresh Memory [threshold=0.38 eligible=8] (Recent): [User]: i did it i made fire (intensity=0.51) | [User]: should we move camp (intensity=1.31)
Memory-Pull Policy: pull_fresh=true — winning node(s) requested context: node_44
Lobe Curve (base × top = score):
  👑 planning: base=0.391 × top=0.391 = 0.1526 [hard_votes=0]
=========================================

Brain > [ENGINE] ✅ /right: contributors=1 rewarded=1 double_skip=0 coinflip_miss=0 grave_skip=0
✅ /right applied. 1 contributor(s) processed: 1 rewarded, 0 skipped (already gained), 0 missed coinflip.
   ↳ context intensity nudged up on 10 message(s) used last cycle.

Brain > --> Scanning specimens & looking for dialectical relations...
[ORCHESTRATOR] 🎯 Lobe Curve (base × top = score):
  👑 planning: base=0.836 × top=0.836 = 0.6992 [hard_votes=1]
--> 1 valid votes passed gate... compiling JIT superposition...

🤖 AIML Output Scaffold:
[Grug plan] three steps drawn in dirt before first foot transport.
--- DEBUG TELEMETRY (orchestration internals, not for speech) ---
Mission: 'plan to hunt at dawn'
Primary Action: three steps drawn in dirt before first foot move  (conf=0.84, certainty=SURE)
Sure Actions: [three steps drawn in dirt before first foot move]
Unsure Actions (Coinflip Side-Features): [None]
Constraints: [None]
Winning Node: node_42
Lobe Context: [planning (3/3 active (should we | plan to | next step))]
User Triples: None
Node Triples: None
Anti-Match Detected: false
AIML Memory Bank:
Deep Memory (Pinned): [User_Pinned]: Grug speak plain. Grug not pretend smart. | [User_Pinned]: Many rocks compete. Loudest rock get to talk. | [User_Pinned]: Grug listen first, talk second. | [User_Pinned]: Grug speak plain. Grug not pretend smart. | [User_Pinned]: Many rocks compete. Loudest rock get to talk. | [User_Pinned]: Grug listen first, talk second. | [User_Pinned]: Tribe stronger than lone hunter. | [User_Pinned]: Hot rock burn. Soft skin remember.
Fresh Memory [threshold=0.38 eligible=7] (Recent): [System]: Mission "i did it i made fire" → primary=fire eats wood and breathes black smoke conf=0.65 node=node_61 (intensity=0.48)
Memory-Pull Policy: pull_fresh=true — winning node(s) requested context: node_42
Lobe Curve (base × top = score):
  👑 planning: base=0.836 × top=0.836 = 0.6992 [hard_votes=1]
=========================================

Brain > --> Scanning specimens & looking for dialectical relations...
[ORCHESTRATOR] 🎯 Lobe Curve (base × top = score):
  👑 planning: base=0.735 × top=0.735 = 0.5406 [hard_votes=1]
--> 1 valid votes passed gate... compiling JIT superposition...

🤖 AIML Output Scaffold:
[Grug pick step] one foot then other foot the trail makes itself.
--- DEBUG TELEMETRY (orchestration internals, not for speech) ---
Mission: 'next step in the trap'
Primary Action: one foot then other foot the trail makes itself  (conf=0.74, certainty=SURE)
Sure Actions: [one foot then other foot the trail makes itself]
Unsure Actions (Coinflip Side-Features): [None]
Constraints: [None]
Winning Node: node_43
Lobe Context: [planning (3/3 active (should we | plan to | next step))]
User Triples: None
Node Triples: None
Anti-Match Detected: false
AIML Memory Bank:
Deep Memory (Pinned): [User_Pinned]: Grug speak plain. Grug not pretend smart. | [User_Pinned]: Many rocks compete. Loudest rock get to talk. | [User_Pinned]: Grug listen first, talk second. | [User_Pinned]: Grug speak plain. Grug not pretend smart. | [User_Pinned]: Many rocks compete. Loudest rock get to talk. | [User_Pinned]: Grug listen first, talk second. | [User_Pinned]: Tribe stronger than lone hunter. | [User_Pinned]: Hot rock burn. Soft skin remember.
Fresh Memory [threshold=0.38 eligible=7] (Recent): [User]: should we move camp (intensity=0.77) | [System]: Mission "should we move camp" → primary=grug favor path with least sharp rock conf=0.39 node=node_44 (intensity=0.42) | [System]: Mission "plan to hunt at dawn" → primary=three steps drawn in dirt before first foot move conf=0.84 node=node_42 (intensity=0.66)
Memory-Pull Policy: pull_fresh=true — winning node(s) requested context: node_43
Lobe Curve (base × top = score):
  👑 planning: base=0.735 × top=0.735 = 0.5406 [hard_votes=1]
=========================================

Brain > --> Scanning specimens & looking for dialectical relations...
[ORCHESTRATOR] 🎯 Lobe Curve (base × top = score):
  👑 nature: base=0.6 × top=0.6 = 0.36 [hard_votes=1]
--> 1 valid votes passed gate... compiling JIT superposition...

🤖 AIML Output Scaffold:
[Grug know sky] Let me think with you. sky is roof of cave that has no walls. The link is clear: star lives sky.
--- DEBUG TELEMETRY (orchestration internals, not for speech) ---
Mission: 'the sky looks dark'
Primary Action: sky is roof of cave that has no walls  (conf=0.6, certainty=SURE)
Sure Actions: [sky is roof of cave that has no walls]
Unsure Actions (Coinflip Side-Features): [None]
Constraints: [None]
Winning Node: node_48
Lobe Context: [nature (4/4 active (tree | wind | river))]
User Triples: None
Node Triples: (sky, holds, cloud), (star, lives, sky)
Anti-Match Detected: false
AIML Memory Bank:
Deep Memory (Pinned): [User_Pinned]: Grug speak plain. Grug not pretend smart. | [User_Pinned]: Many rocks compete. Loudest rock get to talk. | [User_Pinned]: Grug listen first, talk second. | [User_Pinned]: Grug speak plain. Grug not pretend smart. | [User_Pinned]: Many rocks compete. Loudest rock get to talk. | [User_Pinned]: Grug listen first, talk second. | [User_Pinned]: Tribe stronger than lone hunter. | [User_Pinned]: Hot rock burn. Soft skin remember.
Fresh Memory [threshold=0.38 eligible=7] (Recent): [System]: Mission "next step in the trap" → primary=one foot then other foot the trail makes itself conf=0.74 node=node_43 (intensity=0.71) | [User]: the sky looks dark (intensity=1.31)
Memory-Pull Policy: pull_fresh=false — SURE vote (conf=0.6) and no winning node requested context — fresh memory withheld
Lobe Curve (base × top = score):
  👑 nature: base=0.6 × top=0.6 = 0.36 [hard_votes=1]
=========================================

Brain > --> Scanning specimens & looking for dialectical relations...
[ORCHESTRATOR] 🎯 Lobe Curve (base × top = score):
  👑 nature: base=0.645 × top=0.645 = 0.4164 [hard_votes=1]
--> 1 valid votes passed gate... compiling JIT superposition...

🤖 AIML Output Scaffold:
[Grug know river] Let me think with you. river is water-snake that never tire. The link is clear: river feeds fish.
--- DEBUG TELEMETRY (orchestration internals, not for speech) ---
Mission: 'the river is high'
Primary Action: river is water-snake that never tire  (conf=0.65, certainty=SURE)
Sure Actions: [river is water-snake that never tire]
Unsure Actions (Coinflip Side-Features): [None]
Constraints: [None]
Winning Node: node_49
Lobe Context: [nature (4/4 active (tree | wind | river))]
User Triples: (river, is, high)
Node Triples: (river, feeds, fish), (river, carves, valley)
Anti-Match Detected: false
AIML Memory Bank:
Deep Memory (Pinned): [User_Pinned]: Grug speak plain. Grug not pretend smart. | [User_Pinned]: Many rocks compete. Loudest rock get to talk. | [User_Pinned]: Grug listen first, talk second. | [User_Pinned]: Grug speak plain. Grug not pretend smart. | [User_Pinned]: Many rocks compete. Loudest rock get to talk. | [User_Pinned]: Grug listen first, talk second. | [User_Pinned]: Tribe stronger than lone hunter. | [User_Pinned]: Hot rock burn. Soft skin remember.
Fresh Memory [threshold=0.38 eligible=6] (Recent): [User]: next step in the trap (intensity=0.69)
Memory-Pull Policy: pull_fresh=false — SURE vote (conf=0.65) and no winning node requested context — fresh memory withheld
Lobe Curve (base × top = score):
  👑 nature: base=0.645 × top=0.645 = 0.4164 [hard_votes=1]
=========================================

Brain > [ENGINE] ✅ /right: contributors=1 rewarded=0 double_skip=0 coinflip_miss=1 grave_skip=0
✅ /right applied. 1 contributor(s) processed: 0 rewarded, 0 skipped (already gained), 1 missed coinflip.
   ↳ context intensity nudged up on 9 message(s) used last cycle.

Brain > --> Scanning specimens & looking for dialectical relations...
--> No valid specimens found for this input. Cave is silent.

Brain > [ENGINE] ✅ /right: contributors=1 rewarded=1 double_skip=0 coinflip_miss=0 grave_skip=0
✅ /right applied. 1 contributor(s) processed: 1 rewarded, 0 skipped (already gained), 0 missed coinflip.
   ↳ context intensity nudged up on 9 message(s) used last cycle.

Brain > --> Scanning specimens & looking for dialectical relations...
[ORCHESTRATOR] 🎯 Lobe Curve (base × top = score):
  👑 craft: base=0.491 × top=0.491 = 0.2406 [hard_votes=0]
--> 1 valid votes passed gate... compiling JIT superposition...

🤖 AIML Output Scaffold:
[Grug build] build slow produce twice never build cheap. The link is clear: tribe builds shelter.
--- DEBUG TELEMETRY (orchestration internals, not for speech) ---
Mission: 'build a shelter before night'
Primary Action: build slow build twice never build cheap  (conf=0.49, certainty=SURE)
Sure Actions: [build slow build twice never build cheap]
Unsure Actions (Coinflip Side-Features): [None]
Constraints: [None]
Winning Node: node_53
Lobe Context: [craft (3/3 active (carve | build | hammer))]
User Triples: (shelter, before, night)
Node Triples: (tribe, builds, shelter)
Anti-Match Detected: false
AIML Memory Bank:
Deep Memory (Pinned): [User_Pinned]: Grug speak plain. Grug not pretend smart. | [User_Pinned]: Many rocks compete. Loudest rock get to talk. | [User_Pinned]: Grug listen first, talk second. | [User_Pinned]: Grug speak plain. Grug not pretend smart. | [User_Pinned]: Many rocks compete. Loudest rock get to talk. | [User_Pinned]: Grug listen first, talk second. | [User_Pinned]: Tribe stronger than lone hunter. | [User_Pinned]: Hot rock burn. Soft skin remember.
Fresh Memory [threshold=0.38 eligible=7] (Recent): [System]: Mission "the sky looks dark" → primary=sky is roof of cave that has no walls conf=0.6 node=node_48 (intensity=0.45) | [User]: the river is high (intensity=1.12) | [User]: make a tool from this stone (intensity=0.63) | [User]: build a shelter before night (intensity=1.75)
Memory-Pull Policy: pull_fresh=false — SURE vote (conf=0.49) and no winning node requested context — fresh memory withheld
Lobe Curve (base × top = score):
  👑 craft: base=0.491 × top=0.491 = 0.2406 [hard_votes=0]
=========================================

Brain > 👁  Arousal set to 0.8. Eye system updated.

Brain > --> Scanning specimens & looking for dialectical relations...
[ORCHESTRATOR] 🎯 Lobe Curve (base × top = score):
  👑 survival: base=0.533 × top=0.533 = 0.2836 [hard_votes=2]
--> 2 valid votes passed gate... compiling JIT superposition...

🤖 AIML Output Scaffold:
[Grug see threat] Let me think with you. Warn loud and clear..
--- DEBUG TELEMETRY (orchestration internals, not for speech) ---
Mission: 'danger danger predator near'
Primary Action: flee  (conf=0.53, certainty=SURE)
Sure Actions: [flee]
Unsure Actions (Coinflip Side-Features): [None]
Constraints: [None]
Winning Node: node_9
Lobe Context: [survival (7/7 active (danger | fire burns | danger))]
User Triples: None
Node Triples: None
Anti-Match Detected: false
AIML Memory Bank:
Deep Memory (Pinned): [User_Pinned]: Grug speak plain. Grug not pretend smart. | [User_Pinned]: Many rocks compete. Loudest rock get to talk. | [User_Pinned]: Grug listen first, talk second. | [User_Pinned]: Grug speak plain. Grug not pretend smart. | [User_Pinned]: Many rocks compete. Loudest rock get to talk. | [User_Pinned]: Grug listen first, talk second. | [User_Pinned]: Tribe stronger than lone hunter. | [User_Pinned]: Hot rock burn. Soft skin remember.
Fresh Memory [threshold=0.38 eligible=8] (Recent): No recent sounds
Memory-Pull Policy: pull_fresh=false — SURE vote (conf=0.53) and no winning node requested context — fresh memory withheld
Lobe Curve (base × top = score):
  👑 survival: base=0.533 × top=0.533 = 0.2836 [hard_votes=2]
=========================================

Brain > [ENGINE] ✅ /right: contributors=1 rewarded=1 double_skip=0 coinflip_miss=0 grave_skip=0
✅ /right applied. 1 contributor(s) processed: 1 rewarded, 0 skipped (already gained), 0 missed coinflip.
   ↳ context intensity nudged up on 8 message(s) used last cycle.

Brain > 👁  Arousal set to 0.2. Eye system updated.

Brain > --> Scanning specimens & looking for dialectical relations...
[ORCHESTRATOR] 🎯 Lobe Curve (base × top = score):
  👑 explanation: base=0.432 × top=0.51 = 0.2603 [hard_votes=1]
--> 2 valid votes passed gate... compiling JIT superposition...

🤖 AIML Output Scaffold:
[Grug share what grug know] Here is the picture: tell me.
--- DEBUG TELEMETRY (orchestration internals, not for speech) ---
Mission: 'tell me a calm story'
Primary Action: explain  (conf=0.51, certainty=SURE)
Sure Actions: [explain]
Unsure Actions (Coinflip Side-Features): [None]
Constraints: [None]
Winning Node: node_13
Lobe Context: [explanation (7/7 active (define | clarify | what is))]
User Triples: None
Node Triples: None
Anti-Match Detected: false
AIML Memory Bank:
Deep Memory (Pinned): [User_Pinned]: Grug speak plain. Grug not pretend smart. | [User_Pinned]: Many rocks compete. Loudest rock get to talk. | [User_Pinned]: Grug listen first, talk second. | [User_Pinned]: Grug speak plain. Grug not pretend smart. | [User_Pinned]: Many rocks compete. Loudest rock get to talk. | [User_Pinned]: Grug listen first, talk second. | [User_Pinned]: Tribe stronger than lone hunter. | [User_Pinned]: Hot rock burn. Soft skin remember.
Fresh Memory [threshold=0.38 eligible=7] (Recent): [User]: the river is high (intensity=0.46) | [User]: tell me a calm story (intensity=1.27)
Memory-Pull Policy: pull_fresh=false — SURE vote (conf=0.51) and no winning node requested context — fresh memory withheld
Lobe Curve (base × top = score):
  👑 explanation: base=0.432 × top=0.51 = 0.2603 [hard_votes=1]
=========================================

Brain > --> Scanning specimens & looking for dialectical relations...
[ORCHESTRATOR] 🎯 Lobe Curve (base × top = score):
  👑 reasoning: base=1.114 × top=1.305 = 1.7031 [hard_votes=2]
--> 2 valid votes passed gate... compiling JIT superposition...

🤖 AIML Output Scaffold:
[Grug seek cause] Here is the picture: Trace from effect to source..
--- DEBUG TELEMETRY (orchestration internals, not for speech) ---
Mission: 'why'
Primary Action: reason  (conf=1.31, certainty=SURE)
Sure Actions: [reason]
Unsure Actions (Coinflip Side-Features): [None]
Constraints: [None]
Winning Node: node_7
Lobe Context: [reasoning (7/7 active (why | how does | think about))]
User Triples: None
Node Triples: None
Anti-Match Detected: false
AIML Memory Bank:
Deep Memory (Pinned): [User_Pinned]: Grug speak plain. Grug not pretend smart. | [User_Pinned]: Many rocks compete. Loudest rock get to talk. | [User_Pinned]: Grug listen first, talk second. | [User_Pinned]: Grug speak plain. Grug not pretend smart. | [User_Pinned]: Many rocks compete. Loudest rock get to talk. | [User_Pinned]: Grug listen first, talk second. | [User_Pinned]: Tribe stronger than lone hunter. | [User_Pinned]: Hot rock burn. Soft skin remember.
Fresh Memory [threshold=0.38 eligible=6] (Recent): [User]: build a shelter before night (intensity=0.48) | [User]: danger danger predator near (intensity=0.53) | [User]: why (intensity=1.32)
Memory-Pull Policy: pull_fresh=false — SURE vote (conf=1.31) and no winning node requested context — fresh memory withheld
Lobe Curve (base × top = score):
  👑 reasoning: base=1.114 × top=1.305 = 1.7031 [hard_votes=2]
=========================================

Brain > --> Scanning specimens & looking for dialectical relations...
[ORCHESTRATOR] 🎯 Lobe Curve (base × top = score):
  👑 nature: base=0.999 × top=0.999 = 0.9975 [hard_votes=1]
--> 1 valid votes passed gate... compiling JIT superposition...

🤖 AIML Output Scaffold:
[Grug know tree] tree make shade nut and wood for fire.
--- DEBUG TELEMETRY (orchestration internals, not for speech) ---
Mission: 'tree'
Primary Action: tree make shade nut and wood for fire  (conf=1.0, certainty=SURE)
Sure Actions: [tree make shade nut and wood for fire]
Unsure Actions (Coinflip Side-Features): [None]
Constraints: [None]
Winning Node: node_50
Lobe Context: [nature (4/4 active (tree | wind | river))]
User Triples: None
Node Triples: (tree, gives, wood), (tree, makes, shade)
Anti-Match Detected: false
AIML Memory Bank:
Deep Memory (Pinned): [User_Pinned]: Grug speak plain. Grug not pretend smart. | [User_Pinned]: Many rocks compete. Loudest rock get to talk. | [User_Pinned]: Grug listen first, talk second. | [User_Pinned]: Grug speak plain. Grug not pretend smart. | [User_Pinned]: Many rocks compete. Loudest rock get to talk. | [User_Pinned]: Grug listen first, talk second. | [User_Pinned]: Tribe stronger than lone hunter. | [User_Pinned]: Hot rock burn. Soft skin remember.
Fresh Memory [threshold=0.38 eligible=5] (Recent): [User]: tell me a calm story (intensity=0.55) | [User]: tree (intensity=1.25)
Memory-Pull Policy: pull_fresh=false — SURE vote (conf=1.0) and no winning node requested context — fresh memory withheld
Lobe Curve (base × top = score):
  👑 nature: base=0.999 × top=0.999 = 0.9975 [hard_votes=1]
=========================================

Brain > --> Scanning specimens & looking for dialectical relations...
[ORCHESTRATOR] 🎯 Lobe Curve (base × top = score):
  👑 comfort: base=0.882 × top=0.882 = 0.7779 [hard_votes=2]
--> 2 valid votes passed gate... compiling JIT superposition...

🤖 AIML Output Scaffold:
[Grug sit with sadness] let the rain fall before the sun comes back. The link is clear: grug sees tears. A companion frame: Offer presence not solutions..
--- DEBUG TELEMETRY (orchestration internals, not for speech) ---
Mission: 'sad'
Primary Action: let the rain fall before the sun comes back  (conf=0.88, certainty=UNSURE)
Sure Actions: [let the rain fall before the sun comes back, comfort]
Unsure Actions (Coinflip Side-Features): [None]
Constraints: [dont fix, dont cheer up]
Winning Node: node_36
Lobe Context: [comfort (7/7 active (sad | i feel | worried))]
User Triples: None
Node Triples: (tribemate, feels, sadness), (grug, sees, tears)
Anti-Match Detected: false
Tied Alternatives (not selected):
  🪨 node_16 | action=comfort | conf=0.88 | relations=None
AIML Memory Bank:
Deep Memory (Pinned): [User_Pinned]: Grug speak plain. Grug not pretend smart. | [User_Pinned]: Many rocks compete. Loudest rock get to talk. | [User_Pinned]: Grug listen first, talk second. | [User_Pinned]: Grug speak plain. Grug not pretend smart. | [User_Pinned]: Many rocks compete. Loudest rock get to talk. | [User_Pinned]: Grug listen first, talk second. | [User_Pinned]: Tribe stronger than lone hunter. | [User_Pinned]: Hot rock burn. Soft skin remember.
Fresh Memory [threshold=0.38 eligible=5] (Recent): [User]: why (intensity=0.53) | [User]: tree (intensity=0.82)
Memory-Pull Policy: pull_fresh=true — winning node(s) requested context: node_36
Lobe Curve (base × top = score):
  👑 comfort: base=0.882 × top=0.882 = 0.7779 [hard_votes=2]
=========================================

Brain > --> Scanning specimens & looking for dialectical relations...
--> No valid specimens found for this input. Cave is silent.

Brain > [ENGINE] ❌  /wrong applied to 2 contributors. penalized= 2, newly_graved= 0.
❌  /wrong applied. 2 contributor(s) penalized via coinflip.
   ↳ context intensity nudged down on 10 message(s) used last cycle.

Brain > --> Scanning specimens & looking for dialectical relations...
[ORCHESTRATOR] 🎯 Lobe Curve (base × top = score):
  👑 alert: base=0.935 × top=0.935 = 0.8748 [hard_votes=1]
--> 1 valid votes passed gate... compiling JIT superposition...

🤖 AIML Output Scaffold:
[Grug halt] the terminate.
--- DEBUG TELEMETRY (orchestration internals, not for speech) ---
Mission: 'STOP'
Primary Action: alert  (conf=0.94, certainty=SURE)
Sure Actions: [alert]
Unsure Actions (Coinflip Side-Features): [None]
Constraints: [None]
Winning Node: node_57
Lobe Context: [alert (5/5 active (watch out | warning | stop))]
User Triples: None
Node Triples: None
Anti-Match Detected: false
AIML Memory Bank:
Deep Memory (Pinned): [User_Pinned]: Grug speak plain. Grug not pretend smart. | [User_Pinned]: Many rocks compete. Loudest rock get to talk. | [User_Pinned]: Grug listen first, talk second. | [User_Pinned]: Grug speak plain. Grug not pretend smart. | [User_Pinned]: Many rocks compete. Loudest rock get to talk. | [User_Pinned]: Grug listen first, talk second. | [User_Pinned]: Tribe stronger than lone hunter. | [User_Pinned]: Hot rock burn. Soft skin remember.
Fresh Memory [threshold=0.38 eligible=5] (Recent): No recent sounds
Memory-Pull Policy: pull_fresh=false — SURE vote (conf=0.94) and no winning node requested context — fresh memory withheld
Lobe Curve (base × top = score):
  👑 alert: base=0.935 × top=0.935 = 0.8748 [hard_votes=1]
=========================================

Brain > --> Scanning specimens & looking for dialectical relations...
[ENGINE] ⚡  Attachment relay: 'node_7' fired via target 'node_6' (conf=0.483, connector="why think")
[ENGINE] 🔗  Attachment relay pass added 1 node(s) to expanded set.
[ORCHESTRATOR] 🎯 Lobe Curve (base × top = score):
  👑 explanation: base=0.67 × top=0.789 = 0.6229 [hard_votes=2]
  · reasoning: base=0.348 × top=0.406 = 0.2336 [hard_votes=0]
--> 2 valid votes passed gate... compiling JIT superposition...

🤖 AIML Output Scaffold:
[Grug share what grug know] Here is the picture: tell me. Pinned note: Many rocks compete. Loudest rock get to talk.
--- DEBUG TELEMETRY (orchestration internals, not for speech) ---
Mission: 'tell me about the rocks'
Primary Action: explain  (conf=0.79, certainty=SURE)
Sure Actions: [explain]
Unsure Actions (Coinflip Side-Features): [pass story rock to rock hand to hand]
Constraints: [None]
Winning Node: node_13
Lobe Context: [explanation (7/7 active (define | clarify | what is))]
User Triples: None
Node Triples: None
Anti-Match Detected: false
Other Possibilities (strong but not winners):
  🔸 node_32 | action=pass story rock to rock hand to hand | conf=0.55 | relations=None
AIML Memory Bank:
Deep Memory (Pinned): [User_Pinned]: Grug speak plain. Grug not pretend smart. | [User_Pinned]: Many rocks compete. Loudest rock get to talk. | [User_Pinned]: Grug listen first, talk second. | [User_Pinned]: Grug speak plain. Grug not pretend smart. | [User_Pinned]: Many rocks compete. Loudest rock get to talk. | [User_Pinned]: Grug listen first, talk second. | [User_Pinned]: Tribe stronger than lone hunter. | [User_Pinned]: Hot rock burn. Soft skin remember.
Fresh Memory [threshold=0.38 eligible=7] (Recent): [User]: sad (intensity=0.53) | [User]: tell me about the rocks (intensity=1.31)
Memory-Pull Policy: pull_fresh=false — SURE vote (conf=0.79) and no winning node requested context — fresh memory withheld
Lobe Curve (base × top = score):
  👑 explanation: base=0.67 × top=0.789 = 0.6229 [hard_votes=2]
  · reasoning: base=0.348 × top=0.406 = 0.2336 [hard_votes=0]
=========================================

Brain > --> Scanning specimens & looking for dialectical relations...
[ENGINE] ⚡  Attachment relay: 'node_7' fired via target 'node_6' (conf=0.526, connector="why think")
[ENGINE] 🔗  Attachment relay pass added 1 node(s) to expanded set.
[ORCHESTRATOR] 🎯 Lobe Curve (base × top = score):
  👑 explanation: base=0.673 × top=0.795 = 0.6321 [hard_votes=2]
  · reasoning: base=0.362 × top=0.429 = 0.2771 [hard_votes=1]
--> 2 valid votes passed gate... compiling JIT superposition...

🤖 AIML Output Scaffold:
[Grug share what grug know] Here is the picture: tell me. Pinned note: Many rocks compete. Loudest rock get to talk.
--- DEBUG TELEMETRY (orchestration internals, not for speech) ---
Mission: 'tell me about the rocks'
Primary Action: describe  (conf=0.8, certainty=SURE)
Sure Actions: [describe]
Unsure Actions (Coinflip Side-Features): [pass story rock to rock hand to hand]
Constraints: [None]
Winning Node: node_13
Lobe Context: [explanation (7/7 active (define | clarify | what is))]
User Triples: None
Node Triples: None
Anti-Match Detected: false
Other Possibilities (strong but not winners):
  🔸 node_32 | action=pass story rock to rock hand to hand | conf=0.55 | relations=None
AIML Memory Bank:
Deep Memory (Pinned): [User_Pinned]: Grug speak plain. Grug not pretend smart. | [User_Pinned]: Many rocks compete. Loudest rock get to talk. | [User_Pinned]: Grug listen first, talk second. | [User_Pinned]: Grug speak plain. Grug not pretend smart. | [User_Pinned]: Many rocks compete. Loudest rock get to talk. | [User_Pinned]: Grug listen first, talk second. | [User_Pinned]: Tribe stronger than lone hunter. | [User_Pinned]: Hot rock burn. Soft skin remember.
Fresh Memory [threshold=0.38 eligible=7] (Recent): [User]: tell me about rocks (intensity=0.79) | [User]: tell me about the rocks (intensity=1.52)
Memory-Pull Policy: pull_fresh=false — SURE vote (conf=0.8) and no winning node requested context — fresh memory withheld
Lobe Curve (base × top = score):
  👑 explanation: base=0.673 × top=0.795 = 0.6321 [hard_votes=2]
  · reasoning: base=0.362 × top=0.429 = 0.2771 [hard_votes=1]
=========================================

Brain > --> Scanning specimens & looking for dialectical relations...
[ENGINE] ⚡  Attachment relay: 'node_7' fired via target 'node_6' (conf=0.618, connector="why think")
[ENGINE] ⚡  Attachment relay: 'node_8' fired via target 'node_6' (conf=0.1, connector="think mechanism")
[ENGINE] 🔗  Attachment relay pass added 2 node(s) to expanded set.
[ORCHESTRATOR] 🎯 Lobe Curve (base × top = score):
  👑 explanation: base=0.67 × top=0.789 = 0.622 [hard_votes=2]
  · reasoning: base=0.319 × top=0.473 = 0.3814 [hard_votes=1]
--> 2 valid votes passed gate... compiling JIT superposition...

🤖 AIML Output Scaffold:
[Grug share what grug know] Here is the picture: tell me. Pinned note: Many rocks compete. Loudest rock get to talk.
--- DEBUG TELEMETRY (orchestration internals, not for speech) ---
Mission: 'tell me about the rocks'
Primary Action: explain  (conf=0.79, certainty=SURE)
Sure Actions: [explain]
Unsure Actions (Coinflip Side-Features): [pass story rock to rock hand to hand]
Constraints: [None]
Winning Node: node_13
Lobe Context: [explanation (7/7 active (define | clarify | what is))]
User Triples: None
Node Triples: None
Anti-Match Detected: false
Other Possibilities (strong but not winners):
  🔸 node_32 | action=pass story rock to rock hand to hand | conf=0.55 | relations=None
AIML Memory Bank:
Deep Memory (Pinned): [User_Pinned]: Grug speak plain. Grug not pretend smart. | [User_Pinned]: Many rocks compete. Loudest rock get to talk. | [User_Pinned]: Grug listen first, talk second. | [User_Pinned]: Grug speak plain. Grug not pretend smart. | [User_Pinned]: Many rocks compete. Loudest rock get to talk. | [User_Pinned]: Grug listen first, talk second. | [User_Pinned]: Tribe stronger than lone hunter. | [User_Pinned]: Hot rock burn. Soft skin remember.
Fresh Memory [threshold=0.75 eligible=6] (Recent): [User]: tell me about the rocks (intensity=1.47) | [User]: tell me about the rocks (intensity=1.25)
Memory-Pull Policy: pull_fresh=false — SURE vote (conf=0.79) and no winning node requested context — fresh memory withheld
Lobe Curve (base × top = score):
  👑 explanation: base=0.67 × top=0.789 = 0.622 [hard_votes=2]
  · reasoning: base=0.319 × top=0.473 = 0.3814 [hard_votes=1]
=========================================

Brain > --> Scanning specimens & looking for dialectical relations...
[ORCHESTRATOR] 🎯 Lobe Curve (base × top = score):
  👑 default: base=0.133 × top=0.133 = 0.0176 [hard_votes=0]
--> 1 valid votes passed gate... compiling JIT superposition...

🤖 AIML Output Scaffold:
[Highly polite greeting protocols active] hello hi greeting mornin.
--- DEBUG TELEMETRY (orchestration internals, not for speech) ---
Mission: 'hello again old friend'
Primary Action: welcome  (conf=0.13, certainty=SURE)
Sure Actions: [welcome]
Unsure Actions (Coinflip Side-Features): [None]
Constraints: [dont frown, dont insult, dont be rude]
Winning Node: node_0
Lobe Context: [default (3/3 active (hello hi greeting mornin | think ponder reason calculate | grug hits rock and makes fire))]
User Triples: None
Node Triples: None
Anti-Match Detected: false
AIML Memory Bank:
Deep Memory (Pinned): [User_Pinned]: Grug speak plain. Grug not pretend smart. | [User_Pinned]: Many rocks compete. Loudest rock get to talk. | [User_Pinned]: Grug listen first, talk second. | [User_Pinned]: Grug speak plain. Grug not pretend smart. | [User_Pinned]: Many rocks compete. Loudest rock get to talk. | [User_Pinned]: Grug listen first, talk second. | [User_Pinned]: Tribe stronger than lone hunter. | [User_Pinned]: Hot rock burn. Soft skin remember.
Fresh Memory [threshold=0.38 eligible=8] (Recent): [System]: Mission "tell me about the rocks" → primary=explain conf=0.79 node=node_13 (intensity=0.61) | [User]: hello again old friend (intensity=1.25)
Memory-Pull Policy: pull_fresh=true — primary confidence=0.13 < trust floor 0.45
Lobe Curve (base × top = score):
  👑 default: base=0.133 × top=0.133 = 0.0176 [hard_votes=0]
=========================================

Brain > [ENGINE] ✅ /right: contributors=1 rewarded=0 double_skip=0 coinflip_miss=1 grave_skip=0
✅ /right applied. 1 contributor(s) processed: 0 rewarded, 0 skipped (already gained), 1 missed coinflip.
   ↳ context intensity nudged up on 10 message(s) used last cycle.

Brain > --> Scanning specimens & looking for dialectical relations...
--> No valid specimens found for this input. Cave is silent.

Brain > --> Scanning specimens & looking for dialectical relations...
--> No valid specimens found for this input. Cave is silent.

Brain > --> Scanning specimens & looking for dialectical relations...
--> No valid specimens found for this input. Cave is silent.

Brain > --> Scanning specimens & looking for dialectical relations...
[ENGINE] ⚡  Attachment relay: 'node_7' fired via target 'node_6' (conf=0.421, connector="why think")
[ENGINE] 🔗  Attachment relay pass added 1 node(s) to expanded set.
[ORCHESTRATOR] 🎯 Lobe Curve (base × top = score):
  👑 explanation: base=0.614 × top=0.725 = 0.5251 [hard_votes=2]
  · knowledge: base=0.505 × top=0.505 = 0.2555 [hard_votes=1]
  · default: base=0.435 × top=0.435 = 0.189 [hard_votes=0]
  · reasoning: base=0.289 × top=0.342 = 0.1769 [hard_votes=0]
  · survival: base=0.284 × top=0.286 = 0.0819 [hard_votes=0]
--> 2 valid votes passed gate... compiling JIT superposition...

🤖 AIML Output Scaffold:
[Grug share what grug know] Here is the picture: tell me.
--- DEBUG TELEMETRY (orchestration internals, not for speech) ---
Mission: 'tell me about fire and stone'
Primary Action: explain  (conf=0.72, certainty=SURE)
Sure Actions: [explain]
Unsure Actions (Coinflip Side-Features): [None]
Constraints: [None]
Winning Node: node_13
Lobe Context: [explanation (7/7 active (define | clarify | what is))]
User Triples: None
Node Triples: None
Anti-Match Detected: false
AIML Memory Bank:
Deep Memory (Pinned): [User_Pinned]: Grug speak plain. Grug not pretend smart. | [User_Pinned]: Many rocks compete. Loudest rock get to talk. | [User_Pinned]: Grug listen first, talk second. | [User_Pinned]: Grug speak plain. Grug not pretend smart. | [User_Pinned]: Many rocks compete. Loudest rock get to talk. | [User_Pinned]: Grug listen first, talk second. | [User_Pinned]: Tribe stronger than lone hunter. | [User_Pinned]: Hot rock burn. Soft skin remember.
Fresh Memory [threshold=0.75 eligible=5] (Recent): [User]: tell me about fire and stone (intensity=1.26)
Memory-Pull Policy: pull_fresh=false — SURE vote (conf=0.72) and no winning node requested context — fresh memory withheld
Lobe Curve (base × top = score):
  👑 explanation: base=0.614 × top=0.725 = 0.5251 [hard_votes=2]
  · knowledge: base=0.505 × top=0.505 = 0.2555 [hard_votes=1]
  · default: base=0.435 × top=0.435 = 0.189 [hard_votes=0]
  · reasoning: base=0.289 × top=0.342 = 0.1769 [hard_votes=0]
  · survival: base=0.284 × top=0.286 = 0.0819 [hard_votes=0]
=========================================

Brain > --> Scanning specimens & looking for dialectical relations...
[ORCHESTRATOR] 🎯 Lobe Curve (base × top = score):
  👑 explanation: base=0.581 × top=0.684 = 0.4685 [hard_votes=1]
  · craft: base=0.479 × top=0.479 = 0.2291 [hard_votes=0]
--> 2 valid votes passed gate... compiling JIT superposition...

🤖 AIML Output Scaffold:
[Grug explain plain] Here is the picture: No big words..
--- DEBUG TELEMETRY (orchestration internals, not for speech) ---
Mission: 'what is the difference between hammer and stone'
Primary Action: describe  (conf=0.68, certainty=SURE)
Sure Actions: [describe]
Unsure Actions (Coinflip Side-Features): [None]
Constraints: [None]
Winning Node: node_12
Lobe Context: [explanation (7/7 active (define | clarify | what is))]
User Triples: (what, is, the)
Node Triples: None
Anti-Match Detected: false
AIML Memory Bank:
Deep Memory (Pinned): [User_Pinned]: Grug speak plain. Grug not pretend smart. | [User_Pinned]: Many rocks compete. Loudest rock get to talk. | [User_Pinned]: Grug listen first, talk second. | [User_Pinned]: Grug speak plain. Grug not pretend smart. | [User_Pinned]: Many rocks compete. Loudest rock get to talk. | [User_Pinned]: Grug listen first, talk second. | [User_Pinned]: Tribe stronger than lone hunter. | [User_Pinned]: Hot rock burn. Soft skin remember.
Fresh Memory [threshold=0.56 eligible=7] (Recent): [User]: tell me about fire and stone (intensity=0.97) | [System]: Mission "tell me about fire and stone" → primary=explain conf=0.72 node=node_13 (intensity=0.73)
Memory-Pull Policy: pull_fresh=false — SURE vote (conf=0.68) and no winning node requested context — fresh memory withheld
Lobe Curve (base × top = score):
  👑 explanation: base=0.581 × top=0.684 = 0.4685 [hard_votes=1]
  · craft: base=0.479 × top=0.479 = 0.2291 [hard_votes=0]
=========================================

Brain > --> Scanning specimens & looking for dialectical relations...
[ORCHESTRATOR] 🎯 Lobe Curve (base × top = score):
  👑 reasoning: base=0.611 × top=0.715 = 0.5111 [hard_votes=2]
  · nature: base=0.508 × top=0.508 = 0.2583 [hard_votes=1]
--> 2 valid votes passed gate... compiling JIT superposition...

🤖 AIML Output Scaffold:
[Grug seek cause] Here is the picture: Trace from effect to source..
--- DEBUG TELEMETRY (orchestration internals, not for speech) ---
Mission: 'why does the river flow downhill'
Primary Action: reason  (conf=0.71, certainty=SURE)
Sure Actions: [reason]
Unsure Actions (Coinflip Side-Features): [None]
Constraints: [None]
Winning Node: node_7
Lobe Context: [reasoning (7/7 active (why | how does | think about))]
User Triples: None
Node Triples: None
Anti-Match Detected: false
AIML Memory Bank:
Deep Memory (Pinned): [User_Pinned]: Grug speak plain. Grug not pretend smart. | [User_Pinned]: Many rocks compete. Loudest rock get to talk. | [User_Pinned]: Grug listen first, talk second. | [User_Pinned]: Grug speak plain. Grug not pretend smart. | [User_Pinned]: Many rocks compete. Loudest rock get to talk. | [User_Pinned]: Grug listen first, talk second. | [User_Pinned]: Tribe stronger than lone hunter. | [User_Pinned]: Hot rock burn. Soft skin remember.
Fresh Memory [threshold=0.38 eligible=10] (Recent): [User]: what is the difference between hammer and stone (intensity=1.17) | [System]: Mission "what is the difference between hammer and stone" → primary=describe conf=0.68 node=node_12 (intensity=0.67) | [User]: why does the river flow downhill (intensity=1.25)
Memory-Pull Policy: pull_fresh=false — SURE vote (conf=0.71) and no winning node requested context — fresh memory withheld
Lobe Curve (base × top = score):
  👑 reasoning: base=0.611 × top=0.715 = 0.5111 [hard_votes=2]
  · nature: base=0.508 × top=0.508 = 0.2583 [hard_votes=1]
=========================================

Brain > --> Scanning specimens & looking for dialectical relations...
[ORCHESTRATOR] 🎯 Lobe Curve (base × top = score):
  👑 knowledge: base=1.371 × top=1.371 = 1.8799 [hard_votes=1]
  · survival: base=0.676 × top=1.105 = 1.2205 [hard_votes=1]
  · default: base=0.823 × top=0.823 = 0.6768 [hard_votes=1]
  · reasoning: base=0.574 × top=0.699 = 0.4885 [hard_votes=1]
  · inquiry: base=0.491 × top=0.491 = 0.2413 [hard_votes=0]
--> 1 valid votes passed gate... compiling JIT superposition...

🤖 AIML Output Scaffold:
[Grug know fire] Here is the picture: fire warm tribe scare wolf cook meat. The link is clear: fire makes heat.
--- DEBUG TELEMETRY (orchestration internals, not for speech) ---
Mission: 'could you explain how fire makes warm'
Primary Action: fire warm tribe scare wolf cook meat  (conf=1.37, certainty=SURE)
Sure Actions: [fire warm tribe scare wolf cook meat]
Unsure Actions (Coinflip Side-Features): [None]
Constraints: [None]
Winning Node: node_61
Lobe Context: [knowledge (5/5 active (fire | rock | wolf))]
User Triples: (fire, makes, warm)
Node Triples: (fire, makes, heat), (fire, cooks, meat), (fire, scares, wolf)
Anti-Match Detected: false
AIML Memory Bank:
Deep Memory (Pinned): [User_Pinned]: Grug speak plain. Grug not pretend smart. | [User_Pinned]: Many rocks compete. Loudest rock get to talk. | [User_Pinned]: Grug listen first, talk second. | [User_Pinned]: Grug speak plain. Grug not pretend smart. | [User_Pinned]: Many rocks compete. Loudest rock get to talk. | [User_Pinned]: Grug listen first, talk second. | [User_Pinned]: Tribe stronger than lone hunter. | [User_Pinned]: Hot rock burn. Soft skin remember.
Fresh Memory [threshold=0.38 eligible=6] (Recent): [User]: could you explain how fire makes warm (intensity=1.71)
Memory-Pull Policy: pull_fresh=false — SURE vote (conf=1.37) and no winning node requested context — fresh memory withheld
Lobe Curve (base × top = score):
  👑 knowledge: base=1.371 × top=1.371 = 1.8799 [hard_votes=1]
  · survival: base=0.676 × top=1.105 = 1.2205 [hard_votes=1]
  · default: base=0.823 × top=0.823 = 0.6768 [hard_votes=1]
  · reasoning: base=0.574 × top=0.699 = 0.4885 [hard_votes=1]
  · inquiry: base=0.491 × top=0.491 = 0.2413 [hard_votes=0]
=========================================

Brain > --> Scanning specimens & looking for dialectical relations...
--> No valid specimens found for this input. Cave is silent.

Brain > --> Scanning specimens & looking for dialectical relations...
[ORCHESTRATOR] 🎯 Lobe Curve (base × top = score):
  👑 alert: base=0.652 × top=0.652 = 0.4247 [hard_votes=1]
  ↗ survival: base=0.65 × top=0.651 = 0.4235 [hard_votes=2]
--> 3 valid votes passed gate... compiling JIT superposition...

🤖 AIML Output Scaffold:
[Grug halt] the halt.
--- DEBUG TELEMETRY (orchestration internals, not for speech) ---
Mission: 'STOP STOP STOP DANGER'
Primary Action: alert  (conf=0.65, certainty=SURE)
Sure Actions: [alert]
Unsure Actions (Coinflip Side-Features): [alert]
Constraints: [None]
Winning Node: node_57
Lobe Context: [alert (5/5 active (watch out | warning | stop))] | [survival (7/7 active (danger | fire burns | danger))]
User Triples: None
Node Triples: None
Anti-Match Detected: false
Other Possibilities (strong but not winners):
  🔸 node_9 | action=alert | conf=0.65 | relations=None
AIML Memory Bank:
Deep Memory (Pinned): [User_Pinned]: Grug speak plain. Grug not pretend smart. | [User_Pinned]: Many rocks compete. Loudest rock get to talk. | [User_Pinned]: Grug listen first, talk second. | [User_Pinned]: Grug speak plain. Grug not pretend smart. | [User_Pinned]: Many rocks compete. Loudest rock get to talk. | [User_Pinned]: Grug listen first, talk second. | [User_Pinned]: Tribe stronger than lone hunter. | [User_Pinned]: Hot rock burn. Soft skin remember.
Fresh Memory [threshold=0.38 eligible=8] (Recent): [User]: STOP STOP STOP DANGER (intensity=1.26)
Memory-Pull Policy: pull_fresh=false — SURE vote (conf=0.65) and no winning node requested context — fresh memory withheld
Lobe Curve (base × top = score):
  👑 alert: base=0.652 × top=0.652 = 0.4247 [hard_votes=1]
  ↗ survival: base=0.65 × top=0.651 = 0.4235 [hard_votes=2]
Passthrough Lobes: [survival]
=========================================

Brain > --> Scanning specimens & looking for dialectical relations...
[ORCHESTRATOR] 🎯 Lobe Curve (base × top = score):
  👑 alert: base=0.748 × top=0.748 = 0.5602 [hard_votes=1]
--> 1 valid votes passed gate... compiling JIT superposition...

🤖 AIML Output Scaffold:
[Grug point at incoming] watch out.
--- DEBUG TELEMETRY (orchestration internals, not for speech) ---
Mission: 'watch out'
Primary Action: alert  (conf=0.75, certainty=SURE)
Sure Actions: [alert]
Unsure Actions (Coinflip Side-Features): [None]
Constraints: [None]
Winning Node: node_55
Lobe Context: [alert (5/5 active (watch out | warning | stop))]
User Triples: None
Node Triples: None
Anti-Match Detected: false
AIML Memory Bank:
Deep Memory (Pinned): [User_Pinned]: Grug speak plain. Grug not pretend smart. | [User_Pinned]: Many rocks compete. Loudest rock get to talk. | [User_Pinned]: Grug listen first, talk second. | [User_Pinned]: Grug speak plain. Grug not pretend smart. | [User_Pinned]: Many rocks compete. Loudest rock get to talk. | [User_Pinned]: Grug listen first, talk second. | [User_Pinned]: Tribe stronger than lone hunter. | [User_Pinned]: Hot rock burn. Soft skin remember.
Fresh Memory [threshold=0.38 eligible=6] (Recent): [User]: STOP STOP STOP DANGER (intensity=0.82) | [User]: watch out (intensity=1.28)
Memory-Pull Policy: pull_fresh=false — SURE vote (conf=0.75) and no winning node requested context — fresh memory withheld
Lobe Curve (base × top = score):
  👑 alert: base=0.748 × top=0.748 = 0.5602 [hard_votes=1]
=========================================

Brain > --> Scanning specimens & looking for dialectical relations...
[ORCHESTRATOR] 🎯 Lobe Curve (base × top = score):
  👑 survival: base=0.606 × top=0.607 = 0.3682 [hard_votes=2]
--> 2 valid votes passed gate... compiling JIT superposition...

🤖 AIML Output Scaffold:
[Grug urge escape] the feet.
--- DEBUG TELEMETRY (orchestration internals, not for speech) ---
Mission: 'run now'
Primary Action: flee  (conf=0.61, certainty=SURE)
Sure Actions: [flee]
Unsure Actions (Coinflip Side-Features): [None]
Constraints: [None]
Winning Node: node_28
Lobe Context: [survival (7/7 active (danger | fire burns | danger))]
User Triples: None
Node Triples: (feet, carry, tribemate), (ground, rushes, under)
Anti-Match Detected: false
AIML Memory Bank:
Deep Memory (Pinned): [User_Pinned]: Grug speak plain. Grug not pretend smart. | [User_Pinned]: Many rocks compete. Loudest rock get to talk. | [User_Pinned]: Grug listen first, talk second. | [User_Pinned]: Grug speak plain. Grug not pretend smart. | [User_Pinned]: Many rocks compete. Loudest rock get to talk. | [User_Pinned]: Grug listen first, talk second. | [User_Pinned]: Tribe stronger than lone hunter. | [User_Pinned]: Hot rock burn. Soft skin remember.
Fresh Memory [threshold=0.38 eligible=6] (Recent): [User]: could you explain how fire makes warm (intensity=0.48) | [User]: watch out (intensity=0.86) | [User]: run now (intensity=1.25)
Memory-Pull Policy: pull_fresh=false — SURE vote (conf=0.61) and no winning node requested context — fresh memory withheld
Lobe Curve (base × top = score):
  👑 survival: base=0.606 × top=0.607 = 0.3682 [hard_votes=2]
=========================================

Brain > 👁  Arousal set to 0.7. Eye system updated.

Brain > --> Scanning specimens & looking for dialectical relations...
[ORCHESTRATOR] 🎯 Lobe Curve (base × top = score):
  👑 alert: base=0.558 × top=0.558 = 0.3113 [hard_votes=1]
--> 1 valid votes passed gate... compiling JIT superposition...

🤖 AIML Output Scaffold:
[Grug raise voice] Make sure heard..
--- DEBUG TELEMETRY (orchestration internals, not for speech) ---
Mission: 'warning predator at the edge'
Primary Action: caution  (conf=0.56, certainty=SURE)
Sure Actions: [caution]
Unsure Actions (Coinflip Side-Features): [None]
Constraints: [None]
Winning Node: node_18
Lobe Context: [alert (5/5 active (watch out | warning | stop))]
User Triples: None
Node Triples: None
Anti-Match Detected: false
AIML Memory Bank:
Deep Memory (Pinned): [User_Pinned]: Grug speak plain. Grug not pretend smart. | [User_Pinned]: Many rocks compete. Loudest rock get to talk. | [User_Pinned]: Grug listen first, talk second. | [User_Pinned]: Grug speak plain. Grug not pretend smart. | [User_Pinned]: Many rocks compete. Loudest rock get to talk. | [User_Pinned]: Grug listen first, talk second. | [User_Pinned]: Tribe stronger than lone hunter. | [User_Pinned]: Hot rock burn. Soft skin remember.
Fresh Memory [threshold=0.38 eligible=5] (Recent): [User]: watch out (intensity=0.55) | [User]: run now (intensity=0.83) | [User]: warning predator at the edge (intensity=1.28)
Memory-Pull Policy: pull_fresh=false — SURE vote (conf=0.56) and no winning node requested context — fresh memory withheld
Lobe Curve (base × top = score):
  👑 alert: base=0.558 × top=0.558 = 0.3113 [hard_votes=1]
=========================================

Brain > --> Scanning specimens & looking for dialectical relations...
[ORCHESTRATOR] 🎯 Lobe Curve (base × top = score):
  👑 knowledge: base=0.51 × top=0.51 = 0.2601 [hard_votes=1]
  · default: base=0.306 × top=0.306 = 0.0936 [hard_votes=0]
  · survival: base=0.212 × top=0.212 = 0.0452 [hard_votes=0]
--> 1 valid votes passed gate... compiling JIT superposition...

🤖 AIML Output Scaffold:
[Grug know fire] fire boiling tribe scare wolf cook meat. The link is clear: fire cooks meat.
--- DEBUG TELEMETRY (orchestration internals, not for speech) ---
Mission: 'fire spreads quick'
Primary Action: fire warm tribe scare wolf cook meat  (conf=0.51, certainty=SURE)
Sure Actions: [fire warm tribe scare wolf cook meat]
Unsure Actions (Coinflip Side-Features): [None]
Constraints: [None]
Winning Node: node_61
Lobe Context: [knowledge (5/5 active (fire | rock | wolf))]
User Triples: None
Node Triples: (fire, makes, heat), (fire, cooks, meat), (fire, scares, wolf)
Anti-Match Detected: false
AIML Memory Bank:
Deep Memory (Pinned): [User_Pinned]: Grug speak plain. Grug not pretend smart. | [User_Pinned]: Many rocks compete. Loudest rock get to talk. | [User_Pinned]: Grug listen first, talk second. | [User_Pinned]: Grug speak plain. Grug not pretend smart. | [User_Pinned]: Many rocks compete. Loudest rock get to talk. | [User_Pinned]: Grug listen first, talk second. | [User_Pinned]: Tribe stronger than lone hunter. | [User_Pinned]: Hot rock burn. Soft skin remember.
Fresh Memory [threshold=0.38 eligible=5] (Recent): [User]: fire spreads quick (intensity=1.28)
Memory-Pull Policy: pull_fresh=false — SURE vote (conf=0.51) and no winning node requested context — fresh memory withheld
Lobe Curve (base × top = score):
  👑 knowledge: base=0.51 × top=0.51 = 0.2601 [hard_votes=1]
  · default: base=0.306 × top=0.306 = 0.0936 [hard_votes=0]
  · survival: base=0.212 × top=0.212 = 0.0452 [hard_votes=0]
=========================================

Brain > 👁  Arousal set to 0.3. Eye system updated.

Brain > --> Scanning specimens & looking for dialectical relations...
[ORCHESTRATOR] 🎯 Lobe Curve (base × top = score):
  👑 comfort: base=0.533 × top=0.533 = 0.2844 [hard_votes=2]
--> 2 valid votes passed gate... compiling JIT superposition...

🤖 AIML Output Scaffold:
[Grug listen to feeling] Test, do not fix..
--- DEBUG TELEMETRY (orchestration internals, not for speech) ---
Mission: 'i feel scared and alone'
Primary Action: acknowledge  (conf=0.53, certainty=UNSURE)
Sure Actions: [acknowledge, sit close in the dark with tribemate]
Unsure Actions (Coinflip Side-Features): [None]
Constraints: [None]
Winning Node: node_15
Lobe Context: [comfort (7/7 active (sad | i feel | worried))]
User Triples: None
Node Triples: None
Anti-Match Detected: false
Tied Alternatives (not selected):
  🪨 node_35 | action=sit close in the dark with tribemate | conf=0.53 | relations=(tribemate, feels, feeling), (grug, sees, feeling)
AIML Memory Bank:
Deep Memory (Pinned): [User_Pinned]: Grug speak plain. Grug not pretend smart. | [User_Pinned]: Many rocks compete. Loudest rock get to talk. | [User_Pinned]: Grug listen first, talk second. | [User_Pinned]: Grug speak plain. Grug not pretend smart. | [User_Pinned]: Many rocks compete. Loudest rock get to talk. | [User_Pinned]: Grug listen first, talk second. | [User_Pinned]: Tribe stronger than lone hunter. | [User_Pinned]: Hot rock burn. Soft skin remember.
Fresh Memory [threshold=0.38 eligible=5] (Recent): No recent sounds
Memory-Pull Policy: pull_fresh=true — winning node(s) requested context: node_35
Lobe Curve (base × top = score):
  👑 comfort: base=0.533 × top=0.533 = 0.2844 [hard_votes=2]
=========================================

Brain > --> Scanning specimens & looking for dialectical relations...
[ORCHESTRATOR] 🎯 Lobe Curve (base × top = score):
  👑 comfort: base=0.51 × top=0.51 = 0.2601 [hard_votes=2]
--> 2 valid votes passed gate... compiling JIT superposition...

🤖 AIML Output Scaffold:
[Grug listen] Let me think with you. grug hear what tribemate carry. The link is clear: tribemate feels feeling. Pinned note: Tribe stronger than lone hunter.
--- DEBUG TELEMETRY (orchestration internals, not for speech) ---
Mission: 'i feel angry at the tribe'
Primary Action: grug hear what tribemate carry  (conf=0.51, certainty=SURE)
Sure Actions: [grug hear what tribemate carry]
Unsure Actions (Coinflip Side-Features): [None]
Constraints: [dont fix, dont solve, dont minimize, dont judge, dont correct, dont rush]
Winning Node: node_35
Lobe Context: [comfort (7/7 active (sad | i feel | worried))]
User Triples: None
Node Triples: (tribemate, feels, feeling), (grug, sees, feeling)
Anti-Match Detected: false
AIML Memory Bank:
Deep Memory (Pinned): [User_Pinned]: Grug speak plain. Grug not pretend smart. | [User_Pinned]: Many rocks compete. Loudest rock get to talk. | [User_Pinned]: Grug listen first, talk second. | [User_Pinned]: Grug speak plain. Grug not pretend smart. | [User_Pinned]: Many rocks compete. Loudest rock get to talk. | [User_Pinned]: Grug listen first, talk second. | [User_Pinned]: Tribe stronger than lone hunter. | [User_Pinned]: Hot rock burn. Soft skin remember.
Fresh Memory [threshold=0.38 eligible=6] (Recent): [User]: warning predator at the edge (intensity=0.44) | [User]: i feel angry at the tribe (intensity=1.25)
Memory-Pull Policy: pull_fresh=true — winning node(s) requested context: node_35
Lobe Curve (base × top = score):
  👑 comfort: base=0.51 × top=0.51 = 0.2601 [hard_votes=2]
=========================================

Brain > --> Scanning specimens & looking for dialectical relations...
--> No valid specimens found for this input. Cave is silent.

Brain > --> Scanning specimens & looking for dialectical relations...
--> No valid specimens found for this input. Cave is silent.

Brain > --> Scanning specimens & looking for dialectical relations...
--> No valid specimens found for this input. Cave is silent.

Brain > --> Scanning specimens & looking for dialectical relations...
--> No valid specimens found for this input. Cave is silent.

Brain > --> Scanning specimens & looking for dialectical relations...
[ENGINE] ⚡  Attachment relay: 'node_7' fired via target 'node_6' (conf=0.538, connector="why think")
[ENGINE] 🔗  Attachment relay pass added 1 node(s) to expanded set.
[ORCHESTRATOR] 🎯 Lobe Curve (base × top = score):
  👑 reasoning: base=0.408 × top=0.47 = 0.29 [hard_votes=1]
  · nature: base=0.504 × top=0.504 = 0.2544 [hard_votes=1]
  · explanation: base=0.376 × top=0.439 = 0.193 [hard_votes=0]
[ENGINE] 💎 Node node_7 solidified (strength=9.0 ≥ 9.0) — NONJITTER tag applied.
--> 3 valid votes passed gate... compiling JIT superposition...

🤖 AIML Output Scaffold:
[Grug seek cause] Here is the picture: Trace from product to source..
--- DEBUG TELEMETRY (orchestration internals, not for speech) ---
Mission: 'tell me again about the river'
Primary Action: analyze  (conf=0.54, certainty=SURE)
Sure Actions: [analyze]
Unsure Actions (Coinflip Side-Features): [None]
Constraints: [None]
Winning Node: node_7
Lobe Context: [reasoning (7/7 active (why | how does | think about))]
User Triples: None
Node Triples: (node_6, relay_attached, why think)
Anti-Match Detected: false
AIML Memory Bank:
Deep Memory (Pinned): [User_Pinned]: Grug speak plain. Grug not pretend smart. | [User_Pinned]: Many rocks compete. Loudest rock get to talk. | [User_Pinned]: Grug listen first, talk second. | [User_Pinned]: Grug speak plain. Grug not pretend smart. | [User_Pinned]: Many rocks compete. Loudest rock get to talk. | [User_Pinned]: Grug listen first, talk second. | [User_Pinned]: Tribe stronger than lone hunter. | [User_Pinned]: Hot rock burn. Soft skin remember.
Fresh Memory [threshold=0.56 eligible=8] (Recent): [User]: i feel scared and alone (intensity=0.59) | [User]: victory at last (intensity=0.63)
Memory-Pull Policy: pull_fresh=false — SURE vote (conf=0.54) and no winning node requested context — fresh memory withheld
Lobe Curve (base × top = score):
  👑 reasoning: base=0.408 × top=0.47 = 0.29 [hard_votes=1]
  · nature: base=0.504 × top=0.504 = 0.2544 [hard_votes=1]
  · explanation: base=0.376 × top=0.439 = 0.193 [hard_votes=0]
=========================================

Brain > --> Scanning specimens & looking for dialectical relations...
[ORCHESTRATOR] 🎯 Lobe Curve (base × top = score):
  👑 explanation: base=0.673 × top=0.88 = 0.7744 [hard_votes=1]
  · default: base=0.528 × top=0.528 = 0.2788 [hard_votes=1]
  · knowledge: base=0.467 × top=0.468 = 0.2186 [hard_votes=0]
  · nature: base=0.468 × top=0.468 = 0.2186 [hard_votes=0]
  · survival: base=0.17 × top=0.17 = 0.0289 [hard_votes=0]
--> 2 valid votes passed gate... compiling JIT superposition...

🤖 AIML Output Scaffold:
[Grug explain plain] Here is the picture: No big words..
--- DEBUG TELEMETRY (orchestration internals, not for speech) ---
Mission: 'what is fire what is water what is sky'
Primary Action: define  (conf=0.88, certainty=SURE)
Sure Actions: [define]
Unsure Actions (Coinflip Side-Features): [None]
Constraints: [None]
Winning Node: node_12
Lobe Context: [explanation (7/7 active (define | clarify | what is))]
User Triples: (what, is, fire), (what, is, water), (what, is, sky)
Node Triples: None
Anti-Match Detected: false
AIML Memory Bank:
Deep Memory (Pinned): [User_Pinned]: Grug speak plain. Grug not pretend smart. | [User_Pinned]: Many rocks compete. Loudest rock get to talk. | [User_Pinned]: Grug listen first, talk second. | [User_Pinned]: Grug speak plain. Grug not pretend smart. | [User_Pinned]: Many rocks compete. Loudest rock get to talk. | [User_Pinned]: Grug listen first, talk second. | [User_Pinned]: Tribe stronger than lone hunter. | [User_Pinned]: Hot rock burn. Soft skin remember.
Fresh Memory [threshold=0.38 eligible=10] (Recent): [User]: victory at last (intensity=0.4) | [System]: Mission "tell me again about the river" → primary=analyze conf=0.54 node=node_7 (intensity=0.64)
Memory-Pull Policy: pull_fresh=false — SURE vote (conf=0.88) and no winning node requested context — fresh memory withheld
Lobe Curve (base × top = score):
  👑 explanation: base=0.673 × top=0.88 = 0.7744 [hard_votes=1]
  · default: base=0.528 × top=0.528 = 0.2788 [hard_votes=1]
  · knowledge: base=0.467 × top=0.468 = 0.2186 [hard_votes=0]
  · nature: base=0.468 × top=0.468 = 0.2186 [hard_votes=0]
  · survival: base=0.17 × top=0.17 = 0.0289 [hard_votes=0]
=========================================

Brain > --> Scanning specimens & looking for dialectical relations...
--> No valid specimens found for this input. Cave is silent.

Brain > --> Scanning specimens & looking for dialectical relations...
[ORCHESTRATOR] 🎯 Lobe Curve (base × top = score):
  👑 default: base=6.431 × top=6.431 = 41.3562 [hard_votes=1]
  · knowledge: base=0.221 × top=0.442 = 0.195 [hard_votes=0]
  · survival: base=-0.099 × top=0.142 = 0.0202 [hard_votes=0]
--> 1 valid votes passed gate... compiling JIT superposition...

🤖 AIML Output Scaffold:
[Causal relational analysis active] grug hits rock and makes fire. The link is clear: grug hits rock. Pinned note: Grug speak plain. Grug not pretend smart.
--- DEBUG TELEMETRY (orchestration internals, not for speech) ---
Mission: 'grug hits rock and makes fire'
Primary Action: ponder  (conf=6.43, certainty=SURE)
Sure Actions: [ponder]
Unsure Actions (Coinflip Side-Features): [None]
Constraints: [dont panic]
Winning Node: node_2
Lobe Context: [default (3/3 active (hello hi greeting mornin | think ponder reason calculate | grug hits rock and makes fire))]
User Triples: (grug, hits, rock), (and, makes, fire)
Node Triples: (grug, hits, rock), (and, makes, fire)
Anti-Match Detected: false
AIML Memory Bank:
Deep Memory (Pinned): [User_Pinned]: Grug speak plain. Grug not pretend smart. | [User_Pinned]: Many rocks compete. Loudest rock get to talk. | [User_Pinned]: Grug listen first, talk second. | [User_Pinned]: Grug speak plain. Grug not pretend smart. | [User_Pinned]: Many rocks compete. Loudest rock get to talk. | [User_Pinned]: Grug listen first, talk second. | [User_Pinned]: Tribe stronger than lone hunter. | [User_Pinned]: Hot rock burn. Soft skin remember.
Fresh Memory [threshold=0.38 eligible=7] (Recent): [User]: what is fire what is water what is sky (intensity=1.14) | [User]: grug hits rock and makes fire (intensity=1.73)
Memory-Pull Policy: pull_fresh=false — SURE vote (conf=6.43) and no winning node requested context — fresh memory withheld
Lobe Curve (base × top = score):
  👑 default: base=6.431 × top=6.431 = 41.3562 [hard_votes=1]
  · knowledge: base=0.221 × top=0.442 = 0.195 [hard_votes=0]
  · survival: base=-0.099 × top=0.142 = 0.0202 [hard_votes=0]
=========================================

Brain > --> Scanning specimens & looking for dialectical relations...
[ORCHESTRATOR] 🎯 Lobe Curve (base × top = score):
  👑 knowledge: base=0.55 × top=0.55 = 0.3025 [hard_votes=1]
  · default: base=0.33 × top=0.33 = 0.1089 [hard_votes=0]
--> 1 valid votes passed gate... compiling JIT superposition...

🤖 AIML Output Scaffold:
[Grug know rock] rock is patient bone of mountain. The link is clear: rock builds wall. Pinned note: Grug speak plain. Grug not pretend smart.
--- DEBUG TELEMETRY (orchestration internals, not for speech) ---
Mission: 'rock hits grug and grug yells'
Primary Action: rock is patient bone of mountain  (conf=0.55, certainty=SURE)
Sure Actions: [rock is patient bone of mountain]
Unsure Actions (Coinflip Side-Features): [None]
Constraints: [None]
Winning Node: node_64
Lobe Context: [knowledge (5/5 active (fire | rock | wolf))]
User Triples: (rock, hits, grug)
Node Triples: (rock, builds, wall), (rock, breaks, wood)
Anti-Match Detected: false
AIML Memory Bank:
Deep Memory (Pinned): [User_Pinned]: Grug speak plain. Grug not pretend smart. | [User_Pinned]: Many rocks compete. Loudest rock get to talk. | [User_Pinned]: Grug listen first, talk second. | [User_Pinned]: Grug speak plain. Grug not pretend smart. | [User_Pinned]: Many rocks compete. Loudest rock get to talk. | [User_Pinned]: Grug listen first, talk second. | [User_Pinned]: Tribe stronger than lone hunter. | [User_Pinned]: Hot rock burn. Soft skin remember.
Fresh Memory [threshold=0.38 eligible=6] (Recent): [User]: grug hits rock and makes fire (intensity=1.46) | [User]: rock hits grug and grug yells (intensity=1.74)
Memory-Pull Policy: pull_fresh=false — SURE vote (conf=0.55) and no winning node requested context — fresh memory withheld
Lobe Curve (base × top = score):
  👑 knowledge: base=0.55 × top=0.55 = 0.3025 [hard_votes=1]
  · default: base=0.33 × top=0.33 = 0.1089 [hard_votes=0]
=========================================

Brain > --> Scanning specimens & looking for dialectical relations...
--> No valid specimens found for this input. Cave is silent.

Brain > --> Scanning specimens & looking for dialectical relations...
[ORCHESTRATOR] 🎯 Lobe Curve (base × top = score):
  👑 knowledge: base=0.596 × top=0.596 = 0.3552 [hard_votes=1]
--> 1 valid votes passed gate... compiling JIT superposition...

🤖 AIML Output Scaffold:
[Grug know wolf] Let me think with you. wolf is teeth and fur and yellow eye. The link is clear: wolf hunts prey.
--- DEBUG TELEMETRY (orchestration internals, not for speech) ---
Mission: 'the wolf howls in the night'
Primary Action: wolf is teeth and fur and yellow eye  (conf=0.6, certainty=SURE)
Sure Actions: [wolf is teeth and fur and yellow eye]
Unsure Actions (Coinflip Side-Features): [None]
Constraints: [None]
Winning Node: node_63
Lobe Context: [knowledge (5/5 active (fire | rock | wolf))]
User Triples: None
Node Triples: (wolf, hunts, prey), (wolf, fears, fire)
Anti-Match Detected: false
AIML Memory Bank:
Deep Memory (Pinned): [User_Pinned]: Grug speak plain. Grug not pretend smart. | [User_Pinned]: Many rocks compete. Loudest rock get to talk. | [User_Pinned]: Grug listen first, talk second. | [User_Pinned]: Grug speak plain. Grug not pretend smart. | [User_Pinned]: Many rocks compete. Loudest rock get to talk. | [User_Pinned]: Grug listen first, talk second. | [User_Pinned]: Tribe stronger than lone hunter. | [User_Pinned]: Hot rock burn. Soft skin remember.
Fresh Memory [threshold=0.38 eligible=7] (Recent): [User]: the cave is dark and cold (intensity=0.74) | [User]: the wolf howls in the night (intensity=1.26)
Memory-Pull Policy: pull_fresh=false — SURE vote (conf=0.6) and no winning node requested context — fresh memory withheld
Lobe Curve (base × top = score):
  👑 knowledge: base=0.596 × top=0.596 = 0.3552 [hard_votes=1]
=========================================

Brain > --> Scanning specimens & looking for dialectical relations...
[ENGINE] ⚡  Attachment relay: 'node_7' fired via target 'node_6' (conf=0.55, connector="why think")
[ENGINE] 🔗  Attachment relay pass added 1 node(s) to expanded set.
[ORCHESTRATOR] 🎯 Lobe Curve (base × top = score):
  👑 reasoning: base=0.332 × top=0.387 = 0.3025 [hard_votes=1]
  · inquiry: base=0.524 × top=0.524 = 0.275 [hard_votes=1]
--> 3 valid votes passed gate... compiling JIT superposition...

🤖 AIML Output Scaffold:
[Grug seek cause] Trace from product to source..
--- DEBUG TELEMETRY (orchestration internals, not for speech) ---
Mission: 'do you know about the stars'
Primary Action: reason  (conf=0.55, certainty=SURE)
Sure Actions: [reason]
Unsure Actions (Coinflip Side-Features): [None]
Constraints: [None]
Winning Node: node_7
Lobe Context: [reasoning (7/7 active (why | how does | think about))]
User Triples: None
Node Triples: (node_6, relay_attached, why think)
Anti-Match Detected: false
AIML Memory Bank:
Deep Memory (Pinned): [User_Pinned]: Grug speak plain. Grug not pretend smart. | [User_Pinned]: Many rocks compete. Loudest rock get to talk. | [User_Pinned]: Grug listen first, talk second. | [User_Pinned]: Grug speak plain. Grug not pretend smart. | [User_Pinned]: Many rocks compete. Loudest rock get to talk. | [User_Pinned]: Grug listen first, talk second. | [User_Pinned]: Tribe stronger than lone hunter. | [User_Pinned]: Hot rock burn. Soft skin remember.
Fresh Memory [threshold=0.38 eligible=7] (Recent): [User]: do you know about the stars (intensity=1.25)
Memory-Pull Policy: pull_fresh=false — SURE vote (conf=0.55) and no winning node requested context — fresh memory withheld
Lobe Curve (base × top = score):
  👑 reasoning: base=0.332 × top=0.387 = 0.3025 [hard_votes=1]
  · inquiry: base=0.524 × top=0.524 = 0.275 [hard_votes=1]
=========================================

Brain > --> Scanning specimens & looking for dialectical relations...
[ENGINE] ⚡  Attachment relay: 'node_7' fired via target 'node_6' (conf=0.55, connector="why think")
[ENGINE] 🔗  Attachment relay pass added 1 node(s) to expanded set.
[ORCHESTRATOR] 🎯 Lobe Curve (base × top = score):
  👑 reasoning: base=0.358 × top=0.407 = 0.3025 [hard_votes=1]
  · inquiry: base=0.465 × top=0.465 = 0.2165 [hard_votes=0]
--> 3 valid votes passed gate... compiling JIT superposition...

🤖 AIML Output Scaffold:
[Grug seek cause] Let me think with you. Trace from effect to source..
--- DEBUG TELEMETRY (orchestration internals, not for speech) ---
Mission: 'can you teach me about hunting'
Primary Action: analyze  (conf=0.55, certainty=SURE)
Sure Actions: [analyze]
Unsure Actions (Coinflip Side-Features): [None]
Constraints: [None]
Winning Node: node_7
Lobe Context: [reasoning (7/7 active (why | how does | think about))]
User Triples: None
Node Triples: (node_6, relay_attached, why think)
Anti-Match Detected: false
AIML Memory Bank:
Deep Memory (Pinned): [User_Pinned]: Grug speak plain. Grug not pretend smart. | [User_Pinned]: Many rocks compete. Loudest rock get to talk. | [User_Pinned]: Grug listen first, talk second. | [User_Pinned]: Grug speak plain. Grug not pretend smart. | [User_Pinned]: Many rocks compete. Loudest rock get to talk. | [User_Pinned]: Grug listen first, talk second. | [User_Pinned]: Tribe stronger than lone hunter. | [User_Pinned]: Hot rock burn. Soft skin remember.
Fresh Memory [threshold=0.38 eligible=7] (Recent): [User]: grug hits rock and makes fire (intensity=0.4)
Memory-Pull Policy: pull_fresh=false — SURE vote (conf=0.55) and no winning node requested context — fresh memory withheld
Lobe Curve (base × top = score):
  👑 reasoning: base=0.358 × top=0.407 = 0.3025 [hard_votes=1]
  · inquiry: base=0.465 × top=0.465 = 0.2165 [hard_votes=0]
=========================================

Brain > --> Scanning specimens & looking for dialectical relations...
[ORCHESTRATOR] 🎯 Lobe Curve (base × top = score):
  👑 planning: base=0.599 × top=0.599 = 0.3588 [hard_votes=1]
--> 1 valid votes passed gate... compiling JIT superposition...

🤖 AIML Output Scaffold:
[Grug weigh path] weigh path forward many possible step.
--- DEBUG TELEMETRY (orchestration internals, not for speech) ---
Mission: 'should we sleep now'
Primary Action: weigh path forward many possible step  (conf=0.6, certainty=SURE)
Sure Actions: [weigh path forward many possible step]
Unsure Actions (Coinflip Side-Features): [None]
Constraints: [None]
Winning Node: node_44
Lobe Context: [planning (3/3 active (should we | plan to | next step))]
User Triples: None
Node Triples: None
Anti-Match Detected: false
AIML Memory Bank:
Deep Memory (Pinned): [User_Pinned]: Grug speak plain. Grug not pretend smart. | [User_Pinned]: Many rocks compete. Loudest rock get to talk. | [User_Pinned]: Grug listen first, talk second. | [User_Pinned]: Grug speak plain. Grug not pretend smart. | [User_Pinned]: Many rocks compete. Loudest rock get to talk. | [User_Pinned]: Grug listen first, talk second. | [User_Pinned]: Tribe stronger than lone hunter. | [User_Pinned]: Hot rock burn. Soft skin remember.
Fresh Memory [threshold=0.38 eligible=6] (Recent): [User]: do you know about the stars (intensity=0.65) | [User]: should we sleep now (intensity=1.31)
Memory-Pull Policy: pull_fresh=true — winning node(s) requested context: node_44
Lobe Curve (base × top = score):
  👑 planning: base=0.599 × top=0.599 = 0.3588 [hard_votes=1]
=========================================

Brain > --> Scanning specimens & looking for dialectical relations...
[ORCHESTRATOR] 🎯 Lobe Curve (base × top = score):
  👑 planning: base=0.302 × top=0.302 = 0.0911 [hard_votes=0]
  · greeting: base=0.226 × top=0.226 = 0.0512 [hard_votes=0]
--> 1 valid votes passed gate... compiling JIT superposition...

🤖 AIML Output Scaffold:
[Grug plan] Let me think with you. three steps drawn in dirt before first foot move.
--- DEBUG TELEMETRY (orchestration internals, not for speech) ---
Mission: 'plan the morning hunt'
Primary Action: three steps drawn in dirt before first foot move  (conf=0.3, certainty=SURE)
Sure Actions: [three steps drawn in dirt before first foot move]
Unsure Actions (Coinflip Side-Features): [None]
Constraints: [None]
Winning Node: node_42
Lobe Context: [planning (3/3 active (should we | plan to | next step))]
User Triples: None
Node Triples: None
Anti-Match Detected: false
AIML Memory Bank:
Deep Memory (Pinned): [User_Pinned]: Grug speak plain. Grug not pretend smart. | [User_Pinned]: Many rocks compete. Loudest rock get to talk. | [User_Pinned]: Grug listen first, talk second. | [User_Pinned]: Grug speak plain. Grug not pretend smart. | [User_Pinned]: Many rocks compete. Loudest rock get to talk. | [User_Pinned]: Grug listen first, talk second. | [User_Pinned]: Tribe stronger than lone hunter. | [User_Pinned]: Hot rock burn. Soft skin remember.
Fresh Memory [threshold=0.38 eligible=7] (Recent): No recent sounds
Memory-Pull Policy: pull_fresh=true — winning node(s) requested context: node_42
Lobe Curve (base × top = score):
  👑 planning: base=0.302 × top=0.302 = 0.0911 [hard_votes=0]
  · greeting: base=0.226 × top=0.226 = 0.0512 [hard_votes=0]
=========================================

Brain > --> Scanning specimens & looking for dialectical relations...
[ORCHESTRATOR] 🎯 Lobe Curve (base × top = score):
  👑 planning: base=0.678 × top=0.678 = 0.4602 [hard_votes=1]
--> 1 valid votes passed gate... compiling JIT superposition...

🤖 AIML Output Scaffold:
[Grug pick step] one foot then other foot the trail makes itself.
--- DEBUG TELEMETRY (orchestration internals, not for speech) ---
Mission: 'next step is sharpening'
Primary Action: one foot then other foot the trail makes itself  (conf=0.68, certainty=SURE)
Sure Actions: [one foot then other foot the trail makes itself]
Unsure Actions (Coinflip Side-Features): [None]
Constraints: [None]
Winning Node: node_43
Lobe Context: [planning (3/3 active (should we | plan to | next step))]
User Triples: (step, is, sharpening)
Node Triples: None
Anti-Match Detected: false
AIML Memory Bank:
Deep Memory (Pinned): [User_Pinned]: Grug speak plain. Grug not pretend smart. | [User_Pinned]: Many rocks compete. Loudest rock get to talk. | [User_Pinned]: Grug listen first, talk second. | [User_Pinned]: Grug speak plain. Grug not pretend smart. | [User_Pinned]: Many rocks compete. Loudest rock get to talk. | [User_Pinned]: Grug listen first, talk second. | [User_Pinned]: Tribe stronger than lone hunter. | [User_Pinned]: Hot rock burn. Soft skin remember.
Fresh Memory [threshold=0.38 eligible=5] (Recent): [System]: Mission "plan the morning hunt" → primary=three steps drawn in dirt before first foot move conf=0.3 node=node_42 (intensity=0.67) | [User]: next step is sharpening (intensity=1.72)
Memory-Pull Policy: pull_fresh=true — winning node(s) requested context: node_43
Lobe Curve (base × top = score):
  👑 planning: base=0.678 × top=0.678 = 0.4602 [hard_votes=1]
=========================================

Brain > --> Scanning specimens & looking for dialectical relations...
--> No valid specimens found for this input. Cave is silent.

Brain > 👁  Arousal set to 0.5. Eye system updated.

Brain > --> Scanning specimens & looking for dialectical relations...
[ENGINE] ⚡  Attachment relay: 'node_7' fired via target 'node_6' (conf=0.55, connector="why think")
[ENGINE] 🔗  Attachment relay pass added 1 node(s) to expanded set.
[ORCHESTRATOR] 🎯 Lobe Curve (base × top = score):
  👑 reasoning: base=0.266 × top=0.348 = 0.3025 [hard_votes=1]
  · nature: base=0.436 × top=0.436 = 0.1899 [hard_votes=0]
  · explanation: base=0.292 × top=0.344 = 0.1184 [hard_votes=0]
--> 3 valid votes passed gate... compiling JIT superposition...

🤖 AIML Output Scaffold:
[Grug seek cause] Here is the picture: Trace from effect to source..
--- DEBUG TELEMETRY (orchestration internals, not for speech) ---
Mission: 'tell me a story about the river bending past the old tree'
Primary Action: reason  (conf=0.55, certainty=SURE)
Sure Actions: [reason]
Unsure Actions (Coinflip Side-Features): [None]
Constraints: [None]
Winning Node: node_7
Lobe Context: [reasoning (7/7 active (why | how does | think about))]
User Triples: None
Node Triples: (node_6, relay_attached, why think)
Anti-Match Detected: false
AIML Memory Bank:
Deep Memory (Pinned): [User_Pinned]: Grug speak plain. Grug not pretend smart. | [User_Pinned]: Many rocks compete. Loudest rock get to talk. | [User_Pinned]: Grug listen first, talk second. | [User_Pinned]: Grug speak plain. Grug not pretend smart. | [User_Pinned]: Many rocks compete. Loudest rock get to talk. | [User_Pinned]: Grug listen first, talk second. | [User_Pinned]: Tribe stronger than lone hunter. | [User_Pinned]: Hot rock burn. Soft skin remember.
Fresh Memory [threshold=0.38 eligible=6] (Recent): [User]: grug wants quiet now (intensity=0.64) | [User]: tell me a story about the river bending past the old tree (intensity=1.27)
Memory-Pull Policy: pull_fresh=false — SURE vote (conf=0.55) and no winning node requested context — fresh memory withheld
Lobe Curve (base × top = score):
  👑 reasoning: base=0.266 × top=0.348 = 0.3025 [hard_votes=1]
  · nature: base=0.436 × top=0.436 = 0.1899 [hard_votes=0]
  · explanation: base=0.292 × top=0.344 = 0.1184 [hard_votes=0]
=========================================

Brain > --> Scanning specimens & looking for dialectical relations...
--> No valid specimens found for this input. Cave is silent.

Brain > --> Scanning specimens & looking for dialectical relations...
--> No valid specimens found for this input. Cave is silent.

Brain > --> Scanning specimens & looking for dialectical relations...
--> No valid specimens found for this input. Cave is silent.

Brain > --> Scanning specimens & looking for dialectical relations...
--> No valid specimens found for this input. Cave is silent.

Brain > [ENGINE] ✅ /right: contributors=1 rewarded=1 double_skip=0 coinflip_miss=0 grave_skip=0
✅ /right applied. 1 contributor(s) processed: 1 rewarded, 0 skipped (already gained), 0 missed coinflip.
   ↳ context intensity nudged up on 10 message(s) used last cycle.

Brain > --> Scanning specimens & looking for dialectical relations...
--> No valid specimens found for this input. Cave is silent.

Brain > !!! SYSTEM ERROR: ErrorException("!!! FATAL: /decrystalize: node 'node_18' is not a member of lobe 'comfort'. Lobe members: [node_15, node_16, node_17, node_35, node_36, node_37, node_38]. !!!") !!!

Stacktrace:
 [1] error(s::String)
   @ Base ./error.jl:35
 [2] _assert_node_in_lobe(lobe_id::String, node_id::String, cmd::String)
   @ GrugBot420 /workspace/grugbot420_repo/src/Main.jl:4599
 [3] run_cli()
   @ GrugBot420 /workspace/grugbot420_repo/src/Main.jl:5737
 [4] top-level scope
   @ none:1
 [5] eval
   @ ./boot.jl:385 [inlined]
 [6] exec_options(opts::Base.JLOptions)
   @ Base ./client.jl:291
 [7] _start()
   @ Base ./client.jl:552

Brain > === ATTACHMENT MAP (3 targets with attachments) ===
  🎯 node_10 (1/4 attached):
      🔗 node_11 [ALIVE str=2.0] | base_conf=0.05 | connector="danger run"
  🎯 node_3 (2/4 attached):
      🔗 node_4 [ALIVE str=2.0] | base_conf=0.383 | connector="morning hello"
      🔗 node_5 [ALIVE str=2.0] | base_conf=0.05 | connector="casual hello"
  🎯 node_6 (2/4 attached):
      🔗 node_7 [ALIVE str=10.0] | base_conf=0.55 | connector="why think"
      🔗 node_8 [ALIVE str=3.0] | base_conf=0.05 | connector="think mechanism"

Brain > !!! SYSTEM ERROR: ErrorException("!!! FATAL: /nodeDetach: node 'node_33' is not a member of lobe 'planning'. Lobe members: [node_42, node_43, node_44]. !!!") !!!

Stacktrace:
 [1] error(s::String)
   @ Base ./error.jl:35
 [2] _assert_node_in_lobe(lobe_id::String, node_id::String, cmd::String)
   @ GrugBot420 /workspace/grugbot420_repo/src/Main.jl:4599
 [3] run_cli()
   @ GrugBot420 /workspace/grugbot420_repo/src/Main.jl:5614
 [4] top-level scope
   @ none:1
 [5] eval
   @ ./boot.jl:385 [inlined]
 [6] exec_options(opts::Base.JLOptions)
   @ Base ./client.jl:291
 [7] _start()
   @ Base ./client.jl:552

Brain > === ATTACHMENT MAP (3 targets with attachments) ===
  🎯 node_10 (1/4 attached):
      🔗 node_11 [ALIVE str=2.0] | base_conf=0.05 | connector="danger run"
  🎯 node_3 (2/4 attached):
      🔗 node_4 [ALIVE str=2.0] | base_conf=0.383 | connector="morning hello"
      🔗 node_5 [ALIVE str=2.0] | base_conf=0.05 | connector="casual hello"
  🎯 node_6 (2/4 attached):
      🔗 node_7 [ALIVE str=10.0] | base_conf=0.55 | connector="why think"
      🔗 node_8 [ALIVE str=3.0] | base_conf=0.05 | connector="think mechanism"

Brain > --> Grug freezing entire cave to specimen file...

╔══════════════════════════════════════════════════════════════╗
║            🧊 SPECIMEN SAVED SUCCESSFULLY                    ║
╠══════════════════════════════════════════════════════════════╣
  📁  File             : /workspace/grug_test/kitchen_sink_v14_prose/kitchen_sink_post_run.specimen.gz
  📦  JSON size        : 259615 bytes
  🗜️   Compressed size  : 36331 bytes (86.0% smaller)
  ⏱️   Time             : 0.46s
  ─────────────────────────────────────────────
  🌱  Nodes            : 66
  🧠  Lobes            : 14
  📋  Lobe tables      : 14
  ⚡  Hopfield entries  : 0
  ⚙️   Rules            : 0
  💬  Messages         : 296
  🔧  Verb classes     : 6
  🔤  Thesaurus words  : 499
  🚫  Inhibitions      : 0
  🔗  Attachments      : 5
  🔮  Trajectory entries : 0
  🕐  Temporal coherence : 0
  ⏳  Morph cooldowns    : 0
  🤖  AIML nodes       : 0
  👁   Arousal          : 0.85
╚══════════════════════════════════════════════════════════════╝

Brain > === LOBE REGISTRY (14 lobes, 66 nodes indexed) ===
  alert | subject='warn caution notify danger flag' | nodes=5/20000 | fires=0 | inhibits=0 | connected=[survival] | tbl[nodes=5 json=17 drop=9 hopf=0]
  celebration | subject='celebrate joy happy glad cheerful' | nodes=3/20000 | fires=0 | inhibits=0 | connected=[none] | tbl[nodes=3 json=15 drop=9 hopf=0]
  comfort | subject='comfort support validate reassure care' | nodes=7/20000 | fires=0 | inhibits=0 | connected=[greeting] | tbl[nodes=7 json=34 drop=14 hopf=0]
  craft | subject='tool make build hammer carve' | nodes=3/20000 | fires=0 | inhibits=0 | connected=[none] | tbl[nodes=3 json=17 drop=8 hopf=0]
  default | subject='general thinking reasoning conversation greeting' | nodes=3/20000 | fires=0 | inhibits=0 | connected=[none] | tbl[nodes=3 json=0 drop=0 hopf=0]
  explanation | subject='explain clarify describe define teach' | nodes=7/20000 | fires=0 | inhibits=0 | connected=[reasoning] | tbl[nodes=7 json=23 drop=24 hopf=0]
  greeting | subject='hello hi greet welcome conversation' | nodes=6/20000 | fires=0 | inhibits=0 | connected=[comfort] | tbl[nodes=6 json=19 drop=10 hopf=0]
  inquiry | subject='ask question wonder curious learn' | nodes=3/20000 | fires=0 | inhibits=0 | connected=[none] | tbl[nodes=3 json=15 drop=11 hopf=0]
  knowledge | subject='fire water wolf rock food' | nodes=5/20000 | fires=0 | inhibits=0 | connected=[none] | tbl[nodes=5 json=30 drop=16 hopf=0]
  memory | subject='remember recall past history' | nodes=3/20000 | fires=0 | inhibits=0 | connected=[none] | tbl[nodes=3 json=16 drop=9 hopf=0]
  nature | subject='sky river tree wind animal' | nodes=4/20000 | fires=0 | inhibits=0 | connected=[none] | tbl[nodes=4 json=24 drop=12 hopf=0]
  planning | subject='plan strategy goal future intend' | nodes=3/20000 | fires=0 | inhibits=0 | connected=[none] | tbl[nodes=3 json=15 drop=9 hopf=0]
  reasoning | subject='think reason analyze ponder logic' | nodes=7/20000 | fires=0 | inhibits=0 | connected=[explanation] | tbl[nodes=7 json=23 drop=18 hopf=0]
  survival | subject='flee hide fight danger threat' | nodes=7/20000 | fires=0 | inhibits=0 | connected=[alert] | tbl[nodes=7 json=27 drop=15 hopf=0]

Brain > ╔══════════════════════════════════════════════════╗
║              GRUGBOT SYSTEM STATUS               ║
╠══════════════════════════════════════════════════╣
║  ENGINE                                          ║
  Nodes in cave   : 66
  Hopfield cache  : 0 entries
  Memory messages : 297
  Est. memory use : ~211 KB
  Trajectory buf  : 0 entries
  Temporal coher  : 0 entries
  Morph cooldowns : 0 active
  Current arousal : 0.85
  Last input ago  : 0.0s
║  LOBES                                           ║
  Lobes registered: 14
  Nodes in lobes  : 66
  Top lobe (fires): explanation (0 fires)
║  BRAINSTEM                                       ║
  Dispatches run  : 0
  Last winner     : none
  Propagations    : 0
  Is dispatching  : false
║  CHATTER                                         ║
  Chatter running : false
  Input queue     : 0 pending
  Sessions run    : 0
║  AIML NODE TRIBES                                ║
┌ Warning: Replacing docs for `GrugBot420.words_to_signal :: Tuple{String}` in module `GrugBot420`
└ @ Base.Docs docs/Docs.jl:243
┌ Warning: Replacing docs for `GrugBot420.rewrite_passive_mission :: Tuple{String}` in module `GrugBot420`
└ @ Base.Docs docs/Docs.jl:243
┌ Warning: Replacing docs for `GrugBot420.extract_relational_triples :: Tuple{String}` in module `GrugBot420`
└ @ Base.Docs docs/Docs.jl:243
┌ Warning: Replacing docs for `GrugBot420.extract_dynamic_relational_triples :: Tuple{String, Int64}` in module `GrugBot420`
└ @ Base.Docs docs/Docs.jl:243
┌ Warning: Replacing docs for `GrugBot420.evaluate_relational_dialectics :: Tuple{Vector{GrugBot420.RelationalTriple}, Vector{GrugBot420.RelationalTriple}, Vector{String}, Dict{String, Float64}}` in module `GrugBot420`
└ @ Base.Docs docs/Docs.jl:243
┌ Warning: Replacing docs for `GrugBot420.hopfield_input_hash :: Tuple{String}` in module `GrugBot420`
└ @ Base.Docs docs/Docs.jl:243
┌ Warning: Replacing docs for `GrugBot420.hopfield_lookup :: Tuple{UInt64}` in module `GrugBot420`
└ @ Base.Docs docs/Docs.jl:243
┌ Warning: Replacing docs for `GrugBot420.hopfield_record! :: Tuple{UInt64, Vector{String}}` in module `GrugBot420`
└ @ Base.Docs docs/Docs.jl:243
┌ Warning: Replacing docs for `GrugBot420.is_nonjitter :: Tuple{GrugBot420.Node}` in module `GrugBot420`
└ @ Base.Docs docs/Docs.jl:243
┌ Warning: Replacing docs for `GrugBot420.set_nonjitter! :: Tuple{GrugBot420.Node}` in module `GrugBot420`
└ @ Base.Docs docs/Docs.jl:243
┌ Warning: Replacing docs for `GrugBot420.clear_nonjitter! :: Tuple{GrugBot420.Node}` in module `GrugBot420`
└ @ Base.Docs docs/Docs.jl:243
┌ Warning: Replacing docs for `GrugBot420.collect_nonjitter_ids :: Tuple{}` in module `GrugBot420`
└ @ Base.Docs docs/Docs.jl:243
┌ Warning: Replacing docs for `GrugBot420.jitter_allowed_for :: Tuple{GrugBot420.Node, Float64}` in module `GrugBot420`
└ @ Base.Docs docs/Docs.jl:243
┌ Warning: Replacing docs for `GrugBot420.is_solidified :: Tuple{GrugBot420.Node}` in module `GrugBot420`
└ @ Base.Docs docs/Docs.jl:243
┌ Warning: Replacing docs for `GrugBot420.check_solidify_threshold! :: Tuple{GrugBot420.Node}` in module `GrugBot420`
└ @ Base.Docs docs/Docs.jl:243
┌ Warning: Replacing docs for `GrugBot420.bump_strength! :: Tuple{GrugBot420.Node}` in module `GrugBot420`
└ @ Base.Docs docs/Docs.jl:243
┌ Warning: Replacing docs for `GrugBot420.penalize_strength! :: Tuple{GrugBot420.Node}` in module `GrugBot420`
└ @ Base.Docs docs/Docs.jl:243
┌ Warning: Replacing docs for `GrugBot420.mark_node_grave! :: Tuple{GrugBot420.Node, String}` in module `GrugBot420`
└ @ Base.Docs docs/Docs.jl:243
┌ Warning: Replacing docs for `GrugBot420.mark_node_contributor! :: Tuple{GrugBot420.Node}` in module `GrugBot420`
└ @ Base.Docs docs/Docs.jl:243
┌ Warning: Replacing docs for `GrugBot420.try_link_nodes! :: Tuple{GrugBot420.Node, GrugBot420.Node}` in module `GrugBot420`
└ @ Base.Docs docs/Docs.jl:243
┌ Warning: Replacing docs for `GrugBot420.find_best_latch_target :: Tuple{GrugBot420.Node}` in module `GrugBot420`
└ @ Base.Docs docs/Docs.jl:243
┌ Warning: Replacing docs for `GrugBot420._token_overlap_similarity :: Tuple{String, String}` in module `GrugBot420`
└ @ Base.Docs docs/Docs.jl:243
┌ Warning: Replacing docs for `GrugBot420.next_group_id :: Tuple{}` in module `GrugBot420`
└ @ Base.Docs docs/Docs.jl:243
┌ Warning: Replacing docs for `GrugBot420.register_group! :: Tuple{GrugBot420.Node}` in module `GrugBot420`
└ @ Base.Docs docs/Docs.jl:243
┌ Warning: Replacing docs for `GrugBot420.add_to_group! :: Tuple{GrugBot420.NodeGroup, String}` in module `GrugBot420`
└ @ Base.Docs docs/Docs.jl:243
┌ Warning: Replacing docs for `GrugBot420.mark_group_grave_slot! :: Tuple{String}` in module `GrugBot420`
└ @ Base.Docs docs/Docs.jl:243
┌ Warning: Replacing docs for `GrugBot420.group_for :: Tuple{String}` in module `GrugBot420`
└ @ Base.Docs docs/Docs.jl:243
┌ Warning: Replacing docs for `GrugBot420.chatter_cooldown_remaining :: Tuple{String}` in module `GrugBot420`
└ @ Base.Docs docs/Docs.jl:243
┌ Warning: Replacing docs for `GrugBot420.stamp_chatter! :: Tuple{String}` in module `GrugBot420`
└ @ Base.Docs docs/Docs.jl:243
┌ Warning: Replacing docs for `GrugBot420.attach_node! :: Tuple{String, String, String}` in module `GrugBot420`
└ @ Base.Docs docs/Docs.jl:243
┌ Warning: Replacing docs for `GrugBot420.detach_node! :: Tuple{String, String}` in module `GrugBot420`
└ @ Base.Docs docs/Docs.jl:243
┌ Warning: Replacing docs for `GrugBot420.fire_attachments! :: Tuple{String, Int64, Int64}` in module `GrugBot420`
└ @ Base.Docs docs/Docs.jl:243
┌ Warning: Replacing docs for `GrugBot420.get_attachment_summary :: Tuple{}` in module `GrugBot420`
└ @ Base.Docs docs/Docs.jl:243
┌ Warning: Replacing docs for `GrugBot420.get_attachments_for_target :: Tuple{String}` in module `GrugBot420`
└ @ Base.Docs docs/Docs.jl:243
┌ Warning: Replacing docs for `GrugBot420.crystalize_attachment! :: Tuple{String, String}` in module `GrugBot420`
└ @ Base.Docs docs/Docs.jl:243
┌ Warning: Replacing docs for `GrugBot420.decrystalize_attachment! :: Tuple{String, String}` in module `GrugBot420`
└ @ Base.Docs docs/Docs.jl:243
┌ Warning: Replacing docs for `GrugBot420._semantic_truth_score :: Tuple{Any}` in module `GrugBot420`
└ @ Base.Docs docs/Docs.jl:243
┌ Warning: Replacing docs for `GrugBot420.auto_crystalize_sweep! :: Tuple{}` in module `GrugBot420`
└ @ Base.Docs docs/Docs.jl:243
┌ Warning: Replacing docs for `GrugBot420.is_crystalized :: Tuple{String, String}` in module `GrugBot420`
└ @ Base.Docs docs/Docs.jl:243
┌ Warning: Replacing docs for `GrugBot420._sdf_signal_similarity :: Tuple{Vector{Float64}, Vector{Float64}}` in module `GrugBot420`
└ @ Base.Docs docs/Docs.jl:243
┌ Warning: Replacing docs for `GrugBot420.attach_image_node! :: Tuple{String, String, Vector{UInt8}, Int64, Int64}` in module `GrugBot420`
└ @ Base.Docs docs/Docs.jl:243
┌ Warning: Replacing docs for `GrugBot420.reset_throttle! :: Tuple{GrugBot420.Node, Float64}` in module `GrugBot420`
└ @ Base.Docs docs/Docs.jl:243
┌ Warning: Replacing docs for `GrugBot420.create_node :: Tuple{String, String, Dict, Vector{String}}` in module `GrugBot420`
└ @ Base.Docs docs/Docs.jl:243
┌ Warning: Replacing docs for `GrugBot420.parse_action_packet :: Tuple{String}` in module `GrugBot420`
└ @ Base.Docs docs/Docs.jl:243
┌ Warning: Replacing docs for `GrugBot420.select_action :: Tuple{String}` in module `GrugBot420`
└ @ Base.Docs docs/Docs.jl:243
┌ Warning: Replacing docs for `GrugBot420.screen_input_complexity :: Tuple{Vector{Float64}, Vector{GrugBot420.RelationalTriple}}` in module `GrugBot420`
└ @ Base.Docs docs/Docs.jl:243
┌ Warning: Replacing docs for `GrugBot420._effective_scan_mode :: Tuple{Int64, Vector{Float64}}` in module `GrugBot420`
└ @ Base.Docs docs/Docs.jl:243
┌ Warning: Replacing docs for `GrugBot420._bidirectional_cheap_scan :: Tuple{Vector{Float64}, Vector{Float64}}` in module `GrugBot420`
└ @ Base.Docs docs/Docs.jl:243
┌ Warning: Replacing docs for `GrugBot420.collect_drop_table_neighbors :: Tuple{GrugBot420.Node}` in module `GrugBot420`
└ @ Base.Docs docs/Docs.jl:243
┌ Warning: Replacing docs for `GrugBot420.strength_biased_scan_coinflip :: Tuple{GrugBot420.Node}` in module `GrugBot420`
└ @ Base.Docs docs/Docs.jl:243
┌ Warning: Replacing docs for `GrugBot420.scan_specimens :: Tuple{String}` in module `GrugBot420`
└ @ Base.Docs docs/Docs.jl:243
┌ Warning: Replacing docs for `GrugBot420.scan_and_expand :: Tuple{String}` in module `GrugBot420`
└ @ Base.Docs docs/Docs.jl:243
┌ Warning: Replacing docs for `GrugBot420.cast_vote :: NTuple{5, Any}` in module `GrugBot420`
└ @ Base.Docs docs/Docs.jl:243
┌ Warning: Replacing docs for `GrugBot420.cast_explicit_vote :: Tuple{String, String}` in module `GrugBot420`
└ @ Base.Docs docs/Docs.jl:243
┌ Warning: Replacing docs for `GrugBot420.apply_right_feedback! :: Tuple{Vector{String}}` in module `GrugBot420`
└ @ Base.Docs docs/Docs.jl:243
┌ Warning: Replacing docs for `GrugBot420.ensure_action_packet_registered! :: Tuple{AbstractString}` in module `GrugBot420`
└ @ Base.Docs docs/Docs.jl:243
┌ Warning: Replacing docs for `GrugBot420.grow_nodes_from_packet :: Tuple{String}` in module `GrugBot420`
└ @ Base.Docs docs/Docs.jl:243
┌ Warning: Replacing docs for `GrugBot420.get_node_status_summary :: Tuple{}` in module `GrugBot420`
└ @ Base.Docs docs/Docs.jl:243
┌ Warning: Replacing docs for `GrugBot420.add_orchestration_rule! :: Tuple{String}` in module `GrugBot420`
└ @ Base.Docs docs/Docs.jl:243
┌ Warning: Replacing docs for `GrugBot420.count_alive_nodes_in_lobe :: Tuple{String}` in module `GrugBot420`
└ @ Base.Docs docs/Docs.jl:243
[ Info: [ENGINE] 🔮 Action=ACTION_SPECULATE | Tone=TONE_NEUTRAL | Conf=0.36 | ArousalNudge=0.0 | Weight=1.07 [FALLBACK] [FRAME=contemplative/basic]
┌ Warning: [ENGINE] BUG-004: pattern longer than input — using cheap bidirectional scan.
│   node_id = "node_3"
│   pattern_len = 2
│   input_len = 1
└ @ GrugBot420 /workspace/grugbot420_repo/src/engine.jl:2963
┌ Warning: [ENGINE] BUG-004: pattern longer than input — using cheap bidirectional scan.
│   node_id = "node_0"
│   pattern_len = 4
│   input_len = 1
└ @ GrugBot420 /workspace/grugbot420_repo/src/engine.jl:2963
┌ Warning: [ENGINE] BUG-004: pattern longer than input — using cheap bidirectional scan.
│   node_id = "node_20"
│   pattern_len = 2
│   input_len = 1
└ @ GrugBot420 /workspace/grugbot420_repo/src/engine.jl:2963
[ Info: [ENGINE] 🔮 Action=ACTION_SPECULATE | Tone=TONE_NEUTRAL | Conf=0.3 | ArousalNudge=0.0 | Weight=1.06 [FALLBACK] [FRAME=contemplative/basic]
[ Info: [ENGINE] 🔮 Action=ACTION_SPECULATE | Tone=TONE_NEUTRAL | Conf=0.34 | ArousalNudge=0.0 | Weight=1.07 [FALLBACK] [FRAME=contemplative/basic]
[ Info: [ENGINE] 🔮 Action=ACTION_COMMAND | Tone=TONE_NEUTRAL | Conf=0.64 | ArousalNudge=0.0 | Weight=1.32 [FALLBACK] [FRAME=imperative/basic]
[ Info: [ENGINE] 🔮 Action=ACTION_QUERY | Tone=TONE_NEUTRAL | Conf=0.36 | ArousalNudge=0.0 | Weight=1.21 [FALLBACK] [FRAME=exploratory/basic]
[ Info: [ENGINE] 🔮 Action=ACTION_QUERY | Tone=TONE_CURIOUS | Conf=0.57 | ArousalNudge=0.0 | Weight=1.34 [FRAME=exploratory/basic]
┌ Warning: [ENGINE] BUG-004: pattern longer than input — using cheap bidirectional scan.
│   node_id = "node_2"
│   pattern_len = 6
│   input_len = 3
└ @ GrugBot420 /workspace/grugbot420_repo/src/engine.jl:2963
[ Info: [ENGINE] 🔮 Action=ACTION_QUERY | Tone=TONE_CURIOUS | Conf=0.53 | ArousalNudge=0.0 | Weight=1.32 [FRAME=exploratory/basic]
[ Info: [ENGINE] 🔮 Action=ACTION_QUERY | Tone=TONE_CURIOUS | Conf=0.54 | ArousalNudge=0.0 | Weight=1.32 [FRAME=exploratory/basic]
[ Info: [ENGINE] 🔮 Action=ACTION_QUERY | Tone=TONE_CURIOUS | Conf=0.54 | ArousalNudge=0.0 | Weight=1.32 [FRAME=exploratory/basic]
[ Info: [ENGINE] 🔮 Action=ACTION_QUERY | Tone=TONE_CURIOUS | Conf=0.52 | ArousalNudge=0.0 | Weight=1.31 [FRAME=exploratory/basic]
[ Info: [ENGINE] 🔮 Action=ACTION_COMMAND | Tone=TONE_NEUTRAL | Conf=1.0 | ArousalNudge=0.0 | Weight=1.5 [FALLBACK] [FRAME=imperative/basic]
[ Info: [PREDICTOR] 👁  Arousal nudged 0.3 → 0.55 (TONE_URGENT)
[ Info: [ENGINE] 🔮 Action=ACTION_COMMAND | Tone=TONE_URGENT | Conf=0.85 | ArousalNudge=0.25 | Weight=1.43 [FRAME=imperative/rel]
[ Info: [ENGINE] 🔮 Action=ACTION_COMMAND | Tone=TONE_NEUTRAL | Conf=0.45 | ArousalNudge=0.0 | Weight=1.22 [FALLBACK] [FRAME=imperative/basic]
┌ Warning: [MAIN v7.16 synthesis] Every synonym of 'heat' is inhibited (neg thesaurus or node drop_table). Emitting original to preserve content.
└ @ GrugBot420 /workspace/grugbot420_repo/src/Main.jl:1645
[ Info: [ENGINE] 🔮 Action=ACTION_SPECULATE | Tone=TONE_NEUTRAL | Conf=0.37 | ArousalNudge=0.0 | Weight=1.07 [FALLBACK] [FRAME=contemplative/basic]
[ Info: [PREDICTOR] 👁  Arousal nudged 0.55 → 0.8 (TONE_URGENT)
[ Info: [ENGINE] 🔮 Action=ACTION_COMMAND | Tone=TONE_URGENT | Conf=0.57 | ArousalNudge=0.25 | Weight=1.29 [FRAME=imperative/rel]
[ Info: [PREDICTOR] 👁  Arousal nudged 0.8 → 0.65 (TONE_REFLECTIVE)
[ Info: [ENGINE] 🔮 Action=ACTION_SPECULATE | Tone=TONE_REFLECTIVE | Conf=0.58 | ArousalNudge=-0.15 | Weight=1.12 [FRAME=contemplative/rel]
[ Info: [PREDICTOR] 👁  Arousal nudged 0.65 → 0.5 (TONE_REFLECTIVE)
[ Info: [ENGINE] 🔮 Action=ACTION_SPECULATE | Tone=TONE_REFLECTIVE | Conf=0.58 | ArousalNudge=-0.15 | Weight=1.12 [FRAME=contemplative/rel]
[ Info: [PREDICTOR] 👁  Arousal nudged 0.5 → 0.35 (TONE_REFLECTIVE)
[ Info: [ENGINE] 🔮 Action=ACTION_SPECULATE | Tone=TONE_REFLECTIVE | Conf=0.14 | ArousalNudge=-0.15 | Weight=1.03 [FRAME=contemplative/rel]
[ Info: [PREDICTOR] 👁  Arousal nudged 0.35 → 0.2 (TONE_REFLECTIVE)
[ Info: [ENGINE] 🔮 Action=ACTION_SPECULATE | Tone=TONE_REFLECTIVE | Conf=0.56 | ArousalNudge=-0.15 | Weight=1.11 [FRAME=contemplative/rel]
[ Info: [PREDICTOR] 👁  Arousal nudged 0.2 → 0.55 (TONE_HOSTILE)
[ Info: [ENGINE] 🔮 Action=ACTION_NEGATE | Tone=TONE_HOSTILE | Conf=0.54 | ArousalNudge=0.35 | Weight=1.16 [FRAME=de-escalating/rel]
[ Info: [PREDICTOR] 👁  Arousal nudged 0.55 → 0.9 (TONE_HOSTILE)
[ Info: [ENGINE] 🔮 Action=ACTION_NEGATE | Tone=TONE_HOSTILE | Conf=0.12 | ArousalNudge=0.35 | Weight=1.04 [FRAME=de-escalating/rel]
[ Info: [PREDICTOR] 👁  Arousal nudged 0.9 → 1.0 (TONE_HOSTILE)
[ Info: [ENGINE] 🔮 Action=ACTION_COMMAND | Tone=TONE_HOSTILE | Conf=0.12 | ArousalNudge=0.35 | Weight=1.06 [FRAME=de-escalating/rel]
[ Info: [PREDICTOR] 👁  Arousal nudged 1.0 → 1.0 (TONE_HOSTILE)
[ Info: [ENGINE] 🔮 Action=ACTION_NEGATE | Tone=TONE_HOSTILE | Conf=0.12 | ArousalNudge=0.35 | Weight=1.04 [FRAME=de-escalating/rel]
[ Info: [PREDICTOR] 👁  Arousal nudged 1.0 → 1.0 (TONE_HOSTILE)
[ Info: [ENGINE] 🔮 Action=ACTION_QUERY | Tone=TONE_HOSTILE | Conf=1.0 | ArousalNudge=0.35 | Weight=1.6 [FRAME=de-escalating/rel]
[ Info: [PREDICTOR] 👁  Arousal nudged 1.0 → 1.0 (TONE_HOSTILE)
[ Info: [ENGINE] 🔮 Action=ACTION_QUERY | Tone=TONE_HOSTILE | Conf=1.0 | ArousalNudge=0.35 | Weight=1.6 [FRAME=de-escalating/rel]
[ Info: [PREDICTOR] 🌀 Per-query Gini damping active — action_gini=0.832, tone_gini=0.803
[ Info: [PREDICTOR] 🌀 Per-query Gini damping active — action_gini=0.832, tone_gini=0.804
[ Info: [ENGINE] 🔮 Action=ACTION_QUERY | Tone=TONE_CURIOUS | Conf=1.0 | ArousalNudge=0.0 | Weight=1.6 [LORENZ-DAMPED] [FRAME=exploratory/basic]
[ Info: [PREDICTOR] 🌀 Per-query Gini damping active — action_gini=0.811, tone_gini=0.564
[ Info: [PREDICTOR] 👁  Arousal nudged 1.0 → 1.0 (TONE_URGENT)
[ Info: [PREDICTOR] 🌀 Per-query Gini damping active — action_gini=0.811, tone_gini=0.563
[ Info: [ENGINE] 🔮 Action=ACTION_ESCALATE | Tone=TONE_URGENT | Conf=1.0 | ArousalNudge=0.45 | Weight=1.7 [LORENZ-DAMPED] [FRAME=imperative/rel]
[ Info: [ENGINE] 🔮 Action=ACTION_SPECULATE | Tone=TONE_NEUTRAL | Conf=0.12 | ArousalNudge=0.0 | Weight=1.02 [FALLBACK] [FRAME=contemplative/basic]
[ Info: [ENGINE] 🔮 Action=ACTION_SPECULATE | Tone=TONE_NEUTRAL | Conf=1.0 | ArousalNudge=0.0 | Weight=1.2 [FALLBACK] [FRAME=contemplative/basic]
[ Info: [ENGINE] 🔮 Action=ACTION_SPECULATE | Tone=TONE_NEUTRAL | Conf=1.0 | ArousalNudge=0.0 | Weight=1.2 [FALLBACK] [FRAME=contemplative/basic]
[ Info: [ENGINE] 🔮 Action=ACTION_NEGATE | Tone=TONE_NEUTRAL | Conf=0.46 | ArousalNudge=0.0 | Weight=1.14 [FALLBACK] [FRAME=terse/basic]
[ Info: [ENGINE] 🔮 Action=ACTION_SPECULATE | Tone=TONE_NEUTRAL | Conf=0.49 | ArousalNudge=0.0 | Weight=1.1 [FALLBACK] [FRAME=contemplative/basic]
[ Info: [ENGINE] 🔮 Action=ACTION_SPECULATE | Tone=TONE_NEUTRAL | Conf=1.0 | ArousalNudge=0.0 | Weight=1.2 [FALLBACK] [FRAME=contemplative/basic]
[ Info: [ENGINE] 🔮 Action=ACTION_SPECULATE | Tone=TONE_NEUTRAL | Conf=0.23 | ArousalNudge=0.0 | Weight=1.05 [FALLBACK] [FRAME=contemplative/basic]
[ Info: [ENGINE] 🔮 Action=ACTION_COMMAND | Tone=TONE_NEUTRAL | Conf=0.79 | ArousalNudge=0.0 | Weight=1.4 [FALLBACK] [FRAME=imperative/basic]
[ Info: [ENGINE] 🔮 Action=ACTION_COMMAND | Tone=TONE_NEUTRAL | Conf=0.52 | ArousalNudge=0.0 | Weight=1.26 [FALLBACK] [FRAME=imperative/basic]
[ Info: [ENGINE] 🔮 Action=ACTION_SPECULATE | Tone=TONE_NEUTRAL | Conf=0.12 | ArousalNudge=0.0 | Weight=1.02 [FALLBACK] [FRAME=contemplative/basic]
[ Info: [ENGINE] 🔮 Action=ACTION_SPECULATE | Tone=TONE_NEUTRAL | Conf=0.52 | ArousalNudge=0.0 | Weight=1.1 [FALLBACK] [FRAME=contemplative/basic]
[ Info: [ENGINE] 🔮 Action=ACTION_COMMAND | Tone=TONE_NEUTRAL | Conf=0.68 | ArousalNudge=0.0 | Weight=1.34 [FRAME=imperative/basic]
[ Info: [ENGINE] 🔮 Action=ACTION_COMMAND | Tone=TONE_NEUTRAL | Conf=0.68 | ArousalNudge=0.0 | Weight=1.34 [FRAME=imperative/basic]
[ Info: [ENGINE] 🔮 Action=ACTION_COMMAND | Tone=TONE_NEUTRAL | Conf=0.75 | ArousalNudge=0.0 | Weight=1.37 [dangling: 'near'] [FALLBACK] [FRAME=contemplative/rel]
┌ Warning: [ENGINE] Incomplete causal chain detected (dangling verb: 'near'). Input may be truncated.
└ @ GrugBot420 /workspace/grugbot420_repo/src/engine.jl:2816
[ Info: [ENGINE] 🔮 Action=ACTION_QUERY | Tone=TONE_CURIOUS | Conf=0.52 | ArousalNudge=0.0 | Weight=1.31 [FRAME=exploratory/basic]
[ Info: [ENGINE] 🔮 Action=ACTION_QUERY | Tone=TONE_CURIOUS | Conf=0.51 | ArousalNudge=0.0 | Weight=1.31 [FRAME=exploratory/basic]
[ Info: [ENGINE] 🔮 Action=ACTION_NEGATE | Tone=TONE_NEUTRAL | Conf=0.28 | ArousalNudge=0.0 | Weight=1.08 [FALLBACK] [FRAME=terse/basic]
┌ Warning: [MAIN v7.16 synthesis] Every synonym of 'wood' is inhibited (neg thesaurus or node drop_table). Emitting original to preserve content.
└ @ GrugBot420 /workspace/grugbot420_repo/src/Main.jl:1645
[ Info: [ENGINE] 🔮 Action=ACTION_COMMAND | Tone=TONE_NEUTRAL | Conf=0.78 | ArousalNudge=0.0 | Weight=1.39 [FALLBACK] [FRAME=imperative/basic]
[ Info: [ENGINE] 🔮 Action=ACTION_COMMAND | Tone=TONE_NEUTRAL | Conf=0.12 | ArousalNudge=0.0 | Weight=1.06 [FALLBACK] [FRAME=imperative/basic]
[ Info: [ENGINE] 🔮 Action=ACTION_COMMAND | Tone=TONE_NEUTRAL | Conf=0.43 | ArousalNudge=0.0 | Weight=1.22 [FRAME=imperative/basic]
[ Info: [ENGINE] 🔮 Action=ACTION_QUERY | Tone=TONE_CURIOUS | Conf=0.53 | ArousalNudge=0.0 | Weight=1.32 [FRAME=exploratory/basic]
[ Info: [ENGINE] 🔮 Action=ACTION_QUERY | Tone=TONE_CURIOUS | Conf=0.54 | ArousalNudge=0.0 | Weight=1.33 [FRAME=exploratory/basic]
[ Info: [ENGINE] 🔮 Action=ACTION_QUERY | Tone=TONE_CURIOUS | Conf=0.53 | ArousalNudge=0.0 | Weight=1.32 [FRAME=exploratory/basic]
[ Info: [ENGINE] 🔮 Action=ACTION_COMMAND | Tone=TONE_NEUTRAL | Conf=0.48 | ArousalNudge=0.0 | Weight=1.24 [FALLBACK] [FRAME=imperative/basic]
┌ Warning: [ORCHESTRATOR] ⚠ No votes passed AIML_CONFIDENCE_THRESHOLD=0.35. Falling back to highest-confidence vote.
└ @ GrugBot420 /workspace/grugbot420_repo/src/Main.jl:1321
[ Info: [ENGINE] 🔮 Action=ACTION_NEGATE | Tone=TONE_NEUTRAL | Conf=0.27 | ArousalNudge=0.0 | Weight=1.08 [FALLBACK] [FRAME=terse/basic]
[ Info: [ENGINE] 🔮 Action=ACTION_QUERY | Tone=TONE_NEUTRAL | Conf=0.12 | ArousalNudge=0.0 | Weight=1.08 [FALLBACK] [FRAME=exploratory/basic]
[ Info: [ENGINE] 🔮 Action=ACTION_COMMAND | Tone=TONE_NEUTRAL | Conf=0.12 | ArousalNudge=0.0 | Weight=1.06 [FALLBACK] [FRAME=imperative/basic]
[ Info: [ENGINE] 🔮 Action=ACTION_QUERY | Tone=TONE_CURIOUS | Conf=0.53 | ArousalNudge=0.0 | Weight=1.32 [FRAME=exploratory/basic]
[ Info: [ENGINE] 🔮 Action=ACTION_QUERY | Tone=TONE_CURIOUS | Conf=0.53 | ArousalNudge=0.0 | Weight=1.32 [FRAME=exploratory/basic]
[ Info: [ENGINE] 🔮 Action=ACTION_QUERY | Tone=TONE_CURIOUS | Conf=0.51 | ArousalNudge=0.0 | Weight=1.3 [FRAME=exploratory/basic]
[ Info: [ENGINE] 🔮 Action=ACTION_QUERY | Tone=TONE_CURIOUS | Conf=0.68 | ArousalNudge=0.0 | Weight=1.41 [FRAME=exploratory/basic]
┌ Warning: [MAIN v7.16 synthesis] Every synonym of 'heat' is inhibited (neg thesaurus or node drop_table). Emitting original to preserve content.
└ @ GrugBot420 /workspace/grugbot420_repo/src/Main.jl:1645
[ Info: [PREDICTOR] 👁  Arousal nudged 0.2 → 0.05 (TONE_REFLECTIVE)
[ Info: [ENGINE] 🔮 Action=ACTION_SPECULATE | Tone=TONE_REFLECTIVE | Conf=0.55 | ArousalNudge=-0.15 | Weight=1.11 [FRAME=contemplative/rel]
[ Info: [PREDICTOR] 👁  Arousal nudged 0.05 → 0.3 (TONE_URGENT)
[ Info: [ENGINE] 🔮 Action=ACTION_COMMAND | Tone=TONE_URGENT | Conf=0.46 | ArousalNudge=0.25 | Weight=1.23 [FRAME=imperative/rel]
[ Info: [ENGINE] 🔮 Action=ACTION_COMMAND | Tone=TONE_NEUTRAL | Conf=0.36 | ArousalNudge=0.0 | Weight=1.18 [FALLBACK] [FRAME=imperative/basic]
[ Info: [PREDICTOR] 👁  Arousal nudged 0.3 → 0.55 (TONE_URGENT)
[ Info: [ENGINE] 🔮 Action=ACTION_COMMAND | Tone=TONE_URGENT | Conf=0.88 | ArousalNudge=0.25 | Weight=1.44 [FRAME=imperative/rel]
[ Info: [ENGINE] 🔮 Action=ACTION_COMMAND | Tone=TONE_NEUTRAL | Conf=0.44 | ArousalNudge=0.0 | Weight=1.22 [FALLBACK] [FRAME=imperative/basic]
[ Info: [ENGINE] 🔮 Action=ACTION_COMMAND | Tone=TONE_NEUTRAL | Conf=1.0 | ArousalNudge=0.0 | Weight=1.5 [FALLBACK] [FRAME=imperative/basic]
[ Info: [ENGINE] 🔮 Action=ACTION_COMMAND | Tone=TONE_NEUTRAL | Conf=0.72 | ArousalNudge=0.0 | Weight=1.36 [FALLBACK] [FRAME=imperative/basic]
[ Info: [ENGINE] 🔮 Action=ACTION_SPECULATE | Tone=TONE_NEUTRAL | Conf=1.0 | ArousalNudge=0.0 | Weight=1.2 [FALLBACK] [FRAME=contemplative/basic]
[ Info: [ENGINE] 🔮 Action=ACTION_NEGATE | Tone=TONE_NEUTRAL | Conf=0.33 | ArousalNudge=0.0 | Weight=1.1 [FRAME=terse/basic]
[ Info: [ENGINE] 🔮 Action=ACTION_NEGATE | Tone=TONE_NEUTRAL | Conf=0.39 | ArousalNudge=0.0 | Weight=1.12 [FALLBACK] [FRAME=terse/basic]
[ Info: [ENGINE] 🔮 Action=ACTION_COMMAND | Tone=TONE_NEUTRAL | Conf=0.5 | ArousalNudge=0.0 | Weight=1.25 [FALLBACK] [FRAME=imperative/basic]
[ Info: [ENGINE] 🔮 Action=ACTION_SPECULATE | Tone=TONE_NEUTRAL | Conf=0.88 | ArousalNudge=0.0 | Weight=1.18 [FALLBACK] [FRAME=contemplative/basic]
[ Info: [ENGINE] 🔮 Action=ACTION_QUERY | Tone=TONE_CURIOUS | Conf=0.51 | ArousalNudge=0.0 | Weight=1.3 [FRAME=exploratory/basic]
[ Info: [ENGINE] 🔮 Action=ACTION_QUERY | Tone=TONE_CURIOUS | Conf=1.0 | ArousalNudge=0.0 | Weight=1.6 [FRAME=exploratory/basic]
[ Info: [PREDICTOR] 👁  Arousal nudged 0.3 → 0.15 (TONE_REFLECTIVE)
[ Info: [ENGINE] 🔮 Action=ACTION_SPECULATE | Tone=TONE_REFLECTIVE | Conf=1.0 | ArousalNudge=-0.15 | Weight=1.2 [FRAME=contemplative/rel]
[ Info: [ENGINE] 🔮 Action=ACTION_COMMAND | Tone=TONE_NEUTRAL | Conf=0.98 | ArousalNudge=0.0 | Weight=1.49 [FALLBACK] [FRAME=imperative/basic]
[ Info: [ENGINE] 🔮 Action=ACTION_COMMAND | Tone=TONE_NEUTRAL | Conf=0.27 | ArousalNudge=0.0 | Weight=1.14 [FALLBACK] [FRAME=imperative/basic]
[ Info: [ENGINE] 🔮 Action=ACTION_SPECULATE | Tone=TONE_NEUTRAL | Conf=0.12 | ArousalNudge=0.0 | Weight=1.02 [FALLBACK] [FRAME=contemplative/basic]
[ Info: [ENGINE] 🔮 Action=ACTION_SPECULATE | Tone=TONE_NEUTRAL | Conf=0.23 | ArousalNudge=0.0 | Weight=1.05 [FALLBACK] [FRAME=contemplative/basic]
[ Info: [ENGINE] 🔮 Action=ACTION_COMMAND | Tone=TONE_NEUTRAL | Conf=0.7 | ArousalNudge=0.0 | Weight=1.35 [FRAME=imperative/basic]
[ Info: [ENGINE] 🔮 Action=ACTION_SPECULATE | Tone=TONE_NEUTRAL | Conf=1.0 | ArousalNudge=0.0 | Weight=1.2 [FALLBACK] [FRAME=contemplative/basic]
[ Info: [PREDICTOR] 👁  Arousal nudged 0.15 → 0.4 (TONE_URGENT)
[ Info: [ENGINE] 🔮 Action=ACTION_COMMAND | Tone=TONE_URGENT | Conf=0.12 | ArousalNudge=0.25 | Weight=1.06 [FRAME=imperative/rel]
[ Info: [ENGINE] 🔮 Action=ACTION_SPECULATE | Tone=TONE_NEUTRAL | Conf=0.63 | ArousalNudge=0.0 | Weight=1.13 [FALLBACK] [FRAME=contemplative/basic]
[ Info: [ENGINE] 🔮 Action=ACTION_COMMAND | Tone=TONE_NEUTRAL | Conf=1.0 | ArousalNudge=0.0 | Weight=1.5 [FALLBACK] [FRAME=imperative/basic]
[ Info: [PREDICTOR] 👁  Arousal nudged 0.4 → 0.65 (TONE_URGENT)
[ Info: [ENGINE] 🔮 Action=ACTION_COMMAND | Tone=TONE_URGENT | Conf=0.12 | ArousalNudge=0.25 | Weight=1.06 [FRAME=imperative/rel]
[ Info: [ENGINE] 🔮 Action=ACTION_QUERY | Tone=TONE_CURIOUS | Conf=0.53 | ArousalNudge=0.0 | Weight=1.32 [FRAME=exploratory/basic]
[ Info: [PREDICTOR] 👁  Arousal nudged 0.5 → 0.85 (TONE_HOSTILE)
[ Info: [ENGINE] 🔮 Action=ACTION_NEGATE | Tone=TONE_HOSTILE | Conf=0.12 | ArousalNudge=0.35 | Weight=1.04 [FRAME=de-escalating/rel]
[ Info: [PREDICTOR] 👁  Arousal nudged 0.85 → 1.0 (TONE_HOSTILE)
[ Info: [ENGINE] 🔮 Action=ACTION_NEGATE | Tone=TONE_HOSTILE | Conf=0.12 | ArousalNudge=0.35 | Weight=1.04 [FRAME=de-escalating/rel]
[ Info: [PREDICTOR] 👁  Arousal nudged 1.0 → 1.0 (TONE_HOSTILE)
[ Info: [ENGINE] 🔮 Action=ACTION_NEGATE | Tone=TONE_HOSTILE | Conf=0.12 | ArousalNudge=0.35 | Weight=1.04 [FRAME=de-escalating/rel]
[ Info: [PREDICTOR] 👁  Arousal nudged 1.0 → 1.0 (TONE_HOSTILE)
[ Info: [ENGINE] 🔮 Action=ACTION_NEGATE | Tone=TONE_HOSTILE | Conf=1.0 | ArousalNudge=0.35 | Weight=1.3 [FRAME=de-escalating/rel]
[ Info: [PREDICTOR] 👁  Arousal nudged 1.0 → 0.85 (TONE_REFLECTIVE)
[ Info: [ENGINE] 🔮 Action=ACTION_SPECULATE | Tone=TONE_REFLECTIVE | Conf=0.57 | ArousalNudge=-0.15 | Weight=1.11 [FRAME=contemplative/rel]
=== AIML NODE TRIBES (cycle=89) ===
  alert | pop=0/6666 | live=0 | grave=0
  celebration | pop=0/6666 | live=0 | grave=0
  comfort | pop=0/6666 | live=0 | grave=0
  craft | pop=0/6666 | live=0 | grave=0
  explanation | pop=0/6666 | live=0 | grave=0
  greeting | pop=0/6666 | live=0 | grave=0
  inquiry | pop=0/6666 | live=0 | grave=0
  knowledge | pop=0/6666 | live=0 | grave=0
  memory | pop=0/6666 | live=0 | grave=0
  nature | pop=0/6666 | live=0 | grave=0
  planning | pop=0/6666 | live=0 | grave=0
  reasoning | pop=0/6666 | live=0 | grave=0
  survival | pop=0/6666 | live=0 | grave=0
╚══════════════════════════════════════════════════╝

Brain > [GRUG] 👋 /quit received. Cave closes. Goodbye.
