WARNING: redefinition of constant GrugBot420.CAUSAL_VERBS. This may fail, cause incorrect answers, or produce other errors.
WARNING: redefinition of constant GrugBot420.SPATIAL_VERBS. This may fail, cause incorrect answers, or produce other errors.
WARNING: redefinition of constant GrugBot420.TEMPORAL_VERBS. This may fail, cause incorrect answers, or produce other errors.
WARNING: redefinition of constant GrugBot420.NODE_MAP. This may fail, cause incorrect answers, or produce other errors.
WARNING: redefinition of constant GrugBot420.COMMANDS. This may fail, cause incorrect answers, or produce other errors.
WARNING: redefinition of constant GrugBot420.NODE_LOCK. This may fail, cause incorrect answers, or produce other errors.
WARNING: redefinition of constant GrugBot420.ID_COUNTER. This may fail, cause incorrect answers, or produce other errors.
WARNING: redefinition of constant GrugBot420.HOPFIELD_CACHE. This may fail, cause incorrect answers, or produce other errors.
WARNING: redefinition of constant GrugBot420.HOPFIELD_CACHE_LOCK. This may fail, cause incorrect answers, or produce other errors.
WARNING: redefinition of constant GrugBot420.HOPFIELD_HIT_COUNTS. This may fail, cause incorrect answers, or produce other errors.
WARNING: redefinition of constant GrugBot420.ATTACHMENT_MAP. This may fail, cause incorrect answers, or produce other errors.
WARNING: redefinition of constant GrugBot420.ATTACHMENT_LOCK. This may fail, cause incorrect answers, or produce other errors.
WARNING: redefinition of constant GrugBot420.GROUP_MAP. This may fail, cause incorrect answers, or produce other errors.
WARNING: redefinition of constant GrugBot420.GROUP_LOCK. This may fail, cause incorrect answers, or produce other errors.
WARNING: redefinition of constant GrugBot420.GROUP_COUNTER. This may fail, cause incorrect answers, or produce other errors.
WARNING: redefinition of constant GrugBot420.NODE_TO_GROUP. This may fail, cause incorrect answers, or produce other errors.
WARNING: redefinition of constant GrugBot420.CHATTER_NODE_COOLDOWN. This may fail, cause incorrect answers, or produce other errors.
WARNING: redefinition of constant GrugBot420.CHATTER_NODE_COOLDOWN_LOCK. This may fail, cause incorrect answers, or produce other errors.
WARNING: redefinition of constant GrugBot420._LAST_FIRE_COUNTER. This may fail, cause incorrect answers, or produce other errors.
WARNING: redefinition of constant GrugBot420.STOPWORDS. This may fail, cause incorrect answers, or produce other errors.
WARNING: redefinition of constant GrugBot420.AIML_DROP_TABLE. This may fail, cause incorrect answers, or produce other errors.
WARNING: redefinition of constant GrugBot420.ALLOWED_RULE_TAGS. This may fail, cause incorrect answers, or produce other errors.
🧠 Default specimen detected at /workspace/grugbot420_repo/src/../grug-binary/default.specimen.gz — auto-loading...
  🧹 Wiping current cave state...
  ✅ Cave wiped clean. Beginning restore...
  🔢 ID counters restored (node=20, msg=38)
  🗳  Last voters restored (0 IDs)
  👁  Eye state restored
  🔧 Verb registry restored (5 classes, 22 verbs, 0 synonyms)
  🔤 Thesaurus restored (499 words)
  🧠 Lobes restored (7)
  📋 Lobe tables restored (7)
  🌱 Nodes restored (20)
  ⚡ Hopfield cache restored (0 entries)
  ⚙️  Rules restored (0)
  🚫 Inhibitions restored (0)
  💬 Messages restored (38 total, 3 pinned)
  👁  Arousal restored (level=0.3)
  🧬 BrainStem state restored
  🔗 Attachments restored (0)
  🔮 Trajectory restored (0 entries)
  🕐 Temporal coherence restored (0 entries)
  ⏳ Morph cooldowns restored (0 active)
  🛡 Immune system restored (0 signatures, 0 ledger entries)
  🤖 AIML system restored (0 nodes across 6 lobes)
  ✅ Default specimen restored.
    ╔══════════════════════════════════════════════════════════════╗
    ║            🧬 SPECIMEN LOADED SUCCESSFULLY                   ║
    ╠══════════════════════════════════════════════════════════════╣
      📁  File             : /workspace/grugbot420_repo/src/../grug-binary/default.specimen.gz
      📦  Compressed size  : 12556 bytes
      📄  JSON size        : 92213 bytes
  (Set GRUG_NO_AUTOLOAD=1 to skip this on next boot.)
System Online. Grug waiting at cave entrance for instructions.
Primary  : /mission <input>                    (text or image binary)
Feedback : /wrong                              (penalize last response voters)
Explicit : /explicit <cmd> [<node_id>] <input>
Grow     : /grow <lobe_id> <json_packet>      (plant node(s) into a lobe)
         :   • <lobe_id> is required — use `-` for unassigned pool
         :   • Single node: {"pattern":"...","action_packet":"...","data":{...}}
         :   • Multi node:  {"nodes":[{...},{...}]}
         :   • `data.system_prompt` defaults to "Grug speaks plainly." if absent
Rules    : /addRule <rule text> [prob=0.0-1.0]
           Tags: {MISSION}, {PRIMARY_ACTION}, {SURE_ACTIONS}, {UNSURE_ACTIONS},
                 {ALL_ACTIONS}, {CONFIDENCE}, {NODE_ID}, {MEMORY}, {LOBE_CONTEXT}
Memory   : /pin <text>
Nodes    : /nodes                              (show node map status)
Status   : /status                             (show chatter + system status)
Arousal  : /arousal <0.0-1.0>                 (set eye system arousal level)
Verbs    : /addVerb <verb> <class>             (add verb to relation class)
         : /addRelationClass <name>            (create new verb class bucket)
         : /addSynonym <canonical> <alias>     (normalize alias->canonical)
         : /listVerbs                          (show all verb classes + synonyms)
Lobes    : /newLobe <id> <subject>             (create a new subject lobe)
         : /connectLobes <id_a> <id_b>         (connect two lobes)
         : /lobeGrow <lobe_id> <json_packet>   (DEPRECATED — alias for /grow)
         : /lobes                              (list all lobes + node counts)
         : /tableStatus <lobe_id>              (show hash table chunks for a lobe)
         : /tableMatch <lobe_id> <chunk> <pat> (pattern-activate entries in chunk)
Thesaurus: /thesaurus <word1> | <word2>        (compare words/concepts dimensionally)
         : /thesaurus <w1> | <w2> :: <ctx1> :: <ctx2>  (with context lists)
NegThes  : /negativeThesaurus add|remove|list|check|flush
Attach   : /nodeAttach <lobe> <target> <id> <pat> ...  (attach nodes with relational fire patterns)
         : /nodeDetach <lobe> <target> <id>            (detach a node from target)
ImgAttach: /imgnodeAttach <lobe> <tgt> <id> <b64> [w h] (attach image node with SDF-based fire)
         : /imgnodeDetach <lobe> <target> <id>         (detach image node from target)
         : /attachments                         (show all node attachments)
Crystal  : /crystalize <lobe> <target> <attach>        (💎 mark attachment as sticky/user-locked)
         : /decrystalize <lobe> <target> <attach>      (🔓 remove sticky flag, restore coinflip)
Specimen : /saveSpecimen <filepath>            (save full cave state to compressed file)
         : /loadSpecimen <filepath>            (restore full cave state from compressed file)
Help     : /help                               (full command reference)

╔══════════════════════════════════════════════════════════════════╗
║  SPECIMEN SEEDING GUIDE (read before /grow)                     ║
╠══════════════════════════════════════════════════════════════════╣
║  Automatic neighbor latching is SUPPRESSED below 1000 nodes.   ║
║  Below that threshold, YOU control topology via drop_table.     ║
║                                                                  ║
║  For a coherent specimen from the start:                        ║
║  1. Seed ORTHOGONAL archetypes first - distinct semantic poles. ║
║     Don't plant 50 near-identical nodes up front.               ║
║  2. Use required_relations as semantic GATES from day one.      ║
║     Nodes that demand specific verbs won't fire on noise.       ║
║  3. Name action_packets deliberately - distinct action families ║
║     give the superposition orchestrator something to work with. ║
║  4. Wire drop_tables manually for known co-activation pairs.    ║
║     Don't rely on the latch system to discover semantics.       ║
║  5. Your first ~100 nodes are the specimen's DNA.               ║
║     The engine enforces structure at scale (1000+ nodes).       ║
║     You enforce MEANING at the start.                           ║
╚══════════════════════════════════════════════════════════════════╝

Brain > --> Grug thawing specimen from file...
  🧹 Wiping current cave state...
  ✅ Cave wiped clean. Beginning restore...
  🔢 ID counters restored (node=42, msg=84)
  🗳  Last voters restored (0 IDs)
  👁  Eye state restored
  🔧 Verb registry restored (6 classes, 30 verbs, 5 synonyms)
  🔤 Thesaurus restored (499 words)
  🧠 Lobes restored (13)
  📋 Lobe tables restored (13)
  🌱 Nodes restored (42)
  ⚡ Hopfield cache restored (0 entries)
  ⚙️  Rules restored (0)
  🚫 Inhibitions restored (0)
  💬 Messages restored (84 total, 5 pinned)
  👁  Arousal restored (level=0.3)
  🧬 BrainStem state restored
  🔗 Attachments restored (0)
  🔮 Trajectory restored (0 entries)
  🕐 Temporal coherence restored (0 entries)
  ⏳ Morph cooldowns restored (0 active)
  🛡 Immune system restored (0 signatures, 0 ledger entries)
  🤖 AIML system restored (0 nodes across 12 lobes)

╔══════════════════════════════════════════════════════════════╗
║            🧬 SPECIMEN LOADED SUCCESSFULLY                   ║
╠══════════════════════════════════════════════════════════════╣
  📁  File             : /workspace/grug_test/kitchen_sink_v12_coherence/kitchen_sink.specimen.gz
  📦  Compressed size  : 15689 bytes
  📄  JSON size        : 130229 bytes
  ⏱️   Time             : 0.02s
  ─────────────────────────────────────────────
  🌱  Nodes            : 42
  🧠  Lobes            : 13
  📋  Lobe tables      : 13
  ⚡  Hopfield entries  : 0
  ⚙️   Rules            : 0
  💬  Messages         : 84 (5 pinned)
  🔧  Verb classes     : 6 (30 verbs)
  🔤  Thesaurus words  : 499
  🚫  Inhibitions      : 0
  🔗  Attachments      : 0
  🤖  AIML nodes       : 0 (12 lobes)
  👁   Arousal          : 0.3
  🔢  ID counters      : node=42, msg=84
  ─────────────────────────────────────────────
  🧹  Previous state   : WIPED (full brain transplant)
╚══════════════════════════════════════════════════════════════╝

Brain > === LOBE REGISTRY (13 lobes, 42 nodes indexed) ===
  alert | subject='warn caution notify danger flag urgent' | nodes=3/20000 | fires=0 | inhibits=0 | connected=[survival] | tbl[nodes=3 json=3 drop=0 hopf=0]
  celebration | subject='celebrate joy happy glad cheerful' | nodes=3/20000 | fires=0 | inhibits=0 | connected=[comfort,greeting] | tbl[nodes=3 json=3 drop=0 hopf=0]
  comfort | subject='comfort support validate reassure care' | nodes=4/20000 | fires=0 | inhibits=0 | connected=[celebration,greeting] | tbl[nodes=4 json=4 drop=0 hopf=0]
  craft | subject='tool make build hammer carve' | nodes=3/20000 | fires=0 | inhibits=0 | connected=[explanation] | tbl[nodes=3 json=3 drop=0 hopf=0]
  default | subject='general thinking reasoning conversation greeting' | nodes=3/20000 | fires=0 | inhibits=0 | connected=[none] | tbl[nodes=3 json=0 drop=0 hopf=0]
  explanation | subject='explain clarify describe define teach' | nodes=4/20000 | fires=0 | inhibits=0 | connected=[craft,inquiry,nature,reasoning] | tbl[nodes=4 json=4 drop=0 hopf=0]
  greeting | subject='hello hi greet welcome conversation' | nodes=3/20000 | fires=0 | inhibits=0 | connected=[celebration,comfort] | tbl[nodes=3 json=3 drop=5 hopf=0]
  inquiry | subject='question ask wonder curious investigate' | nodes=3/20000 | fires=0 | inhibits=0 | connected=[explanation] | tbl[nodes=3 json=3 drop=0 hopf=0]
  memory | subject='remember recall past history recollect' | nodes=2/20000 | fires=0 | inhibits=0 | connected=[reasoning] | tbl[nodes=2 json=2 drop=0 hopf=0]
  nature | subject='stone tree water sky weather' | nodes=3/20000 | fires=0 | inhibits=0 | connected=[explanation] | tbl[nodes=3 json=3 drop=0 hopf=0]
  planning | subject='plan strategy goal future intend' | nodes=3/20000 | fires=0 | inhibits=0 | connected=[reasoning] | tbl[nodes=3 json=3 drop=0 hopf=0]
  reasoning | subject='think reason analyze ponder logic' | nodes=4/20000 | fires=0 | inhibits=0 | connected=[explanation,memory,planning] | tbl[nodes=4 json=4 drop=0 hopf=0]
  survival | subject='flee hide fight danger threat run' | nodes=4/20000 | fires=0 | inhibits=0 | connected=[alert] | tbl[nodes=4 json=4 drop=2 hopf=0]

Brain > === SEMANTIC VERB REGISTRY ===
  [action]: breaks, burns, hits, runs
  [causal]: causes, contradicts, hits, increases, makes, reduces, routes
  [emotive]: fears, feels, loves
  [epistemic]: believes, knows, thinks
  [spatial]: are, connects, is, on, sees, under, was, were
  [temporal]: after, before, chasing, follows, precedes
  --- Synonyms ---
    dreads → fears
    ponders → thinks
    reasons → thinks
    spots → sees
    strikes → hits

Brain > ╔══════════════════════════════════════════════════╗
║              GRUGBOT SYSTEM STATUS               ║
╠══════════════════════════════════════════════════╣
║  ENGINE                                          ║
  Nodes in cave   : 42
  Hopfield cache  : 0 entries
  Memory messages : 85
  Est. memory use : ~83 KB
  Trajectory buf  : 0 entries
  Temporal coher  : 0 entries
  Morph cooldowns : 0 active
  Current arousal : 0.3
  Last input ago  : 0.0s
║  LOBES                                           ║
  Lobes registered: 13
  Nodes in lobes  : 42
  Top lobe (fires): explanation (0 fires)
║  BRAINSTEM                                       ║
  Dispatches run  : 0
  Last winner     : none
  Propagations    : 0
  Is dispatching  : false
║  CHATTER                                         ║
  Chatter running : false
  Input queue     : 0 pending
  Sessions run    : 0
║  AIML NODE TRIBES                                ║
=== AIML NODE TRIBES (cycle=0) ===
  alert | pop=0/6666 | live=0 | grave=0
  celebration | pop=0/6666 | live=0 | grave=0
  comfort | pop=0/6666 | live=0 | grave=0
  craft | pop=0/6666 | live=0 | grave=0
  explanation | pop=0/6666 | live=0 | grave=0
  greeting | pop=0/6666 | live=0 | grave=0
  inquiry | pop=0/6666 | live=0 | grave=0
  memory | pop=0/6666 | live=0 | grave=0
  nature | pop=0/6666 | live=0 | grave=0
  planning | pop=0/6666 | live=0 | grave=0
  reasoning | pop=0/6666 | live=0 | grave=0
  survival | pop=0/6666 | live=0 | grave=0
╚══════════════════════════════════════════════════╝

Brain > 👁  Arousal set to 0.3. Eye system updated.

Brain > 
🔍 THESAURUS COMPARISON
  Input 1  : "happy"  → seeds: cheerful, content, delighted, elated
  Input 2  : "sad"  → seeds: dejected, downcast, gloomy, melancholy
  Type     : word-word
  ─────────────────────────────
  Overall  : 0.0%  [NEGLIGIBLE]
  Semantic : 0.0%
  Context  : 50.0%
  Assoc    : 0.0%
  Confid.  : 90.0%


Brain > 
🔍 THESAURUS COMPARISON
  Input 1  : "tool"
  Input 2  : "weapon"
  Type     : word-word
  ─────────────────────────────
  Overall  : 0.0%  [NEGLIGIBLE]
  Semantic : 0.0%
  Context  : 50.0%
  Assoc    : 0.0%
  Confid.  : 90.0%


Brain > 
🔍 THESAURUS COMPARISON
  Input 1  : "quick"  → seeds: brisk, fast, hasty, rapid
  Input 2  : "swift"  → seeds: brisk, fast, hasty, quick
  Type     : word-word
  ─────────────────────────────
  Overall  : 95.0%  [IDENTICAL]
  Semantic : 95.0%
  Context  : 50.0%
  Assoc    : 0.0%
  Confid.  : 90.0%


Brain > [ENGINE] 🔗  Node 'node_4' attached to target 'node_3' with pattern "morning hello" (base_conf=0.383, 1/4 slots used).
🔗 /nodeAttach complete:
   → Attached 'node_4' to 'node_3' with pattern "morning hello" (base_conf=0.383, 1/4)

Brain > [ENGINE] 🔗  Node 'node_5' attached to target 'node_3' with pattern "casual hello" (base_conf=0.05, 2/4 slots used).
🔗 /nodeAttach complete:
   → Attached 'node_5' to 'node_3' with pattern "casual hello" (base_conf=0.05, 2/4)

Brain > [ENGINE] 🔗  Node 'node_7' attached to target 'node_6' with pattern "why think" (base_conf=0.55, 1/4 slots used).
🔗 /nodeAttach complete:
   → Attached 'node_7' to 'node_6' with pattern "why think" (base_conf=0.55, 1/4)

Brain > [ENGINE] 🔗  Node 'node_8' attached to target 'node_6' with pattern "think mechanism" (base_conf=0.05, 2/4 slots used).
🔗 /nodeAttach complete:
   → Attached 'node_8' to 'node_6' with pattern "think mechanism" (base_conf=0.05, 2/4)

Brain > [ENGINE] 🔗  Node 'node_11' attached to target 'node_10' with pattern "danger run" (base_conf=0.55, 1/4 slots used).
🔗 /nodeAttach complete:
   → Attached 'node_11' to 'node_10' with pattern "danger run" (base_conf=0.55, 1/4)

Brain > [ENGINE] 🔗  Node 'node_12' attached to target 'node_10' with pattern "danger fire" (base_conf=0.383, 2/4 slots used).
🔗 /nodeAttach complete:
   → Attached 'node_12' to 'node_10' with pattern "danger fire" (base_conf=0.383, 2/4)

Brain > [ENGINE] 🔗  Node 'node_19' attached to target 'node_18' with pattern "feel sad" (base_conf=0.55, 1/4 slots used).
🔗 /nodeAttach complete:
   → Attached 'node_19' to 'node_18' with pattern "feel sad" (base_conf=0.55, 1/4)

Brain > [ENGINE] 🔗  Node 'node_20' attached to target 'node_18' with pattern "feel worried" (base_conf=0.55, 2/4 slots used).
🔗 /nodeAttach complete:
   → Attached 'node_20' to 'node_18' with pattern "feel worried" (base_conf=0.55, 2/4)

Brain > [ENGINE] 🔗  Node 'node_21' attached to target 'node_18' with pattern "feel lonely" (base_conf=0.55, 3/4 slots used).
🔗 /nodeAttach complete:
   → Attached 'node_21' to 'node_18' with pattern "feel lonely" (base_conf=0.55, 3/4)

Brain > [ENGINE] 🔗  Node 'node_34' attached to target 'node_33' with pattern "should plan" (base_conf=0.383, 1/4 slots used).
🔗 /nodeAttach complete:
   → Attached 'node_34' to 'node_33' with pattern "should plan" (base_conf=0.383, 1/4)

Brain > [ENGINE] 🔗  Node 'node_35' attached to target 'node_33' with pattern "should next" (base_conf=0.383, 2/4 slots used).
🔗 /nodeAttach complete:
   → Attached 'node_35' to 'node_33' with pattern "should next" (base_conf=0.383, 2/4)

Brain > [ENGINE] 🔗  Node 'node_37' attached to target 'node_36' with pattern "sky river" (base_conf=0.55, 1/4 slots used).
🔗 /nodeAttach complete:
   → Attached 'node_37' to 'node_36' with pattern "sky river" (base_conf=0.55, 1/4)

Brain > [ENGINE] 🔗  Node 'node_40' attached to target 'node_39' with pattern "tool build" (base_conf=0.55, 1/4 slots used).
🔗 /nodeAttach complete:
   → Attached 'node_40' to 'node_39' with pattern "tool build" (base_conf=0.55, 1/4)

Brain > === ATTACHMENT MAP (7 targets with attachments) ===
  🎯 node_10 (2/4 attached):
      🔗 node_11 [ALIVE str=1.0] | base_conf=0.55 | connector="danger run"
      🔗 node_12 [ALIVE str=1.0] | base_conf=0.383 | connector="danger fire"
  🎯 node_18 (3/4 attached):
      🔗 node_19 [ALIVE str=1.0] | base_conf=0.55 | connector="feel sad"
      🔗 node_20 [ALIVE str=1.0] | base_conf=0.55 | connector="feel worried"
      🔗 node_21 [ALIVE str=1.0] | base_conf=0.55 | connector="feel lonely"
  🎯 node_3 (2/4 attached):
      🔗 node_4 [ALIVE str=1.0] | base_conf=0.383 | connector="morning hello"
      🔗 node_5 [ALIVE str=1.0] | base_conf=0.05 | connector="casual hello"
  🎯 node_33 (2/4 attached):
      🔗 node_34 [ALIVE str=1.0] | base_conf=0.383 | connector="should plan"
      🔗 node_35 [ALIVE str=1.0] | base_conf=0.383 | connector="should next"
  🎯 node_36 (1/4 attached):
      🔗 node_37 [ALIVE str=1.0] | base_conf=0.55 | connector="sky river"
  🎯 node_39 (1/4 attached):
      🔗 node_40 [ALIVE str=1.0] | base_conf=0.55 | connector="tool build"
  🎯 node_6 (2/4 attached):
      🔗 node_7 [ALIVE str=1.0] | base_conf=0.55 | connector="why think"
      🔗 node_8 [ALIVE str=1.0] | base_conf=0.05 | connector="think mechanism"

Brain > 💎 💎 Attachment node_18→node_19 CRYSTALIZED (origin=:user). Always fires.

Brain > 💎 💎 Attachment node_10→node_12 CRYSTALIZED (origin=:user). Always fires.

Brain > 💎 💎 Attachment node_39→node_40 CRYSTALIZED (origin=:user). Always fires.

Brain > === ATTACHMENT MAP (7 targets with attachments) ===
  🎯 node_10 (2/4 attached):
      🔗 node_11 [ALIVE str=1.0] | base_conf=0.55 | connector="danger run"
      🔗 node_12 [ALIVE str=1.0] 💎[CRYSTAL:user] | base_conf=0.383 | connector="danger fire"
  🎯 node_18 (3/4 attached):
      🔗 node_19 [ALIVE str=1.0] 💎[CRYSTAL:user] | base_conf=0.55 | connector="feel sad"
      🔗 node_20 [ALIVE str=1.0] | base_conf=0.55 | connector="feel worried"
      🔗 node_21 [ALIVE str=1.0] | base_conf=0.55 | connector="feel lonely"
  🎯 node_3 (2/4 attached):
      🔗 node_4 [ALIVE str=1.0] | base_conf=0.383 | connector="morning hello"
      🔗 node_5 [ALIVE str=1.0] | base_conf=0.05 | connector="casual hello"
  🎯 node_33 (2/4 attached):
      🔗 node_34 [ALIVE str=1.0] | base_conf=0.383 | connector="should plan"
      🔗 node_35 [ALIVE str=1.0] | base_conf=0.383 | connector="should next"
  🎯 node_36 (1/4 attached):
      🔗 node_37 [ALIVE str=1.0] | base_conf=0.55 | connector="sky river"
  🎯 node_39 (1/4 attached):
      🔗 node_40 [ALIVE str=1.0] 💎[CRYSTAL:user] | base_conf=0.55 | connector="tool build"
  🎯 node_6 (2/4 attached):
      🔗 node_7 [ALIVE str=1.0] | base_conf=0.55 | connector="why think"
      🔗 node_8 [ALIVE str=1.0] | base_conf=0.05 | connector="think mechanism"

Brain > --> Scanning specimens & looking for dialectical relations...
[ORCHESTRATOR] 🎯 Lobe Curve (base × top = score):
  👑 greeting: base=0.665 × top=0.665 = 0.4418 [hard_votes=1]
  · default: base=0.522 × top=0.522 = 0.2728 [hard_votes=1]
--> 1 valid votes passed gate... compiling JIT superposition...

🤖 AIML Output Scaffold:
[Grug greet warm] Let me think with you. Subsist polite, brief..
--- DEBUG TELEMETRY (orchestration internals, not for speech) ---
Mission: 'hello'
Primary Action: greet  (conf=0.66, certainty=SURE)
Sure Actions: [greet]
Unsure Actions (Coinflip Side-Features): [None]
Constraints: [None]
Winning Node: node_3
Lobe Context: [greeting (3/3 active (good morning | howdy | hello hi))]
User Triples: None
Node Triples: None
Anti-Match Detected: false
AIML Memory Bank:
Deep Memory (Pinned): [User_Pinned]: Grug speak plain. Grug not pretend smart. | [User_Pinned]: Many rocks compete. Loudest rock get to talk. | [User_Pinned]: Grug listen first, talk second. | [User_Pinned]: Tribe stronger than lone hunter. | [User_Pinned]: Hot rock burn. Soft skin remember.
Fresh Memory [threshold=0.67 eligible=6] (Recent): [System]: /nodeAttach: Attached 'node_4' to 'node_3' with pattern "morning hello" (base_conf=0.383, 1/4) (intensity=0.73)
Memory-Pull Policy: pull_fresh=false — SURE vote (conf=0.66) and no winning node requested context — fresh memory withheld
Lobe Curve (base × top = score):
  👑 greeting: base=0.665 × top=0.665 = 0.4418 [hard_votes=1]
  · default: base=0.522 × top=0.522 = 0.2728 [hard_votes=1]
=========================================

Brain > [ENGINE] ✅ /right: contributors=1 rewarded=1 double_skip=0 coinflip_miss=0 grave_skip=0
✅ /right applied. 1 contributor(s) processed: 1 rewarded, 0 skipped (already gained), 0 missed coinflip.
   ↳ context intensity nudged up on 6 message(s) used last cycle.

Brain > --> Scanning specimens & looking for dialectical relations...
[ENGINE] ⚡  Attachment relay: 'node_4' fired via target 'node_3' (conf=0.374, connector="morning hello")
[ENGINE] 🔗  Attachment relay pass added 1 node(s) to expanded set.
[ORCHESTRATOR] 🎯 Lobe Curve (base × top = score):
  👑 greeting: base=0.52 × top=0.666 = 0.4433 [hard_votes=1]
  · default: base=0.522 × top=0.522 = 0.2724 [hard_votes=1]
--> 2 valid votes passed gate... compiling JIT superposition...

🤖 AIML Output Scaffold:
[Grug greet warm] Let me think with you. Remain polite, brief..
--- DEBUG TELEMETRY (orchestration internals, not for speech) ---
Mission: 'hello'
Primary Action: greet  (conf=0.67, certainty=SURE)
Sure Actions: [greet]
Unsure Actions (Coinflip Side-Features): [greet]
Constraints: [None]
Winning Node: node_3
Lobe Context: [greeting (3/3 active (good morning | howdy | hello hi))]
User Triples: None
Node Triples: None
Anti-Match Detected: false
Other Possibilities (strong but not winners):
  🔸 node_4 | action=greet | conf=0.37 | relations=None
AIML Memory Bank:
Deep Memory (Pinned): [User_Pinned]: Grug speak plain. Grug not pretend smart. | [User_Pinned]: Many rocks compete. Loudest rock get to talk. | [User_Pinned]: Grug listen first, talk second. | [User_Pinned]: Tribe stronger than lone hunter. | [User_Pinned]: Hot rock burn. Soft skin remember.
Fresh Memory [threshold=0.47 eligible=5] (Recent): [User]: hello (intensity=1.44) | [User]: hello (intensity=1.29)
Memory-Pull Policy: pull_fresh=false — SURE vote (conf=0.67) and no winning node requested context — fresh memory withheld
Lobe Curve (base × top = score):
  👑 greeting: base=0.52 × top=0.666 = 0.4433 [hard_votes=1]
  · default: base=0.522 × top=0.522 = 0.2724 [hard_votes=1]
=========================================

Brain > --> Scanning specimens & looking for dialectical relations...
[ORCHESTRATOR] 🎯 Lobe Curve (base × top = score):
  👑 greeting: base=0.657 × top=0.657 = 0.4314 [hard_votes=1]
  · default: base=0.52 × top=0.52 = 0.27 [hard_votes=1]
--> 1 valid votes passed gate... compiling JIT superposition...

🤖 AIML Output Scaffold:
[Grug greet warm] Let me think with you. Be polite, brief..
--- DEBUG TELEMETRY (orchestration internals, not for speech) ---
Mission: 'hello'
Primary Action: welcome  (conf=0.66, certainty=SURE)
Sure Actions: [welcome]
Unsure Actions (Coinflip Side-Features): [None]
Constraints: [None]
Winning Node: node_3
Lobe Context: [greeting (3/3 active (good morning | howdy | hello hi))]
User Triples: None
Node Triples: None
Anti-Match Detected: false
AIML Memory Bank:
Deep Memory (Pinned): [User_Pinned]: Grug speak plain. Grug not pretend smart. | [User_Pinned]: Many rocks compete. Loudest rock get to talk. | [User_Pinned]: Grug listen first, talk second. | [User_Pinned]: Tribe stronger than lone hunter. | [User_Pinned]: Hot rock burn. Soft skin remember.
Fresh Memory [threshold=0.38 eligible=7] (Recent): [System]: /nodeAttach: Attached 'node_5' to 'node_3' with pattern "casual hello" (base_conf=0.05, 2/4) (intensity=0.41)
Memory-Pull Policy: pull_fresh=false — SURE vote (conf=0.66) and no winning node requested context — fresh memory withheld
Lobe Curve (base × top = score):
  👑 greeting: base=0.657 × top=0.657 = 0.4314 [hard_votes=1]
  · default: base=0.52 × top=0.52 = 0.27 [hard_votes=1]
=========================================

Brain > [ENGINE] ✅ /right: contributors=1 rewarded=0 double_skip=1 coinflip_miss=0 grave_skip=0
✅ /right applied. 1 contributor(s) processed: 0 rewarded, 1 skipped (already gained), 0 missed coinflip.
   ↳ context intensity nudged up on 6 message(s) used last cycle.

Brain > --> Scanning specimens & looking for dialectical relations...
[ORCHESTRATOR] 🎯 Lobe Curve (base × top = score):
  👑 greeting: base=0.901 × top=0.901 = 0.8115 [hard_votes=1]
--> 1 valid votes passed gate... compiling JIT superposition...

🤖 AIML Output Scaffold:
[Grug acknowledge time of day with warmth] good morning.
--- DEBUG TELEMETRY (orchestration internals, not for speech) ---
Mission: 'good morning'
Primary Action: greet  (conf=0.9, certainty=SURE)
Sure Actions: [greet]
Unsure Actions (Coinflip Side-Features): [None]
Constraints: [None]
Winning Node: node_4
Lobe Context: [greeting (3/3 active (good morning | howdy | hello hi))]
User Triples: None
Node Triples: None
Anti-Match Detected: false
AIML Memory Bank:
Deep Memory (Pinned): [User_Pinned]: Grug speak plain. Grug not pretend smart. | [User_Pinned]: Many rocks compete. Loudest rock get to talk. | [User_Pinned]: Grug listen first, talk second. | [User_Pinned]: Tribe stronger than lone hunter. | [User_Pinned]: Hot rock burn. Soft skin remember.
Fresh Memory [threshold=0.38 eligible=9] (Recent): [User]: hello (intensity=0.93) | [User]: good morning (intensity=1.24)
Memory-Pull Policy: pull_fresh=false — SURE vote (conf=0.9) and no winning node requested context — fresh memory withheld
Lobe Curve (base × top = score):
  👑 greeting: base=0.901 × top=0.901 = 0.8115 [hard_votes=1]
=========================================

Brain > [ENGINE] ✅ /right: contributors=1 rewarded=1 double_skip=0 coinflip_miss=0 grave_skip=0
✅ /right applied. 1 contributor(s) processed: 1 rewarded, 0 skipped (already gained), 0 missed coinflip.
   ↳ context intensity nudged up on 7 message(s) used last cycle.

Brain > --> Scanning specimens & looking for dialectical relations...
[ORCHESTRATOR] 🎯 Lobe Curve (base × top = score):
  👑 greeting: base=0.657 × top=0.657 = 0.4314 [hard_votes=1]
--> 1 valid votes passed gate... compiling JIT superposition...

🤖 AIML Output Scaffold:
[Grug greet casually] Here is the picture: howdy.
--- DEBUG TELEMETRY (orchestration internals, not for speech) ---
Mission: 'howdy partner'
Primary Action: welcome  (conf=0.66, certainty=SURE)
Sure Actions: [welcome]
Unsure Actions (Coinflip Side-Features): [None]
Constraints: [None]
Winning Node: node_5
Lobe Context: [greeting (3/3 active (good morning | howdy | hello hi))]
User Triples: None
Node Triples: None
Anti-Match Detected: false
AIML Memory Bank:
Deep Memory (Pinned): [User_Pinned]: Grug speak plain. Grug not pretend smart. | [User_Pinned]: Many rocks compete. Loudest rock get to talk. | [User_Pinned]: Grug listen first, talk second. | [User_Pinned]: Tribe stronger than lone hunter. | [User_Pinned]: Hot rock burn. Soft skin remember.
Fresh Memory [threshold=0.38 eligible=8] (Recent): No recent sounds
Memory-Pull Policy: pull_fresh=false — SURE vote (conf=0.66) and no winning node requested context — fresh memory withheld
Lobe Curve (base × top = score):
  👑 greeting: base=0.657 × top=0.657 = 0.4314 [hard_votes=1]
=========================================

Brain > --> Scanning specimens & looking for dialectical relations...
[ORCHESTRATOR] 🎯 Lobe Curve (base × top = score):
  👑 explanation: base=0.913 × top=0.913 = 0.8342 [hard_votes=1]
  · default: base=0.548 × top=0.548 = 0.3003 [hard_votes=1]
  · survival: base=0.308 × top=0.308 = 0.0946 [hard_votes=0]
--> 1 valid votes passed gate... compiling JIT superposition...

🤖 AIML Output Scaffold:
[Grug explain plain] Here is the picture: No big words..
--- DEBUG TELEMETRY (orchestration internals, not for speech) ---
Mission: 'what is fire'
Primary Action: describe  (conf=0.91, certainty=SURE)
Sure Actions: [describe]
Unsure Actions (Coinflip Side-Features): [None]
Constraints: [None]
Winning Node: node_14
Lobe Context: [explanation (4/4 active (what is | clarify | define))]
User Triples: (what, is, fire)
Node Triples: None
Anti-Match Detected: false
AIML Memory Bank:
Deep Memory (Pinned): [User_Pinned]: Grug speak plain. Grug not pretend smart. | [User_Pinned]: Many rocks compete. Loudest rock get to talk. | [User_Pinned]: Grug listen first, talk second. | [User_Pinned]: Tribe stronger than lone hunter. | [User_Pinned]: Hot rock burn. Soft skin remember.
Fresh Memory [threshold=0.38 eligible=7] (Recent): [System]: Mission "howdy partner" → primary=welcome conf=0.66 node=node_5 (intensity=0.63) | [User]: what is fire (intensity=1.72)
Memory-Pull Policy: pull_fresh=false — SURE vote (conf=0.91) and no winning node requested context — fresh memory withheld
Lobe Curve (base × top = score):
  👑 explanation: base=0.913 × top=0.913 = 0.8342 [hard_votes=1]
  · default: base=0.548 × top=0.548 = 0.3003 [hard_votes=1]
  · survival: base=0.308 × top=0.308 = 0.0946 [hard_votes=0]
=========================================

Brain > [ENGINE] ✅ /right: contributors=1 rewarded=1 double_skip=0 coinflip_miss=0 grave_skip=0
✅ /right applied. 1 contributor(s) processed: 1 rewarded, 0 skipped (already gained), 0 missed coinflip.
   ↳ context intensity nudged up on 7 message(s) used last cycle.

Brain > --> Scanning specimens & looking for dialectical relations...
[ENGINE] ⚡  Attachment relay: 'node_7' fired via target 'node_6' (conf=0.57, connector="why think")
[ENGINE] ⚡  Attachment relay: 'node_8' fired via target 'node_6' (conf=0.161, connector="think mechanism")
[ENGINE] 🔗  Attachment relay pass added 2 node(s) to expanded set.
[ORCHESTRATOR] 🎯 Lobe Curve (base × top = score):
  👑 explanation: base=0.785 × top=0.785 = 0.6165 [hard_votes=1]
  · reasoning: base=0.353 × top=0.449 = 0.3246 [hard_votes=1]
--> 1 valid votes passed gate... compiling JIT superposition...

🤖 AIML Output Scaffold:
[Grug share what grug know] Here is the picture: say me. Pinned note: Many rocks compete. Loudest rock get to talk.
--- DEBUG TELEMETRY (orchestration internals, not for speech) ---
Mission: 'tell me about rocks'
Primary Action: explain  (conf=0.79, certainty=SURE)
Sure Actions: [explain]
Unsure Actions (Coinflip Side-Features): [None]
Constraints: [None]
Winning Node: node_15
Lobe Context: [explanation (4/4 active (what is | clarify | define))]
User Triples: None
Node Triples: None
Anti-Match Detected: false
AIML Memory Bank:
Deep Memory (Pinned): [User_Pinned]: Grug speak plain. Grug not pretend smart. | [User_Pinned]: Many rocks compete. Loudest rock get to talk. | [User_Pinned]: Grug listen first, talk second. | [User_Pinned]: Tribe stronger than lone hunter. | [User_Pinned]: Hot rock burn. Soft skin remember.
Fresh Memory [threshold=0.38 eligible=7] (Recent): [User]: what is fire (intensity=1.43) | [System]: Mission "what is fire" → primary=describe conf=0.91 node=node_14 (intensity=0.63)
Memory-Pull Policy: pull_fresh=false — SURE vote (conf=0.79) and no winning node requested context — fresh memory withheld
Lobe Curve (base × top = score):
  👑 explanation: base=0.785 × top=0.785 = 0.6165 [hard_votes=1]
  · reasoning: base=0.353 × top=0.449 = 0.3246 [hard_votes=1]
=========================================

Brain > --> Scanning specimens & looking for dialectical relations...
[ORCHESTRATOR] 🎯 Lobe Curve (base × top = score):
  👑 reasoning: base=0.787 × top=0.787 = 0.6197 [hard_votes=1]
  · default: base=0.472 × top=0.472 = 0.2231 [hard_votes=0]
  · survival: base=0.231 × top=0.231 = 0.0531 [hard_votes=0]
--> 1 valid votes passed gate... compiling JIT superposition...

🤖 AIML Output Scaffold:
[Grug seek cause] Here is the picture: Trace from product to source.. Pinned note: Hot rock burn. Soft skin remember.
--- DEBUG TELEMETRY (orchestration internals, not for speech) ---
Mission: 'why does fire burn'
Primary Action: reason  (conf=0.79, certainty=SURE)
Sure Actions: [reason]
Unsure Actions (Coinflip Side-Features): [None]
Constraints: [None]
Winning Node: node_7
Lobe Context: [reasoning (4/4 active (think about | how does | why))]
User Triples: None
Node Triples: None
Anti-Match Detected: false
AIML Memory Bank:
Deep Memory (Pinned): [User_Pinned]: Grug speak plain. Grug not pretend smart. | [User_Pinned]: Many rocks compete. Loudest rock get to talk. | [User_Pinned]: Grug listen first, talk second. | [User_Pinned]: Tribe stronger than lone hunter. | [User_Pinned]: Hot rock burn. Soft skin remember.
Fresh Memory [threshold=0.38 eligible=6] (Recent): [User]: what is fire (intensity=1.08)
Memory-Pull Policy: pull_fresh=false — SURE vote (conf=0.79) and no winning node requested context — fresh memory withheld
Lobe Curve (base × top = score):
  👑 reasoning: base=0.787 × top=0.787 = 0.6197 [hard_votes=1]
  · default: base=0.472 × top=0.472 = 0.2231 [hard_votes=0]
  · survival: base=0.231 × top=0.231 = 0.0531 [hard_votes=0]
=========================================

Brain > [ENGINE] ✅ /right: contributors=1 rewarded=0 double_skip=0 coinflip_miss=1 grave_skip=0
✅ /right applied. 1 contributor(s) processed: 0 rewarded, 0 skipped (already gained), 1 missed coinflip.
   ↳ context intensity nudged up on 6 message(s) used last cycle.

Brain > --> Scanning specimens & looking for dialectical relations...
[ORCHESTRATOR] 🎯 Lobe Curve (base × top = score):
  👑 craft: base=0.795 × top=0.795 = 0.6312 [hard_votes=1]
  · reasoning: base=0.521 × top=0.521 = 0.2715 [hard_votes=1]
  · inquiry: base=0.443 × top=0.443 = 0.1965 [hard_votes=0]
--> 1 valid votes passed gate... compiling JIT superposition...

🤖 AIML Output Scaffold:
[Grug talk about hitting-rock-with-handle] Here is the picture: hammer.
--- DEBUG TELEMETRY (orchestration internals, not for speech) ---
Mission: 'how does a hammer work'
Primary Action: describe  (conf=0.79, certainty=SURE)
Sure Actions: [describe]
Unsure Actions (Coinflip Side-Features): [None]
Constraints: [None]
Winning Node: node_41
Lobe Context: [craft (3/3 active (hammer | make a tool | build))]
User Triples: None
Node Triples: None
Anti-Match Detected: false
AIML Memory Bank:
Deep Memory (Pinned): [User_Pinned]: Grug speak plain. Grug not pretend smart. | [User_Pinned]: Many rocks compete. Loudest rock get to talk. | [User_Pinned]: Grug listen first, talk second. | [User_Pinned]: Tribe stronger than lone hunter. | [User_Pinned]: Hot rock burn. Soft skin remember.
Fresh Memory [threshold=0.38 eligible=6] (Recent): [User]: why does fire burn (intensity=0.92)
Memory-Pull Policy: pull_fresh=false — SURE vote (conf=0.79) and no winning node requested context — fresh memory withheld
Lobe Curve (base × top = score):
  👑 craft: base=0.795 × top=0.795 = 0.6312 [hard_votes=1]
  · reasoning: base=0.521 × top=0.521 = 0.2715 [hard_votes=1]
  · inquiry: base=0.443 × top=0.443 = 0.1965 [hard_votes=0]
=========================================

Brain > --> Scanning specimens & looking for dialectical relations...
[ORCHESTRATOR] 🎯 Lobe Curve (base × top = score):
  👑 explanation: base=0.731 × top=0.731 = 0.535 [hard_votes=1]
--> 1 valid votes passed gate... compiling JIT superposition...

🤖 AIML Output Scaffold:
[Grug explain plain] Here is the picture: No huge words..
--- DEBUG TELEMETRY (orchestration internals, not for speech) ---
Mission: 'what causes the storm to rumble'
Primary Action: describe  (conf=0.73, certainty=SURE)
Sure Actions: [describe]
Unsure Actions (Coinflip Side-Features): [None]
Constraints: [None]
Winning Node: node_14
Lobe Context: [explanation (4/4 active (what is | clarify | define))]
User Triples: (what, causes, the)
Node Triples: None
Anti-Match Detected: false
AIML Memory Bank:
Deep Memory (Pinned): [User_Pinned]: Grug speak plain. Grug not pretend smart. | [User_Pinned]: Many rocks compete. Loudest rock get to talk. | [User_Pinned]: Grug listen first, talk second. | [User_Pinned]: Tribe stronger than lone hunter. | [User_Pinned]: Hot rock burn. Soft skin remember.
Fresh Memory [threshold=0.38 eligible=6] (Recent): [User]: what is fire (intensity=0.77) | [User]: why does fire burn (intensity=0.59)
Memory-Pull Policy: pull_fresh=false — SURE vote (conf=0.73) and no winning node requested context — fresh memory withheld
Lobe Curve (base × top = score):
  👑 explanation: base=0.731 × top=0.731 = 0.535 [hard_votes=1]
=========================================

Brain > --> Scanning specimens & looking for dialectical relations...
[ENGINE] ⚡  Attachment relay: 'node_12' fired via target 'node_10' (conf=0.339, connector="danger fire")
[ENGINE] 🔗  Attachment relay pass added 1 node(s) to expanded set.
[ORCHESTRATOR] 🎯 Lobe Curve (base × top = score):
  👑 survival: base=0.466 × top=0.593 = 0.3514 [hard_votes=1]
--> 2 valid votes passed gate... compiling JIT superposition...

🤖 AIML Output Scaffold:
[Grug see threat] Warn loud and wipe..
--- DEBUG TELEMETRY (orchestration internals, not for speech) ---
Mission: 'danger ahead'
Primary Action: warn  (conf=0.59, certainty=SURE)
Sure Actions: [warn]
Unsure Actions (Coinflip Side-Features): [alert]
Constraints: [None]
Winning Node: node_10
Lobe Context: [survival (4/4 active (hide | fire burns | danger))]
User Triples: None
Node Triples: None
Anti-Match Detected: false
Other Possibilities (strong but not winners):
  🔸 node_12 | action=alert | conf=0.34 | relations=None
AIML Memory Bank:
Deep Memory (Pinned): [User_Pinned]: Grug speak plain. Grug not pretend smart. | [User_Pinned]: Many rocks compete. Loudest rock get to talk. | [User_Pinned]: Grug listen first, talk second. | [User_Pinned]: Tribe stronger than lone hunter. | [User_Pinned]: Hot rock burn. Soft skin remember.
Fresh Memory [threshold=0.38 eligible=7] (Recent): [User]: danger ahead (intensity=1.24)
Memory-Pull Policy: pull_fresh=false — SURE vote (conf=0.59) and no winning node requested context — fresh memory withheld
Lobe Curve (base × top = score):
  👑 survival: base=0.466 × top=0.593 = 0.3514 [hard_votes=1]
=========================================

Brain > [ENGINE] ✅ /right: contributors=2 rewarded=0 double_skip=0 coinflip_miss=2 grave_skip=0
✅ /right applied. 2 contributor(s) processed: 0 rewarded, 0 skipped (already gained), 2 missed coinflip.
   ↳ context intensity nudged up on 6 message(s) used last cycle.

Brain > --> Scanning specimens & looking for dialectical relations...
[ORCHESTRATOR] 🎯 Lobe Curve (base × top = score):
  👑 survival: base=0.52 × top=0.52 = 0.2708 [hard_votes=1]
--> 1 valid votes passed gate... compiling JIT superposition...

🤖 AIML Output Scaffold:
[Grug urge escape from harm] run.
--- DEBUG TELEMETRY (orchestration internals, not for speech) ---
Mission: 'run from the wolf now'
Primary Action: flee  (conf=0.52, certainty=SURE)
Sure Actions: [flee]
Unsure Actions (Coinflip Side-Features): [None]
Constraints: [None]
Winning Node: node_11
Lobe Context: [survival (4/4 active (hide | fire burns | danger))]
User Triples: None
Node Triples: None
Anti-Match Detected: false
AIML Memory Bank:
Deep Memory (Pinned): [User_Pinned]: Grug speak plain. Grug not pretend smart. | [User_Pinned]: Many rocks compete. Loudest rock get to talk. | [User_Pinned]: Grug listen first, talk second. | [User_Pinned]: Tribe stronger than lone hunter. | [User_Pinned]: Hot rock burn. Soft skin remember.
Fresh Memory [threshold=0.38 eligible=5] (Recent): [System]: Mission "what causes the storm to rumble" → primary=describe conf=0.73 node=node_14 (intensity=0.46) | [User]: run from the wolf now (intensity=1.28)
Memory-Pull Policy: pull_fresh=false — SURE vote (conf=0.52) and no winning node requested context — fresh memory withheld
Lobe Curve (base × top = score):
  👑 survival: base=0.52 × top=0.52 = 0.2708 [hard_votes=1]
=========================================

Brain > --> Scanning specimens & looking for dialectical relations...
[ORCHESTRATOR] 🎯 Lobe Curve (base × top = score):
  👑 survival: base=0.554 × top=0.554 = 0.3068 [hard_votes=1]
  · default: base=0.332 × top=0.332 = 0.1105 [hard_votes=0]
--> 1 valid votes passed gate... compiling JIT superposition...

🤖 AIML Output Scaffold:
[Grug warn of hot rock that bites] fire burns.
--- DEBUG TELEMETRY (orchestration internals, not for speech) ---
Mission: 'fire burns my hand'
Primary Action: warn  (conf=0.55, certainty=SURE)
Sure Actions: [warn]
Unsure Actions (Coinflip Side-Features): [None]
Constraints: [None]
Winning Node: node_12
Lobe Context: [survival (4/4 active (hide | fire burns | danger))]
User Triples: (fire, burns, my)
Node Triples: None
Anti-Match Detected: false
AIML Memory Bank:
Deep Memory (Pinned): [User_Pinned]: Grug speak plain. Grug not pretend smart. | [User_Pinned]: Many rocks compete. Loudest rock get to talk. | [User_Pinned]: Grug listen first, talk second. | [User_Pinned]: Tribe stronger than lone hunter. | [User_Pinned]: Hot rock burn. Soft skin remember.
Fresh Memory [threshold=0.38 eligible=7] (Recent): [User]: run from the wolf now (intensity=0.82)
Memory-Pull Policy: pull_fresh=false — SURE vote (conf=0.55) and no winning node requested context — fresh memory withheld
Lobe Curve (base × top = score):
  👑 survival: base=0.554 × top=0.554 = 0.3068 [hard_votes=1]
  · default: base=0.332 × top=0.332 = 0.1105 [hard_votes=0]
=========================================

Brain > [ENGINE] ✅ /right: contributors=1 rewarded=1 double_skip=0 coinflip_miss=0 grave_skip=0
✅ /right applied. 1 contributor(s) processed: 1 rewarded, 0 skipped (already gained), 0 missed coinflip.
   ↳ context intensity nudged up on 6 message(s) used last cycle.

Brain > --> Scanning specimens & looking for dialectical relations...
[ORCHESTRATOR] 🎯 Lobe Curve (base × top = score):
  👑 alert: base=0.555 × top=0.555 = 0.308 [hard_votes=1]
--> 1 valid votes passed gate... compiling JIT superposition...

🤖 AIML Output Scaffold:
[Grug point at incoming thing] Let me think with you. view out.
--- DEBUG TELEMETRY (orchestration internals, not for speech) ---
Mission: 'watch out for the cliff'
Primary Action: flag  (conf=0.55, certainty=SURE)
Sure Actions: [flag]
Unsure Actions (Coinflip Side-Features): [None]
Constraints: [None]
Winning Node: node_24
Lobe Context: [alert (3/3 active (watch out | careful | warning))]
User Triples: None
Node Triples: None
Anti-Match Detected: false
AIML Memory Bank:
Deep Memory (Pinned): [User_Pinned]: Grug speak plain. Grug not pretend smart. | [User_Pinned]: Many rocks compete. Loudest rock get to talk. | [User_Pinned]: Grug listen first, talk second. | [User_Pinned]: Tribe stronger than lone hunter. | [User_Pinned]: Hot rock burn. Soft skin remember.
Fresh Memory [threshold=0.38 eligible=7] (Recent): [System]: Mission "run from the wolf now" → primary=flee conf=0.52 node=node_11 (intensity=0.49) | [User]: fire burns my hand (intensity=1.1) | [User]: watch out for the cliff (intensity=1.28)
Memory-Pull Policy: pull_fresh=false — SURE vote (conf=0.55) and no winning node requested context — fresh memory withheld
Lobe Curve (base × top = score):
  👑 alert: base=0.555 × top=0.555 = 0.308 [hard_votes=1]
=========================================

Brain > --> Scanning specimens & looking for dialectical relations...
--> No valid specimens found for this input. Cave is silent.

Brain > --> Scanning specimens & looking for dialectical relations...
[ORCHESTRATOR] 🎯 Lobe Curve (base × top = score):
  👑 nature: base=0.455 × top=0.455 = 0.2072 [hard_votes=0]
--> 2 valid votes passed gate... compiling JIT superposition...

🤖 AIML Output Scaffold:
[Grug know tree make shade, nut, wood for fire] Let me think with you. tree. A companion frame: river.
--- DEBUG TELEMETRY (orchestration internals, not for speech) ---
Mission: 'perhaps the river bends near the old tree'
Primary Action: describe  (conf=0.46, certainty=UNSURE)
Sure Actions: [describe, warn]
Unsure Actions (Coinflip Side-Features): [None]
Constraints: [None]
Winning Node: node_38
Lobe Context: [nature (3/3 active (the sky | river | tree))]
User Triples: None
Node Triples: None
Anti-Match Detected: false
Tied Alternatives (not selected):
  🪨 node_37 | action=warn | conf=0.45 | relations=None
AIML Memory Bank:
Deep Memory (Pinned): [User_Pinned]: Grug speak plain. Grug not pretend smart. | [User_Pinned]: Many rocks compete. Loudest rock get to talk. | [User_Pinned]: Grug listen first, talk second. | [User_Pinned]: Tribe stronger than lone hunter. | [User_Pinned]: Hot rock burn. Soft skin remember.
Fresh Memory [threshold=0.38 eligible=7] (Recent): [User]: fire burns my hand (intensity=0.73) | [User]: watch out for the cliff (intensity=0.89) | [User]: STOP that immediately (intensity=0.64)
Memory-Pull Policy: pull_fresh=true — vote certainty=UNSURE — context helps disambiguate
Lobe Curve (base × top = score):
  👑 nature: base=0.455 × top=0.455 = 0.2072 [hard_votes=0]
=========================================

Brain > --> Scanning specimens & looking for dialectical relations...
[ORCHESTRATOR] 🎯 Lobe Curve (base × top = score):
  👑 planning: base=0.501 × top=0.501 = 0.251 [hard_votes=1]
--> 1 valid votes passed gate... compiling JIT superposition...

🤖 AIML Output Scaffold:
[Grug weigh path forward] Let me think with you. Many possible step..
--- DEBUG TELEMETRY (orchestration internals, not for speech) ---
Mission: 'maybe we should wait for dawn'
Primary Action: ponder  (conf=0.5, certainty=SURE)
Sure Actions: [ponder]
Unsure Actions (Coinflip Side-Features): [None]
Constraints: [None]
Winning Node: node_33
Lobe Context: [planning (3/3 active (plan to | next step | should we))]
User Triples: None
Node Triples: None
Anti-Match Detected: false
AIML Memory Bank:
Deep Memory (Pinned): [User_Pinned]: Grug speak plain. Grug not pretend smart. | [User_Pinned]: Many rocks compete. Loudest rock get to talk. | [User_Pinned]: Grug listen first, talk second. | [User_Pinned]: Tribe stronger than lone hunter. | [User_Pinned]: Hot rock burn. Soft skin remember.
Fresh Memory [threshold=0.38 eligible=8] (Recent): [User]: STOP that immediately (intensity=0.42)
Memory-Pull Policy: pull_fresh=false — SURE vote (conf=0.5) and no winning node requested context — fresh memory withheld
Lobe Curve (base × top = score):
  👑 planning: base=0.501 × top=0.501 = 0.251 [hard_votes=1]
=========================================

Brain > [ENGINE] ✅ /right: contributors=1 rewarded=0 double_skip=0 coinflip_miss=1 grave_skip=0
✅ /right applied. 1 contributor(s) processed: 0 rewarded, 0 skipped (already gained), 1 missed coinflip.
   ↳ context intensity nudged up on 6 message(s) used last cycle.

Brain > --> Scanning specimens & looking for dialectical relations...
--> No valid specimens found for this input. Cave is silent.

Brain > --> Scanning specimens & looking for dialectical relations...
--> No valid specimens found for this input. Cave is silent.

Brain > --> Scanning specimens & looking for dialectical relations...
--> No valid specimens found for this input. Cave is silent.

Brain > --> Scanning specimens & looking for dialectical relations...
--> No valid specimens found for this input. Cave is silent.

Brain > --> Scanning specimens & looking for dialectical relations...
--> No valid specimens found for this input. Cave is silent.

Brain > --> Scanning specimens & looking for dialectical relations...
--> No valid specimens found for this input. Cave is silent.

Brain > --> Scanning specimens & looking for dialectical relations...
[ORCHESTRATOR] 🎯 Lobe Curve (base × top = score):
  👑 reasoning: base=0.88 × top=0.88 = 0.7737 [hard_votes=1]
--> 1 valid votes passed gate... compiling JIT superposition...

🤖 AIML Output Scaffold:
[Grug seek cause] I hear that. Trace from product to source..
--- DEBUG TELEMETRY (orchestration internals, not for speech) ---
Mission: 'why is this stupid garbage broken?'
Primary Action: analyze  (conf=0.88, certainty=SURE)
Sure Actions: [analyze]
Unsure Actions (Coinflip Side-Features): [None]
Constraints: [None]
Winning Node: node_7
Lobe Context: [reasoning (4/4 active (think about | how does | why))]
User Triples: (why, is, this)
Node Triples: None
Anti-Match Detected: false
AIML Memory Bank:
Deep Memory (Pinned): [User_Pinned]: Grug speak plain. Grug not pretend smart. | [User_Pinned]: Many rocks compete. Loudest rock get to talk. | [User_Pinned]: Grug listen first, talk second. | [User_Pinned]: Tribe stronger than lone hunter. | [User_Pinned]: Hot rock burn. Soft skin remember.
Fresh Memory [threshold=0.56 eligible=10] (Recent): [User]: why is this stupid garbage broken? (intensity=1.68)
Memory-Pull Policy: pull_fresh=false — SURE vote (conf=0.88) and no winning node requested context — fresh memory withheld
Lobe Curve (base × top = score):
  👑 reasoning: base=0.88 × top=0.88 = 0.7737 [hard_votes=1]
=========================================

Brain > --> Scanning specimens & looking for dialectical relations...
[ORCHESTRATOR] 🎯 Lobe Curve (base × top = score):
  👑 explanation: base=0.32 × top=0.32 = 0.1024 [hard_votes=0]
--> 1 valid votes passed gate... compiling JIT superposition...

🤖 AIML Output Scaffold:
[Grug explain plain] I hear that. No enormous words..
--- DEBUG TELEMETRY (orchestration internals, not for speech) ---
Mission: 'what kind of idiot designed this?'
Primary Action: define  (conf=0.32, certainty=SURE)
Sure Actions: [define]
Unsure Actions (Coinflip Side-Features): [None]
Constraints: [None]
Winning Node: node_14
Lobe Context: [explanation (4/4 active (what is | clarify | define))]
User Triples: None
Node Triples: None
Anti-Match Detected: false
AIML Memory Bank:
Deep Memory (Pinned): [User_Pinned]: Grug speak plain. Grug not pretend smart. | [User_Pinned]: Many rocks compete. Loudest rock get to talk. | [User_Pinned]: Grug listen first, talk second. | [User_Pinned]: Tribe stronger than lone hunter. | [User_Pinned]: Hot rock burn. Soft skin remember.
Fresh Memory [threshold=0.47 eligible=7] (Recent): [User]: why is this stupid garbage broken? (intensity=1.13) | [User]: what kind of idiot designed this? (intensity=1.31)
Memory-Pull Policy: pull_fresh=true — primary confidence=0.32 < trust floor 0.45
Lobe Curve (base × top = score):
  👑 explanation: base=0.32 × top=0.32 = 0.1024 [hard_votes=0]
=========================================

Brain > --> Scanning specimens & looking for dialectical relations...
[ORCHESTRATOR] 🎯 Lobe Curve (base × top = score):
  👑 reasoning: base=0.777 × top=0.777 = 0.604 [hard_votes=2]
  · explanation: base=0.229 × top=0.229 = 0.0522 [hard_votes=0]
  · inquiry: base=0.229 × top=0.229 = 0.0522 [hard_votes=0]
  · memory: base=0.106 × top=0.106 = 0.0113 [hard_votes=0]
--> 2 valid votes passed gate... compiling JIT superposition...

🤖 AIML Output Scaffold:
[Grug seek cause] Here is the picture: Trace from outcome to source.. A companion frame: how does.
--- DEBUG TELEMETRY (orchestration internals, not for speech) ---
Mission: 'what why how when where which what why how when?'
Primary Action: reason  (conf=0.78, certainty=UNSURE)
Sure Actions: [reason, explain]
Unsure Actions (Coinflip Side-Features): [None]
Constraints: [None]
Winning Node: node_7
Lobe Context: [reasoning (4/4 active (think about | how does | why))]
User Triples: None
Node Triples: None
Anti-Match Detected: false
Tied Alternatives (not selected):
  🪨 node_8 | action=explain | conf=0.78 | relations=None
AIML Memory Bank:
Deep Memory (Pinned): [User_Pinned]: Grug speak plain. Grug not pretend smart. | [User_Pinned]: Many rocks compete. Loudest rock get to talk. | [User_Pinned]: Grug listen first, talk second. | [User_Pinned]: Tribe stronger than lone hunter. | [User_Pinned]: Hot rock burn. Soft skin remember.
Fresh Memory [threshold=0.38 eligible=6] (Recent): [User]: why is this stupid garbage broken? (intensity=0.78) | [System]: Mission "what kind of idiot designed this?" → primary=define conf=0.32 node=node_14 (intensity=0.71)
Memory-Pull Policy: pull_fresh=true — vote certainty=UNSURE — context helps disambiguate
Lobe Curve (base × top = score):
  👑 reasoning: base=0.777 × top=0.777 = 0.604 [hard_votes=2]
  · explanation: base=0.229 × top=0.229 = 0.0522 [hard_votes=0]
  · inquiry: base=0.229 × top=0.229 = 0.0522 [hard_votes=0]
  · memory: base=0.106 × top=0.106 = 0.0113 [hard_votes=0]
=========================================

Brain > --> Scanning specimens & looking for dialectical relations...
[ENGINE] ⚡  Attachment relay: 'node_11' fired via target 'node_10' (conf=0.483, connector="danger run")
[ENGINE] ⚡  Attachment relay: 'node_12' fired via target 'node_10' (conf=0.428, connector="danger fire")
[ENGINE] 🔗  Attachment relay pass added 2 node(s) to expanded set.
[ORCHESTRATOR] 🎯 Lobe Curve (base × top = score):
  👑 survival: base=0.614 × top=0.707 = 0.868 [hard_votes=1]
--> 3 valid votes passed gate... compiling JIT superposition...

🤖 AIML Output Scaffold:
[Grug see threat] Warn loud and wipe..
--- DEBUG TELEMETRY (orchestration internals, not for speech) ---
Mission: 'STOP STOP STOP NOW NOW NOW DANGER DANGER DANGER!!!'
Primary Action: alert  (conf=0.93, certainty=SURE)
Sure Actions: [alert]
Unsure Actions (Coinflip Side-Features): [alert]
Constraints: [None]
Winning Node: node_10
Lobe Context: [survival (4/4 active (hide | fire burns | danger))]
User Triples: None
Node Triples: None
Anti-Match Detected: false
Other Possibilities (strong but not winners):
  🔸 node_12 | action=alert | conf=0.43 | relations=None
AIML Memory Bank:
Deep Memory (Pinned): [User_Pinned]: Grug speak plain. Grug not pretend smart. | [User_Pinned]: Many rocks compete. Loudest rock get to talk. | [User_Pinned]: Grug listen first, talk second. | [User_Pinned]: Tribe stronger than lone hunter. | [User_Pinned]: Hot rock burn. Soft skin remember.
Fresh Memory [threshold=0.38 eligible=6] (Recent): [User]: what why how when where which what why how when? (intensity=0.82) | [User]: STOP STOP STOP NOW NOW NOW DANGER DANGER DANGER!!! (intensity=1.26)
Memory-Pull Policy: pull_fresh=false — SURE vote (conf=0.93) and no winning node requested context — fresh memory withheld
Lobe Curve (base × top = score):
  👑 survival: base=0.614 × top=0.707 = 0.868 [hard_votes=1]
=========================================

Brain > --> Scanning specimens & looking for dialectical relations...
[ENGINE] ⚡  Attachment relay: 'node_19' fired via target 'node_18' (conf=0.573, connector="feel sad")
[ENGINE] ⚡  Attachment relay: 'node_21' fired via target 'node_18' (conf=0.692, connector="feel lonely")
[ENGINE] 🔗  Attachment relay pass added 1 node(s) to expanded set.
[ORCHESTRATOR] 🎯 Lobe Curve (base × top = score):
  👑 comfort: base=0.63 × top=0.645 = 0.4784 [hard_votes=3]
--> 3 valid votes passed gate... compiling JIT superposition...

🤖 AIML Output Scaffold:
[Grug sit close] Let me think with you. Many tribe feel this.. A companion frame: Assess, do not mend..
--- DEBUG TELEMETRY (orchestration internals, not for speech) ---
Mission: 'i feel sad today'
Primary Action: comfort  (conf=0.69, certainty=UNSURE)
Sure Actions: [comfort, comfort]
Unsure Actions (Coinflip Side-Features): [None]
Constraints: [None]
Winning Node: node_21
Lobe Context: [comfort (4/4 active (i feel | worried | sad))]
User Triples: None
Node Triples: (node_18, relay_attached, feel lonely)
Anti-Match Detected: false
Tied Alternatives (not selected):
  🪨 node_18 | action=comfort | conf=0.6 | relations=None
AIML Memory Bank:
Deep Memory (Pinned): [User_Pinned]: Grug speak plain. Grug not pretend smart. | [User_Pinned]: Many rocks compete. Loudest rock get to talk. | [User_Pinned]: Grug listen first, talk second. | [User_Pinned]: Tribe stronger than lone hunter. | [User_Pinned]: Hot rock burn. Soft skin remember.
Fresh Memory [threshold=0.38 eligible=6] (Recent): [User]: what why how when where which what why how when? (intensity=0.55) | [System]: Mission "STOP STOP STOP NOW NOW NOW DANGER DANGER DANGER!!!" → primary=alert conf=0.93 node=node_10 (intensity=0.65)
Memory-Pull Policy: pull_fresh=true — vote certainty=UNSURE — context helps disambiguate
Lobe Curve (base × top = score):
  👑 comfort: base=0.63 × top=0.645 = 0.4784 [hard_votes=3]
=========================================

Brain > [ENGINE] ✅ /right: contributors=2 rewarded=1 double_skip=0 coinflip_miss=1 grave_skip=0
✅ /right applied. 2 contributor(s) processed: 1 rewarded, 0 skipped (already gained), 1 missed coinflip.
   ↳ context intensity nudged up on 7 message(s) used last cycle.

Brain > --> Scanning specimens & looking for dialectical relations...
[ENGINE] ⚡  Attachment relay: 'node_8' fired via target 'node_6' (conf=0.1, connector="think mechanism")
[ENGINE] ⚡  Attachment relay: 'node_19' fired via target 'node_18' (conf=0.569, connector="feel sad")
[ENGINE] ⚡  Attachment relay: 'node_20' fired via target 'node_18' (conf=0.636, connector="feel worried")
[ENGINE] ⚡  Attachment relay: 'node_21' fired via target 'node_18' (conf=0.59, connector="feel lonely")
[ENGINE] 🔗  Attachment relay pass added 3 node(s) to expanded set.
[ORCHESTRATOR] 🎯 Lobe Curve (base × top = score):
  👑 comfort: base=0.523 × top=0.579 = 0.3481 [hard_votes=2]
  · reasoning: base=0.135 × top=0.17 = 0.0289 [hard_votes=0]
--> 4 valid votes passed gate... compiling JIT superposition...

🤖 AIML Output Scaffold:
[Grug sit close] Let me think with you. Many tribe feel this.. A companion frame: Supply presence not solutions.. I am not fully locked in — comfort is also on the table.
--- DEBUG TELEMETRY (orchestration internals, not for speech) ---
Mission: 'i feel worried about tomorrow'
Primary Action: comfort  (conf=0.59, certainty=UNSURE)
Sure Actions: [comfort, comfort]
Unsure Actions (Coinflip Side-Features): [comfort]
Constraints: [None]
Winning Node: node_21
Lobe Context: [comfort (4/4 active (i feel | worried | sad))]
User Triples: None
Node Triples: (node_18, relay_attached, feel lonely)
Anti-Match Detected: false
Tied Alternatives (not selected):
  🪨 node_19 | action=comfort | conf=0.57 | relations=None
Other Possibilities (strong but not winners):
  🔸 node_18 | action=comfort | conf=0.47 | relations=None
AIML Memory Bank:
Deep Memory (Pinned): [User_Pinned]: Grug speak plain. Grug not pretend smart. | [User_Pinned]: Many rocks compete. Loudest rock get to talk. | [User_Pinned]: Grug listen first, talk second. | [User_Pinned]: Tribe stronger than lone hunter. | [User_Pinned]: Hot rock burn. Soft skin remember.
Fresh Memory [threshold=0.38 eligible=6] (Recent): [User]: i feel sad today (intensity=0.97)
Memory-Pull Policy: pull_fresh=true — vote certainty=UNSURE — context helps disambiguate
Lobe Curve (base × top = score):
  👑 comfort: base=0.523 × top=0.579 = 0.3481 [hard_votes=2]
  · reasoning: base=0.135 × top=0.17 = 0.0289 [hard_votes=0]
=========================================

Brain > --> Scanning specimens & looking for dialectical relations...
[ENGINE] ⚡  Attachment relay: 'node_19' fired via target 'node_18' (conf=0.514, connector="feel sad")
[ENGINE] ⚡  Attachment relay: 'node_20' fired via target 'node_18' (conf=0.569, connector="feel worried")
[ENGINE] 🔗  Attachment relay pass added 2 node(s) to expanded set.
[ORCHESTRATOR] 🎯 Lobe Curve (base × top = score):
  👑 comfort: base=0.526 × top=0.541 = 0.3234 [hard_votes=4]
--> 4 valid votes passed gate... compiling JIT superposition...

🤖 AIML Output Scaffold:
[Grug listen to feeling] Let me think with you. Examine, do not fix..
--- DEBUG TELEMETRY (orchestration internals, not for speech) ---
Mission: 'i feel lonely in the cave'
Primary Action: acknowledge  (conf=0.51, certainty=SURE)
Sure Actions: [acknowledge]
Unsure Actions (Coinflip Side-Features): [reassure, comfort]
Constraints: [None]
Winning Node: node_18
Lobe Context: [comfort (4/4 active (i feel | worried | sad))]
User Triples: None
Node Triples: None
Anti-Match Detected: false
Other Possibilities (strong but not winners):
  🔸 node_20 | action=reassure | conf=0.57 | relations=None
  🔸 node_21 | action=comfort | conf=0.51 | relations=None
AIML Memory Bank:
Deep Memory (Pinned): [User_Pinned]: Grug speak plain. Grug not pretend smart. | [User_Pinned]: Many rocks compete. Loudest rock get to talk. | [User_Pinned]: Grug listen first, talk second. | [User_Pinned]: Tribe stronger than lone hunter. | [User_Pinned]: Hot rock burn. Soft skin remember.
Fresh Memory [threshold=0.38 eligible=7] (Recent): [System]: Mission "i feel worried about tomorrow" → primary=comfort conf=0.59 node=node_21 (intensity=0.72) | [User]: i feel lonely in the cave (intensity=1.25)
Memory-Pull Policy: pull_fresh=false — SURE vote (conf=0.51) and no winning node requested context — fresh memory withheld
Lobe Curve (base × top = score):
  👑 comfort: base=0.526 × top=0.541 = 0.3234 [hard_votes=4]
=========================================

Brain > [ENGINE] ✅ /right: contributors=3 rewarded=1 double_skip=1 coinflip_miss=1 grave_skip=0
✅ /right applied. 3 contributor(s) processed: 1 rewarded, 1 skipped (already gained), 1 missed coinflip.
   ↳ context intensity nudged up on 7 message(s) used last cycle.

Brain > --> Scanning specimens & looking for dialectical relations...
[ORCHESTRATOR] 🎯 Lobe Curve (base × top = score):
  👑 survival: base=0.361 × top=0.361 = 0.1305 [hard_votes=0]
  · default: base=0.217 × top=0.217 = 0.047 [hard_votes=0]
--> 1 valid votes passed gate... compiling JIT superposition...

🤖 AIML Output Scaffold:
[Grug warn of hot rock that bites] fire burns.
--- DEBUG TELEMETRY (orchestration internals, not for speech) ---
Mission: 'i did it i made fire'
Primary Action: warn  (conf=0.36, certainty=SURE)
Sure Actions: [warn]
Unsure Actions (Coinflip Side-Features): [None]
Constraints: [None]
Winning Node: node_12
Lobe Context: [survival (4/4 active (hide | fire burns | danger))]
User Triples: None
Node Triples: None
Anti-Match Detected: false
AIML Memory Bank:
Deep Memory (Pinned): [User_Pinned]: Grug speak plain. Grug not pretend smart. | [User_Pinned]: Many rocks compete. Loudest rock get to talk. | [User_Pinned]: Grug listen first, talk second. | [User_Pinned]: Tribe stronger than lone hunter. | [User_Pinned]: Hot rock burn. Soft skin remember.
Fresh Memory [threshold=0.38 eligible=6] (Recent): [User]: i feel sad today (intensity=0.45) | [User]: i feel lonely in the cave (intensity=1.15)
Memory-Pull Policy: pull_fresh=true — primary confidence=0.36 < trust floor 0.45
Lobe Curve (base × top = score):
  👑 survival: base=0.361 × top=0.361 = 0.1305 [hard_votes=0]
  · default: base=0.217 × top=0.217 = 0.047 [hard_votes=0]
=========================================

Brain > --> Scanning specimens & looking for dialectical relations...
[ORCHESTRATOR] 🎯 Lobe Curve (base × top = score):
  👑 celebration: base=0.557 × top=0.557 = 0.3098 [hard_votes=1]
--> 1 valid votes passed gate... compiling JIT superposition...

🤖 AIML Output Scaffold:
[Grug celebrate with loud good noise] Let me think with you. victory.
--- DEBUG TELEMETRY (orchestration internals, not for speech) ---
Mission: 'victory over the bear'
Primary Action: smile  (conf=0.56, certainty=SURE)
Sure Actions: [smile]
Unsure Actions (Coinflip Side-Features): [None]
Constraints: [None]
Winning Node: node_26
Lobe Context: [celebration (3/3 active (i did it | victory | thank you))]
User Triples: None
Node Triples: None
Anti-Match Detected: false
AIML Memory Bank:
Deep Memory (Pinned): [User_Pinned]: Grug speak plain. Grug not pretend smart. | [User_Pinned]: Many rocks compete. Loudest rock get to talk. | [User_Pinned]: Grug listen first, talk second. | [User_Pinned]: Tribe stronger than lone hunter. | [User_Pinned]: Hot rock burn. Soft skin remember.
Fresh Memory [threshold=0.38 eligible=7] (Recent): [System]: Mission "i feel worried about tomorrow" → primary=comfort conf=0.59 node=node_21 (intensity=0.5) | [System]: Mission "i did it i made fire" → primary=warn conf=0.36 node=node_12 (intensity=0.64)
Memory-Pull Policy: pull_fresh=false — SURE vote (conf=0.56) and no winning node requested context — fresh memory withheld
Lobe Curve (base × top = score):
  👑 celebration: base=0.557 × top=0.557 = 0.3098 [hard_votes=1]
=========================================

Brain > --> Scanning specimens & looking for dialectical relations...
[ORCHESTRATOR] 🎯 Lobe Curve (base × top = score):
  👑 celebration: base=0.417 × top=0.417 = 0.1737 [hard_votes=0]
--> 1 valid votes passed gate... compiling JIT superposition...

🤖 AIML Output Scaffold:
[Grug receive thanks with grace] Let me think with you. thank you.
--- DEBUG TELEMETRY (orchestration internals, not for speech) ---
Mission: 'thank you for the food'
Primary Action: acknowledge  (conf=0.42, certainty=SURE)
Sure Actions: [acknowledge]
Unsure Actions (Coinflip Side-Features): [None]
Constraints: [None]
Winning Node: node_27
Lobe Context: [celebration (3/3 active (i did it | victory | thank you))]
User Triples: None
Node Triples: None
Anti-Match Detected: false
AIML Memory Bank:
Deep Memory (Pinned): [User_Pinned]: Grug speak plain. Grug not pretend smart. | [User_Pinned]: Many rocks compete. Loudest rock get to talk. | [User_Pinned]: Grug listen first, talk second. | [User_Pinned]: Tribe stronger than lone hunter. | [User_Pinned]: Hot rock burn. Soft skin remember.
Fresh Memory [threshold=0.38 eligible=6] (Recent): [System]: Mission "victory over the bear" → primary=smile conf=0.56 node=node_26 (intensity=0.7) | [User]: thank you for the food (intensity=1.31)
Memory-Pull Policy: pull_fresh=true — primary confidence=0.42 < trust floor 0.45
Lobe Curve (base × top = score):
  👑 celebration: base=0.417 × top=0.417 = 0.1737 [hard_votes=0]
=========================================

Brain > [ENGINE] ✅ /right: contributors=1 rewarded=1 double_skip=0 coinflip_miss=0 grave_skip=0
✅ /right applied. 1 contributor(s) processed: 1 rewarded, 0 skipped (already gained), 0 missed coinflip.
   ↳ context intensity nudged up on 7 message(s) used last cycle.

Brain > --> Scanning specimens & looking for dialectical relations...
[ORCHESTRATOR] 🎯 Lobe Curve (base × top = score):
  👑 planning: base=0.386 × top=0.386 = 0.149 [hard_votes=0]
--> 1 valid votes passed gate... compiling JIT superposition...

🤖 AIML Output Scaffold:
[Grug weigh path forward] Let me think with you. Many possible step..
--- DEBUG TELEMETRY (orchestration internals, not for speech) ---
Mission: 'should we move camp'
Primary Action: ponder  (conf=0.39, certainty=SURE)
Sure Actions: [ponder]
Unsure Actions (Coinflip Side-Features): [None]
Constraints: [None]
Winning Node: node_33
Lobe Context: [planning (3/3 active (plan to | next step | should we))]
User Triples: None
Node Triples: None
Anti-Match Detected: false
AIML Memory Bank:
Deep Memory (Pinned): [User_Pinned]: Grug speak plain. Grug not pretend smart. | [User_Pinned]: Many rocks compete. Loudest rock get to talk. | [User_Pinned]: Grug listen first, talk second. | [User_Pinned]: Tribe stronger than lone hunter. | [User_Pinned]: Hot rock burn. Soft skin remember.
Fresh Memory [threshold=0.38 eligible=6] (Recent): No recent sounds
Memory-Pull Policy: pull_fresh=true — primary confidence=0.39 < trust floor 0.45
Lobe Curve (base × top = score):
  👑 planning: base=0.386 × top=0.386 = 0.149 [hard_votes=0]
=========================================

Brain > [ENGINE] ✅ /right: contributors=1 rewarded=0 double_skip=0 coinflip_miss=1 grave_skip=0
✅ /right applied. 1 contributor(s) processed: 0 rewarded, 0 skipped (already gained), 1 missed coinflip.
   ↳ context intensity nudged up on 5 message(s) used last cycle.

Brain > --> Scanning specimens & looking for dialectical relations...
[ORCHESTRATOR] 🎯 Lobe Curve (base × top = score):
  👑 planning: base=0.522 × top=0.522 = 0.2721 [hard_votes=1]
--> 1 valid votes passed gate... compiling JIT superposition...

🤖 AIML Output Scaffold:
[Grug sketch path in dirt] concept to.
--- DEBUG TELEMETRY (orchestration internals, not for speech) ---
Mission: 'plan to hunt at dawn'
Primary Action: explain  (conf=0.52, certainty=SURE)
Sure Actions: [explain]
Unsure Actions (Coinflip Side-Features): [None]
Constraints: [None]
Winning Node: node_34
Lobe Context: [planning (3/3 active (plan to | next step | should we))]
User Triples: None
Node Triples: None
Anti-Match Detected: false
AIML Memory Bank:
Deep Memory (Pinned): [User_Pinned]: Grug speak plain. Grug not pretend smart. | [User_Pinned]: Many rocks compete. Loudest rock get to talk. | [User_Pinned]: Grug listen first, talk second. | [User_Pinned]: Tribe stronger than lone hunter. | [User_Pinned]: Hot rock burn. Soft skin remember.
Fresh Memory [threshold=0.38 eligible=7] (Recent): [User]: victory over the bear (intensity=0.38)
Memory-Pull Policy: pull_fresh=false — SURE vote (conf=0.52) and no winning node requested context — fresh memory withheld
Lobe Curve (base × top = score):
  👑 planning: base=0.522 × top=0.522 = 0.2721 [hard_votes=1]
=========================================

Brain > --> Scanning specimens & looking for dialectical relations...
[ORCHESTRATOR] 🎯 Lobe Curve (base × top = score):
  👑 planning: base=0.734 × top=0.734 = 0.5395 [hard_votes=1]
--> 1 valid votes passed gate... compiling JIT superposition...

🤖 AIML Output Scaffold:
[Grug name what come after] next step.
--- DEBUG TELEMETRY (orchestration internals, not for speech) ---
Mission: 'next step in the trap'
Primary Action: describe  (conf=0.73, certainty=SURE)
Sure Actions: [describe]
Unsure Actions (Coinflip Side-Features): [None]
Constraints: [None]
Winning Node: node_35
Lobe Context: [planning (3/3 active (plan to | next step | should we))]
User Triples: None
Node Triples: None
Anti-Match Detected: false
AIML Memory Bank:
Deep Memory (Pinned): [User_Pinned]: Grug speak plain. Grug not pretend smart. | [User_Pinned]: Many rocks compete. Loudest rock get to talk. | [User_Pinned]: Grug listen first, talk second. | [User_Pinned]: Tribe stronger than lone hunter. | [User_Pinned]: Hot rock burn. Soft skin remember.
Fresh Memory [threshold=0.38 eligible=7] (Recent): [System]: Mission "victory over the bear" → primary=smile conf=0.56 node=node_26 (intensity=0.38) | [User]: plan to hunt at dawn (intensity=0.84) | [User]: next step in the trap (intensity=1.29)
Memory-Pull Policy: pull_fresh=false — SURE vote (conf=0.73) and no winning node requested context — fresh memory withheld
Lobe Curve (base × top = score):
  👑 planning: base=0.734 × top=0.734 = 0.5395 [hard_votes=1]
=========================================

Brain > --> Scanning specimens & looking for dialectical relations...
[ORCHESTRATOR] 🎯 Lobe Curve (base × top = score):
  👑 nature: base=0.598 × top=0.598 = 0.3575 [hard_votes=1]
--> 1 valid votes passed gate... compiling JIT superposition...

🤖 AIML Output Scaffold:
[Grug look up] Let me think with you. Gigantic blue or grey. Load weather..
--- DEBUG TELEMETRY (orchestration internals, not for speech) ---
Mission: 'the sky looks dark'
Primary Action: describe  (conf=0.6, certainty=SURE)
Sure Actions: [describe]
Unsure Actions (Coinflip Side-Features): [None]
Constraints: [None]
Winning Node: node_36
Lobe Context: [nature (3/3 active (the sky | river | tree))]
User Triples: None
Node Triples: None
Anti-Match Detected: false
AIML Memory Bank:
Deep Memory (Pinned): [User_Pinned]: Grug speak plain. Grug not pretend smart. | [User_Pinned]: Many rocks compete. Loudest rock get to talk. | [User_Pinned]: Grug listen first, talk second. | [User_Pinned]: Tribe stronger than lone hunter. | [User_Pinned]: Hot rock burn. Soft skin remember.
Fresh Memory [threshold=0.38 eligible=6] (Recent): No recent sounds
Memory-Pull Policy: pull_fresh=false — SURE vote (conf=0.6) and no winning node requested context — fresh memory withheld
Lobe Curve (base × top = score):
  👑 nature: base=0.598 × top=0.598 = 0.3575 [hard_votes=1]
=========================================

Brain > --> Scanning specimens & looking for dialectical relations...
[ORCHESTRATOR] 🎯 Lobe Curve (base × top = score):
  👑 nature: base=0.642 × top=0.642 = 0.412 [hard_votes=1]
--> 1 valid votes passed gate... compiling JIT superposition...

🤖 AIML Output Scaffold:
[Grug know water move and life depend on it] Let me think with you. river.
--- DEBUG TELEMETRY (orchestration internals, not for speech) ---
Mission: 'the river is high'
Primary Action: describe  (conf=0.64, certainty=SURE)
Sure Actions: [describe]
Unsure Actions (Coinflip Side-Features): [None]
Constraints: [None]
Winning Node: node_37
Lobe Context: [nature (3/3 active (the sky | river | tree))]
User Triples: (river, is, high)
Node Triples: None
Anti-Match Detected: false
AIML Memory Bank:
Deep Memory (Pinned): [User_Pinned]: Grug speak plain. Grug not pretend smart. | [User_Pinned]: Many rocks compete. Loudest rock get to talk. | [User_Pinned]: Grug listen first, talk second. | [User_Pinned]: Tribe stronger than lone hunter. | [User_Pinned]: Hot rock burn. Soft skin remember.
Fresh Memory [threshold=0.38 eligible=6] (Recent): [User]: the sky looks dark (intensity=0.98) | [User]: the river is high (intensity=1.68)
Memory-Pull Policy: pull_fresh=false — SURE vote (conf=0.64) and no winning node requested context — fresh memory withheld
Lobe Curve (base × top = score):
  👑 nature: base=0.642 × top=0.642 = 0.412 [hard_votes=1]
=========================================

Brain > [ENGINE] ✅ /right: contributors=1 rewarded=1 double_skip=0 coinflip_miss=0 grave_skip=0
✅ /right applied. 1 contributor(s) processed: 1 rewarded, 0 skipped (already gained), 0 missed coinflip.
   ↳ context intensity nudged up on 7 message(s) used last cycle.

Brain > --> Scanning specimens & looking for dialectical relations...
[ENGINE] ⚡  Attachment relay: 'node_40' fired via target 'node_39' (conf=0.581, connector="tool build")
[ENGINE] 🔗  Attachment relay pass added 1 node(s) to expanded set.
[ORCHESTRATOR] 🎯 Lobe Curve (base × top = score):
  👑 craft: base=0.565 × top=0.581 = 0.338 [hard_votes=2]
--> 2 valid votes passed gate... compiling JIT superposition...

🤖 AIML Output Scaffold:
[Grug stack and bind] Construct shelter, construct trap..
--- DEBUG TELEMETRY (orchestration internals, not for speech) ---
Mission: 'make a tool from this stone'
Primary Action: explain  (conf=0.58, certainty=SURE)
Sure Actions: [explain]
Unsure Actions (Coinflip Side-Features): [None]
Constraints: [None]
Winning Node: node_40
Lobe Context: [craft (3/3 active (hammer | make a tool | build))]
User Triples: None
Node Triples: (node_39, relay_attached, tool build)
Anti-Match Detected: false
AIML Memory Bank:
Deep Memory (Pinned): [User_Pinned]: Grug speak plain. Grug not pretend smart. | [User_Pinned]: Many rocks compete. Loudest rock get to talk. | [User_Pinned]: Grug listen first, talk second. | [User_Pinned]: Tribe stronger than lone hunter. | [User_Pinned]: Hot rock burn. Soft skin remember.
Fresh Memory [threshold=0.38 eligible=6] (Recent): [User]: the river is high (intensity=1.45) | [User]: make a tool from this stone (intensity=1.31)
Memory-Pull Policy: pull_fresh=false — SURE vote (conf=0.58) and no winning node requested context — fresh memory withheld
Lobe Curve (base × top = score):
  👑 craft: base=0.565 × top=0.581 = 0.338 [hard_votes=2]
=========================================

Brain > [ENGINE] ✅ /right: contributors=1 rewarded=0 double_skip=0 coinflip_miss=1 grave_skip=0
✅ /right applied. 1 contributor(s) processed: 0 rewarded, 0 skipped (already gained), 1 missed coinflip.
   ↳ context intensity nudged up on 7 message(s) used last cycle.

Brain > --> Scanning specimens & looking for dialectical relations...
[ORCHESTRATOR] 🎯 Lobe Curve (base × top = score):
  👑 craft: base=0.492 × top=0.492 = 0.2416 [hard_votes=0]
--> 1 valid votes passed gate... compiling JIT superposition...

🤖 AIML Output Scaffold:
[Grug stack and bind] Craft shelter, make trap..
--- DEBUG TELEMETRY (orchestration internals, not for speech) ---
Mission: 'build a shelter before night'
Primary Action: explain  (conf=0.49, certainty=SURE)
Sure Actions: [explain]
Unsure Actions (Coinflip Side-Features): [None]
Constraints: [None]
Winning Node: node_40
Lobe Context: [craft (3/3 active (hammer | make a tool | build))]
User Triples: (shelter, before, night)
Node Triples: None
Anti-Match Detected: false
AIML Memory Bank:
Deep Memory (Pinned): [User_Pinned]: Grug speak plain. Grug not pretend smart. | [User_Pinned]: Many rocks compete. Loudest rock get to talk. | [User_Pinned]: Grug listen first, talk second. | [User_Pinned]: Tribe stronger than lone hunter. | [User_Pinned]: Hot rock burn. Soft skin remember.
Fresh Memory [threshold=0.38 eligible=6] (Recent): [User]: make a tool from this stone (intensity=1.2) | [User]: build a shelter before night (intensity=1.68)
Memory-Pull Policy: pull_fresh=false — SURE vote (conf=0.49) and no winning node requested context — fresh memory withheld
Lobe Curve (base × top = score):
  👑 craft: base=0.492 × top=0.492 = 0.2416 [hard_votes=0]
=========================================

Brain > 👁  Arousal set to 0.8. Eye system updated.

Brain > --> Scanning specimens & looking for dialectical relations...
[ENGINE] ⚡  Attachment relay: 'node_11' fired via target 'node_10' (conf=0.585, connector="danger run")
[ENGINE] ⚡  Attachment relay: 'node_12' fired via target 'node_10' (conf=0.383, connector="danger fire")
[ENGINE] 🔗  Attachment relay pass added 2 node(s) to expanded set.
[ORCHESTRATOR] 🎯 Lobe Curve (base × top = score):
  👑 survival: base=0.5 × top=0.558 = 0.342 [hard_votes=2]
--> 3 valid votes passed gate... compiling JIT superposition...

🤖 AIML Output Scaffold:
[Grug urge escape from harm] dash.
--- DEBUG TELEMETRY (orchestration internals, not for speech) ---
Mission: 'danger danger predator near'
Primary Action: flee  (conf=0.58, certainty=SURE)
Sure Actions: [flee]
Unsure Actions (Coinflip Side-Features): [warn]
Constraints: [None]
Winning Node: node_11
Lobe Context: [survival (4/4 active (hide | fire burns | danger))]
User Triples: None
Node Triples: (node_10, relay_attached, danger run)
Anti-Match Detected: false
Other Possibilities (strong but not winners):
  🔸 node_12 | action=warn | conf=0.38 | relations=None
AIML Memory Bank:
Deep Memory (Pinned): [User_Pinned]: Grug speak plain. Grug not pretend smart. | [User_Pinned]: Many rocks compete. Loudest rock get to talk. | [User_Pinned]: Grug listen first, talk second. | [User_Pinned]: Tribe stronger than lone hunter. | [User_Pinned]: Hot rock burn. Soft skin remember.
Fresh Memory [threshold=0.38 eligible=7] (Recent): [User]: danger danger predator near (intensity=1.25)
Memory-Pull Policy: pull_fresh=false — SURE vote (conf=0.58) and no winning node requested context — fresh memory withheld
Lobe Curve (base × top = score):
  👑 survival: base=0.5 × top=0.558 = 0.342 [hard_votes=2]
=========================================

Brain > [ENGINE] ✅ /right: contributors=2 rewarded=0 double_skip=1 coinflip_miss=1 grave_skip=0
✅ /right applied. 2 contributor(s) processed: 0 rewarded, 1 skipped (already gained), 1 missed coinflip.
   ↳ context intensity nudged up on 6 message(s) used last cycle.

Brain > 👁  Arousal set to 0.2. Eye system updated.

Brain > --> Scanning specimens & looking for dialectical relations...
[ORCHESTRATOR] 🎯 Lobe Curve (base × top = score):
  👑 explanation: base=0.515 × top=0.515 = 0.2654 [hard_votes=1]
--> 1 valid votes passed gate... compiling JIT superposition...

🤖 AIML Output Scaffold:
[Grug share what grug know] Here is the picture: discuss me.
--- DEBUG TELEMETRY (orchestration internals, not for speech) ---
Mission: 'tell me a calm story'
Primary Action: explain  (conf=0.52, certainty=SURE)
Sure Actions: [explain]
Unsure Actions (Coinflip Side-Features): [None]
Constraints: [None]
Winning Node: node_15
Lobe Context: [explanation (4/4 active (what is | clarify | define))]
User Triples: None
Node Triples: None
Anti-Match Detected: false
AIML Memory Bank:
Deep Memory (Pinned): [User_Pinned]: Grug speak plain. Grug not pretend smart. | [User_Pinned]: Many rocks compete. Loudest rock get to talk. | [User_Pinned]: Grug listen first, talk second. | [User_Pinned]: Tribe stronger than lone hunter. | [User_Pinned]: Hot rock burn. Soft skin remember.
Fresh Memory [threshold=0.38 eligible=7] (Recent): [System]: Mission "danger danger predator near" → primary=flee conf=0.58 node=node_11 (intensity=0.64) | [User]: tell me a calm story (intensity=1.27)
Memory-Pull Policy: pull_fresh=false — SURE vote (conf=0.52) and no winning node requested context — fresh memory withheld
Lobe Curve (base × top = score):
  👑 explanation: base=0.515 × top=0.515 = 0.2654 [hard_votes=1]
=========================================

Brain > --> Scanning specimens & looking for dialectical relations...
[ORCHESTRATOR] 🎯 Lobe Curve (base × top = score):
  👑 reasoning: base=1.304 × top=1.304 = 1.6991 [hard_votes=1]
--> 1 valid votes passed gate... compiling JIT superposition...

🤖 AIML Output Scaffold:
[Grug seek cause] Here is the picture: Trace from effect to source..
--- DEBUG TELEMETRY (orchestration internals, not for speech) ---
Mission: 'why'
Primary Action: analyze  (conf=1.3, certainty=SURE)
Sure Actions: [analyze]
Unsure Actions (Coinflip Side-Features): [None]
Constraints: [None]
Winning Node: node_7
Lobe Context: [reasoning (4/4 active (think about | how does | why))]
User Triples: None
Node Triples: None
Anti-Match Detected: false
AIML Memory Bank:
Deep Memory (Pinned): [User_Pinned]: Grug speak plain. Grug not pretend smart. | [User_Pinned]: Many rocks compete. Loudest rock get to talk. | [User_Pinned]: Grug listen first, talk second. | [User_Pinned]: Tribe stronger than lone hunter. | [User_Pinned]: Hot rock burn. Soft skin remember.
Fresh Memory [threshold=0.38 eligible=6] (Recent): [User]: danger danger predator near (intensity=0.71) | [System]: Mission "danger danger predator near" → primary=flee conf=0.58 node=node_11 (intensity=0.4) | [User]: tell me a calm story (intensity=0.81)
Memory-Pull Policy: pull_fresh=false — SURE vote (conf=1.3) and no winning node requested context — fresh memory withheld
Lobe Curve (base × top = score):
  👑 reasoning: base=1.304 × top=1.304 = 1.6991 [hard_votes=1]
=========================================

Brain > --> Scanning specimens & looking for dialectical relations...
[ORCHESTRATOR] 🎯 Lobe Curve (base × top = score):
  👑 nature: base=0.951 × top=0.951 = 0.9036 [hard_votes=1]
--> 1 valid votes passed gate... compiling JIT superposition...

🤖 AIML Output Scaffold:
[Grug know tree make shade, nut, wood for fire] tree.
--- DEBUG TELEMETRY (orchestration internals, not for speech) ---
Mission: 'tree'
Primary Action: explain  (conf=0.95, certainty=SURE)
Sure Actions: [explain]
Unsure Actions (Coinflip Side-Features): [None]
Constraints: [None]
Winning Node: node_38
Lobe Context: [nature (3/3 active (the sky | river | tree))]
User Triples: None
Node Triples: None
Anti-Match Detected: false
AIML Memory Bank:
Deep Memory (Pinned): [User_Pinned]: Grug speak plain. Grug not pretend smart. | [User_Pinned]: Many rocks compete. Loudest rock get to talk. | [User_Pinned]: Grug listen first, talk second. | [User_Pinned]: Tribe stronger than lone hunter. | [User_Pinned]: Hot rock burn. Soft skin remember.
Fresh Memory [threshold=0.38 eligible=6] (Recent): [User]: danger danger predator near (intensity=0.45)
Memory-Pull Policy: pull_fresh=false — SURE vote (conf=0.95) and no winning node requested context — fresh memory withheld
Lobe Curve (base × top = score):
  👑 nature: base=0.951 × top=0.951 = 0.9036 [hard_votes=1]
=========================================

Brain > --> Scanning specimens & looking for dialectical relations...
[ORCHESTRATOR] 🎯 Lobe Curve (base × top = score):
  👑 comfort: base=0.89 × top=0.89 = 0.7916 [hard_votes=1]
--> 1 valid votes passed gate... compiling JIT superposition...

🤖 AIML Output Scaffold:
[Grug sit with sadness] Deliver presence not solutions..
--- DEBUG TELEMETRY (orchestration internals, not for speech) ---
Mission: 'sad'
Primary Action: comfort  (conf=0.89, certainty=SURE)
Sure Actions: [comfort]
Unsure Actions (Coinflip Side-Features): [None]
Constraints: [None]
Winning Node: node_19
Lobe Context: [comfort (4/4 active (i feel | worried | sad))]
User Triples: None
Node Triples: None
Anti-Match Detected: false
AIML Memory Bank:
Deep Memory (Pinned): [User_Pinned]: Grug speak plain. Grug not pretend smart. | [User_Pinned]: Many rocks compete. Loudest rock get to talk. | [User_Pinned]: Grug listen first, talk second. | [User_Pinned]: Tribe stronger than lone hunter. | [User_Pinned]: Hot rock burn. Soft skin remember.
Fresh Memory [threshold=0.38 eligible=5] (Recent): [User]: why (intensity=0.55) | [System]: Mission "why" → primary=analyze conf=1.3 node=node_7 (intensity=0.42) | [System]: Mission "tree" → primary=explain conf=0.95 node=node_38 (intensity=0.66) | [User]: sad (intensity=1.32)
Memory-Pull Policy: pull_fresh=false — SURE vote (conf=0.89) and no winning node requested context — fresh memory withheld
Lobe Curve (base × top = score):
  👑 comfort: base=0.89 × top=0.89 = 0.7916 [hard_votes=1]
=========================================

Brain > --> Scanning specimens & looking for dialectical relations...
--> No valid specimens found for this input. Cave is silent.

Brain > [ENGINE] ❌  /wrong applied to 1 contributors. penalized= 1, newly_graved= 0.
❌  /wrong applied. 1 contributor(s) penalized via coinflip.
   ↳ context intensity nudged down on 9 message(s) used last cycle.

Brain > --> Scanning specimens & looking for dialectical relations...
--> No valid specimens found for this input. Cave is silent.

Brain > --> Scanning specimens & looking for dialectical relations...
[ORCHESTRATOR] 🎯 Lobe Curve (base × top = score):
  👑 explanation: base=0.794 × top=0.794 = 0.6297 [hard_votes=1]
  · reasoning: base=0.331 × top=0.331 = 0.1093 [hard_votes=0]
--> 1 valid votes passed gate... compiling JIT superposition...

🤖 AIML Output Scaffold:
[Grug share what grug know] Here is the picture: speak me. Pinned note: Many rocks compete. Loudest rock get to talk.
--- DEBUG TELEMETRY (orchestration internals, not for speech) ---
Mission: 'tell me about the rocks'
Primary Action: explain  (conf=0.79, certainty=SURE)
Sure Actions: [explain]
Unsure Actions (Coinflip Side-Features): [None]
Constraints: [None]
Winning Node: node_15
Lobe Context: [explanation (4/4 active (what is | clarify | define))]
User Triples: None
Node Triples: None
Anti-Match Detected: false
AIML Memory Bank:
Deep Memory (Pinned): [User_Pinned]: Grug speak plain. Grug not pretend smart. | [User_Pinned]: Many rocks compete. Loudest rock get to talk. | [User_Pinned]: Grug listen first, talk second. | [User_Pinned]: Tribe stronger than lone hunter. | [User_Pinned]: Hot rock burn. Soft skin remember.
Fresh Memory [threshold=0.38 eligible=7] (Recent): [User]: tree (intensity=0.56) | [System]: Mission "sad" → primary=comfort conf=0.89 node=node_19 (intensity=0.67) | [User]: STOP (intensity=0.66)
Memory-Pull Policy: pull_fresh=false — SURE vote (conf=0.79) and no winning node requested context — fresh memory withheld
Lobe Curve (base × top = score):
  👑 explanation: base=0.794 × top=0.794 = 0.6297 [hard_votes=1]
  · reasoning: base=0.331 × top=0.331 = 0.1093 [hard_votes=0]
=========================================

Brain > --> Scanning specimens & looking for dialectical relations...
[ENGINE] ⚡  Attachment relay: 'node_8' fired via target 'node_6' (conf=0.1, connector="think mechanism")
[ENGINE] 🔗  Attachment relay pass added 1 node(s) to expanded set.
[ORCHESTRATOR] 🎯 Lobe Curve (base × top = score):
  👑 explanation: base=0.788 × top=0.788 = 0.6207 [hard_votes=1]
  · reasoning: base=0.214 × top=0.328 = 0.1078 [hard_votes=0]
--> 1 valid votes passed gate... compiling JIT superposition...

🤖 AIML Output Scaffold:
[Grug share what grug know] Here is the picture: discuss me. Pinned note: Many rocks compete. Loudest rock get to talk.
--- DEBUG TELEMETRY (orchestration internals, not for speech) ---
Mission: 'tell me about the rocks'
Primary Action: describe  (conf=0.79, certainty=SURE)
Sure Actions: [describe]
Unsure Actions (Coinflip Side-Features): [None]
Constraints: [None]
Winning Node: node_15
Lobe Context: [explanation (4/4 active (what is | clarify | define))]
User Triples: None
Node Triples: None
Anti-Match Detected: false
AIML Memory Bank:
Deep Memory (Pinned): [User_Pinned]: Grug speak plain. Grug not pretend smart. | [User_Pinned]: Many rocks compete. Loudest rock get to talk. | [User_Pinned]: Grug listen first, talk second. | [User_Pinned]: Tribe stronger than lone hunter. | [User_Pinned]: Hot rock burn. Soft skin remember.
Fresh Memory [threshold=0.38 eligible=8] (Recent): [User]: tell me about rocks (intensity=0.79) | [User]: boom (intensity=0.41) | [System]: Mission "tell me about the rocks" → primary=explain conf=0.79 node=node_15 (intensity=0.98)
Memory-Pull Policy: pull_fresh=false — SURE vote (conf=0.79) and no winning node requested context — fresh memory withheld
Lobe Curve (base × top = score):
  👑 explanation: base=0.788 × top=0.788 = 0.6207 [hard_votes=1]
  · reasoning: base=0.214 × top=0.328 = 0.1078 [hard_votes=0]
=========================================

Brain > --> Scanning specimens & looking for dialectical relations...
[ENGINE] ⚡  Attachment relay: 'node_8' fired via target 'node_6' (conf=0.1, connector="think mechanism")
[ENGINE] 🔗  Attachment relay pass added 1 node(s) to expanded set.
[ORCHESTRATOR] 🎯 Lobe Curve (base × top = score):
  👑 explanation: base=0.787 × top=0.787 = 0.6201 [hard_votes=1]
  · reasoning: base=0.214 × top=0.328 = 0.1077 [hard_votes=0]
--> 1 valid votes passed gate... compiling JIT superposition...

🤖 AIML Output Scaffold:
[Grug share what grug know] Here is the picture: chat me. Pinned note: Many rocks compete. Loudest rock get to talk.
--- DEBUG TELEMETRY (orchestration internals, not for speech) ---
Mission: 'tell me about the rocks'
Primary Action: explain  (conf=0.79, certainty=SURE)
Sure Actions: [explain]
Unsure Actions (Coinflip Side-Features): [None]
Constraints: [None]
Winning Node: node_15
Lobe Context: [explanation (4/4 active (what is | clarify | define))]
User Triples: None
Node Triples: None
Anti-Match Detected: false
AIML Memory Bank:
Deep Memory (Pinned): [User_Pinned]: Grug speak plain. Grug not pretend smart. | [User_Pinned]: Many rocks compete. Loudest rock get to talk. | [User_Pinned]: Grug listen first, talk second. | [User_Pinned]: Tribe stronger than lone hunter. | [User_Pinned]: Hot rock burn. Soft skin remember.
Fresh Memory [threshold=0.75 eligible=6] (Recent): [User]: tell me about the rocks (intensity=1.59) | [User]: tell me about the rocks (intensity=1.44) | [System]: Mission "tell me about the rocks" → primary=describe conf=0.79 node=node_15 (intensity=0.98)
Memory-Pull Policy: pull_fresh=false — SURE vote (conf=0.79) and no winning node requested context — fresh memory withheld
Lobe Curve (base × top = score):
  👑 explanation: base=0.787 × top=0.787 = 0.6201 [hard_votes=1]
  · reasoning: base=0.214 × top=0.328 = 0.1077 [hard_votes=0]
=========================================

Brain > --> Scanning specimens & looking for dialectical relations...
[ORCHESTRATOR] 🎯 Lobe Curve (base × top = score):
  👑 greeting: base=0.187 × top=0.187 = 0.0349 [hard_votes=0]
  · default: base=0.133 × top=0.133 = 0.0178 [hard_votes=0]
--> 1 valid votes passed gate... compiling JIT superposition...

🤖 AIML Output Scaffold:
[Grug greet warm] Remain polite, brief..
--- DEBUG TELEMETRY (orchestration internals, not for speech) ---
Mission: 'hello again old friend'
Primary Action: welcome  (conf=0.19, certainty=SURE)
Sure Actions: [welcome]
Unsure Actions (Coinflip Side-Features): [None]
Constraints: [None]
Winning Node: node_3
Lobe Context: [greeting (3/3 active (good morning | howdy | hello hi))]
User Triples: None
Node Triples: None
Anti-Match Detected: false
AIML Memory Bank:
Deep Memory (Pinned): [User_Pinned]: Grug speak plain. Grug not pretend smart. | [User_Pinned]: Many rocks compete. Loudest rock get to talk. | [User_Pinned]: Grug listen first, talk second. | [User_Pinned]: Tribe stronger than lone hunter. | [User_Pinned]: Hot rock burn. Soft skin remember.
Fresh Memory [threshold=0.38 eligible=8] (Recent): [User]: hello again old friend (intensity=1.31)
Memory-Pull Policy: pull_fresh=true — primary confidence=0.19 < trust floor 0.45
Lobe Curve (base × top = score):
  👑 greeting: base=0.187 × top=0.187 = 0.0349 [hard_votes=0]
  · default: base=0.133 × top=0.133 = 0.0178 [hard_votes=0]
=========================================

Brain > [ENGINE] ✅ /right: contributors=1 rewarded=0 double_skip=1 coinflip_miss=0 grave_skip=0
✅ /right applied. 1 contributor(s) processed: 0 rewarded, 1 skipped (already gained), 0 missed coinflip.
   ↳ context intensity nudged up on 6 message(s) used last cycle.

Brain > --> Scanning specimens & looking for dialectical relations...
--> No valid specimens found for this input. Cave is silent.

Brain > --> Scanning specimens & looking for dialectical relations...
--> No valid specimens found for this input. Cave is silent.

Brain > --> Scanning specimens & looking for dialectical relations...
--> No valid specimens found for this input. Cave is silent.

Brain > --> Scanning specimens & looking for dialectical relations...
[ENGINE] ⚡  Attachment relay: 'node_7' fired via target 'node_6' (conf=0.511, connector="why think")
[ENGINE] 🔗  Attachment relay pass added 1 node(s) to expanded set.
[ORCHESTRATOR] 🎯 Lobe Curve (base × top = score):
  👑 explanation: base=0.729 × top=0.729 = 0.5313 [hard_votes=1]
  · reasoning: base=0.389 × top=0.511 = 0.2612 [hard_votes=1]
  · default: base=0.437 × top=0.437 = 0.1913 [hard_votes=0]
  · survival: base=0.279 × top=0.279 = 0.0779 [hard_votes=0]
--> 1 valid votes passed gate... compiling JIT superposition...

🤖 AIML Output Scaffold:
[Grug share what grug know] Here is the picture: talk me.
--- DEBUG TELEMETRY (orchestration internals, not for speech) ---
Mission: 'tell me about fire and stone'
Primary Action: explain  (conf=0.73, certainty=SURE)
Sure Actions: [explain]
Unsure Actions (Coinflip Side-Features): [None]
Constraints: [None]
Winning Node: node_15
Lobe Context: [explanation (4/4 active (what is | clarify | define))]
User Triples: None
Node Triples: None
Anti-Match Detected: false
AIML Memory Bank:
Deep Memory (Pinned): [User_Pinned]: Grug speak plain. Grug not pretend smart. | [User_Pinned]: Many rocks compete. Loudest rock get to talk. | [User_Pinned]: Grug listen first, talk second. | [User_Pinned]: Tribe stronger than lone hunter. | [User_Pinned]: Hot rock burn. Soft skin remember.
Fresh Memory [threshold=0.56 eligible=10] (Recent): [User]: tell me about the rocks (intensity=0.86) | [User]: xqzwvbn (intensity=0.65)
Memory-Pull Policy: pull_fresh=false — SURE vote (conf=0.73) and no winning node requested context — fresh memory withheld
Lobe Curve (base × top = score):
  👑 explanation: base=0.729 × top=0.729 = 0.5313 [hard_votes=1]
  · reasoning: base=0.389 × top=0.511 = 0.2612 [hard_votes=1]
  · default: base=0.437 × top=0.437 = 0.1913 [hard_votes=0]
  · survival: base=0.279 × top=0.279 = 0.0779 [hard_votes=0]
=========================================

Brain > --> Scanning specimens & looking for dialectical relations...
[ORCHESTRATOR] 🎯 Lobe Curve (base × top = score):
  👑 explanation: base=0.698 × top=0.698 = 0.4873 [hard_votes=1]
  · craft: base=0.696 × top=0.696 = 0.484 [hard_votes=1]
--> 1 valid votes passed gate... compiling JIT superposition...

🤖 AIML Output Scaffold:
[Grug explain plain] Here is the picture: No vast words..
--- DEBUG TELEMETRY (orchestration internals, not for speech) ---
Mission: 'what is the difference between hammer and stone'
Primary Action: define  (conf=0.7, certainty=SURE)
Sure Actions: [define]
Unsure Actions (Coinflip Side-Features): [None]
Constraints: [None]
Winning Node: node_14
Lobe Context: [explanation (4/4 active (what is | clarify | define))]
User Triples: (what, is, the)
Node Triples: None
Anti-Match Detected: false
AIML Memory Bank:
Deep Memory (Pinned): [User_Pinned]: Grug speak plain. Grug not pretend smart. | [User_Pinned]: Many rocks compete. Loudest rock get to talk. | [User_Pinned]: Grug listen first, talk second. | [User_Pinned]: Tribe stronger than lone hunter. | [User_Pinned]: Hot rock burn. Soft skin remember.
Fresh Memory [threshold=0.56 eligible=6] (Recent): [User]: what is the difference between hammer and stone (intensity=1.67)
Memory-Pull Policy: pull_fresh=false — SURE vote (conf=0.7) and no winning node requested context — fresh memory withheld
Lobe Curve (base × top = score):
  👑 explanation: base=0.698 × top=0.698 = 0.4873 [hard_votes=1]
  · craft: base=0.696 × top=0.696 = 0.484 [hard_votes=1]
=========================================

Brain > --> Scanning specimens & looking for dialectical relations...
[ORCHESTRATOR] 🎯 Lobe Curve (base × top = score):
  👑 nature: base=0.727 × top=0.727 = 0.5285 [hard_votes=1]
  · reasoning: base=0.725 × top=0.725 = 0.5262 [hard_votes=1]
--> 1 valid votes passed gate... compiling JIT superposition...

🤖 AIML Output Scaffold:
[Grug know water move and life depend on it] Here is the picture: river.
--- DEBUG TELEMETRY (orchestration internals, not for speech) ---
Mission: 'why does the river flow downhill'
Primary Action: explain  (conf=0.73, certainty=SURE)
Sure Actions: [explain]
Unsure Actions (Coinflip Side-Features): [None]
Constraints: [None]
Winning Node: node_37
Lobe Context: [nature (3/3 active (the sky | river | tree))]
User Triples: None
Node Triples: None
Anti-Match Detected: false
AIML Memory Bank:
Deep Memory (Pinned): [User_Pinned]: Grug speak plain. Grug not pretend smart. | [User_Pinned]: Many rocks compete. Loudest rock get to talk. | [User_Pinned]: Grug listen first, talk second. | [User_Pinned]: Tribe stronger than lone hunter. | [User_Pinned]: Hot rock burn. Soft skin remember.
Fresh Memory [threshold=0.38 eligible=9] (Recent): [User]: tell me about the rocks (intensity=0.46) | [User]: tell me about the rocks (intensity=0.45) | [User]: why does the river flow downhill (intensity=1.31)
Memory-Pull Policy: pull_fresh=false — SURE vote (conf=0.73) and no winning node requested context — fresh memory withheld
Lobe Curve (base × top = score):
  👑 nature: base=0.727 × top=0.727 = 0.5285 [hard_votes=1]
  · reasoning: base=0.725 × top=0.725 = 0.5262 [hard_votes=1]
=========================================

Brain > --> Scanning specimens & looking for dialectical relations...
[ORCHESTRATOR] 🎯 Lobe Curve (base × top = score):
  👑 reasoning: base=0.704 × top=0.704 = 0.4961 [hard_votes=1]
  · inquiry: base=0.494 × top=0.494 = 0.2443 [hard_votes=0]
  · default: base=0.423 × top=0.423 = 0.1786 [hard_votes=0]
  · survival: base=0.243 × top=0.243 = 0.059 [hard_votes=0]
--> 1 valid votes passed gate... compiling JIT superposition...

🤖 AIML Output Scaffold:
[Grug describe mechanism step by step] Here is the picture: how does.
--- DEBUG TELEMETRY (orchestration internals, not for speech) ---
Mission: 'could you explain how fire makes warm'
Primary Action: analyze  (conf=0.7, certainty=SURE)
Sure Actions: [analyze]
Unsure Actions (Coinflip Side-Features): [None]
Constraints: [None]
Winning Node: node_8
Lobe Context: [reasoning (4/4 active (think about | how does | why))]
User Triples: (fire, makes, warm)
Node Triples: None
Anti-Match Detected: false
AIML Memory Bank:
Deep Memory (Pinned): [User_Pinned]: Grug speak plain. Grug not pretend smart. | [User_Pinned]: Many rocks compete. Loudest rock get to talk. | [User_Pinned]: Grug listen first, talk second. | [User_Pinned]: Tribe stronger than lone hunter. | [User_Pinned]: Hot rock burn. Soft skin remember.
Fresh Memory [threshold=0.38 eligible=6] (Recent): [User]: could you explain how fire makes warm (intensity=1.65)
Memory-Pull Policy: pull_fresh=false — SURE vote (conf=0.7) and no winning node requested context — fresh memory withheld
Lobe Curve (base × top = score):
  👑 reasoning: base=0.704 × top=0.704 = 0.4961 [hard_votes=1]
  · inquiry: base=0.494 × top=0.494 = 0.2443 [hard_votes=0]
  · default: base=0.423 × top=0.423 = 0.1786 [hard_votes=0]
  · survival: base=0.243 × top=0.243 = 0.059 [hard_votes=0]
=========================================

Brain > --> Scanning specimens & looking for dialectical relations...
--> No valid specimens found for this input. Cave is silent.

Brain > --> Scanning specimens & looking for dialectical relations...
[ENGINE] ⚡  Attachment relay: 'node_12' fired via target 'node_10' (conf=0.284, connector="danger fire")
[ENGINE] 🔗  Attachment relay pass added 1 node(s) to expanded set.
[ORCHESTRATOR] 🎯 Lobe Curve (base × top = score):
  👑 survival: base=0.466 × top=0.649 = 0.421 [hard_votes=1]
--> 2 valid votes passed gate... compiling JIT superposition...

🤖 AIML Output Scaffold:
[Grug see threat] Warn loud and erase..
--- DEBUG TELEMETRY (orchestration internals, not for speech) ---
Mission: 'STOP STOP STOP DANGER'
Primary Action: alert  (conf=0.65, certainty=SURE)
Sure Actions: [alert]
Unsure Actions (Coinflip Side-Features): [warn]
Constraints: [None]
Winning Node: node_10
Lobe Context: [survival (4/4 active (hide | fire burns | danger))]
User Triples: None
Node Triples: None
Anti-Match Detected: false
Other Possibilities (strong but not winners):
  🔸 node_12 | action=warn | conf=0.28 | relations=None
AIML Memory Bank:
Deep Memory (Pinned): [User_Pinned]: Grug speak plain. Grug not pretend smart. | [User_Pinned]: Many rocks compete. Loudest rock get to talk. | [User_Pinned]: Grug listen first, talk second. | [User_Pinned]: Tribe stronger than lone hunter. | [User_Pinned]: Hot rock burn. Soft skin remember.
Fresh Memory [threshold=0.38 eligible=8] (Recent): No recent sounds
Memory-Pull Policy: pull_fresh=false — SURE vote (conf=0.65) and no winning node requested context — fresh memory withheld
Lobe Curve (base × top = score):
  👑 survival: base=0.466 × top=0.649 = 0.421 [hard_votes=1]
=========================================

Brain > --> Scanning specimens & looking for dialectical relations...
[ORCHESTRATOR] 🎯 Lobe Curve (base × top = score):
  👑 alert: base=0.752 × top=0.752 = 0.5648 [hard_votes=1]
--> 1 valid votes passed gate... compiling JIT superposition...

🤖 AIML Output Scaffold:
[Grug point at incoming thing] observe out.
--- DEBUG TELEMETRY (orchestration internals, not for speech) ---
Mission: 'watch out'
Primary Action: alert  (conf=0.75, certainty=SURE)
Sure Actions: [alert]
Unsure Actions (Coinflip Side-Features): [None]
Constraints: [None]
Winning Node: node_24
Lobe Context: [alert (3/3 active (watch out | careful | warning))]
User Triples: None
Node Triples: None
Anti-Match Detected: false
AIML Memory Bank:
Deep Memory (Pinned): [User_Pinned]: Grug speak plain. Grug not pretend smart. | [User_Pinned]: Many rocks compete. Loudest rock get to talk. | [User_Pinned]: Grug listen first, talk second. | [User_Pinned]: Tribe stronger than lone hunter. | [User_Pinned]: Hot rock burn. Soft skin remember.
Fresh Memory [threshold=0.38 eligible=6] (Recent): [User]: STOP STOP STOP DANGER (intensity=0.84) | [System]: Mission "STOP STOP STOP DANGER" → primary=alert conf=0.65 node=node_10 (intensity=0.64)
Memory-Pull Policy: pull_fresh=false — SURE vote (conf=0.75) and no winning node requested context — fresh memory withheld
Lobe Curve (base × top = score):
  👑 alert: base=0.752 × top=0.752 = 0.5648 [hard_votes=1]
=========================================

Brain > --> Scanning specimens & looking for dialectical relations...
[ORCHESTRATOR] 🎯 Lobe Curve (base × top = score):
  👑 survival: base=0.604 × top=0.604 = 0.3652 [hard_votes=1]
--> 1 valid votes passed gate... compiling JIT superposition...

🤖 AIML Output Scaffold:
[Grug urge escape from harm] sprint.
--- DEBUG TELEMETRY (orchestration internals, not for speech) ---
Mission: 'run now'
Primary Action: alert  (conf=0.6, certainty=SURE)
Sure Actions: [alert]
Unsure Actions (Coinflip Side-Features): [None]
Constraints: [None]
Winning Node: node_11
Lobe Context: [survival (4/4 active (hide | fire burns | danger))]
User Triples: None
Node Triples: None
Anti-Match Detected: false
AIML Memory Bank:
Deep Memory (Pinned): [User_Pinned]: Grug speak plain. Grug not pretend smart. | [User_Pinned]: Many rocks compete. Loudest rock get to talk. | [User_Pinned]: Grug listen first, talk second. | [User_Pinned]: Tribe stronger than lone hunter. | [User_Pinned]: Hot rock burn. Soft skin remember.
Fresh Memory [threshold=0.38 eligible=6] (Recent): [User]: watch out (intensity=0.85) | [User]: run now (intensity=1.29)
Memory-Pull Policy: pull_fresh=false — SURE vote (conf=0.6) and no winning node requested context — fresh memory withheld
Lobe Curve (base × top = score):
  👑 survival: base=0.604 × top=0.604 = 0.3652 [hard_votes=1]
=========================================

Brain > 👁  Arousal set to 0.7. Eye system updated.

Brain > --> Scanning specimens & looking for dialectical relations...
[ORCHESTRATOR] 🎯 Lobe Curve (base × top = score):
  👑 alert: base=0.56 × top=0.56 = 0.3134 [hard_votes=1]
--> 1 valid votes passed gate... compiling JIT superposition...

🤖 AIML Output Scaffold:
[Grug raise voice] Create sure heard..
--- DEBUG TELEMETRY (orchestration internals, not for speech) ---
Mission: 'warning predator at the edge'
Primary Action: alert  (conf=0.56, certainty=SURE)
Sure Actions: [alert]
Unsure Actions (Coinflip Side-Features): [None]
Constraints: [None]
Winning Node: node_22
Lobe Context: [alert (3/3 active (watch out | careful | warning))]
User Triples: None
Node Triples: None
Anti-Match Detected: false
AIML Memory Bank:
Deep Memory (Pinned): [User_Pinned]: Grug speak plain. Grug not pretend smart. | [User_Pinned]: Many rocks compete. Loudest rock get to talk. | [User_Pinned]: Grug listen first, talk second. | [User_Pinned]: Tribe stronger than lone hunter. | [User_Pinned]: Hot rock burn. Soft skin remember.
Fresh Memory [threshold=0.38 eligible=5] (Recent): [User]: run now (intensity=0.85) | [User]: warning predator at the edge (intensity=1.27)
Memory-Pull Policy: pull_fresh=false — SURE vote (conf=0.56) and no winning node requested context — fresh memory withheld
Lobe Curve (base × top = score):
  👑 alert: base=0.56 × top=0.56 = 0.3134 [hard_votes=1]
=========================================

Brain > --> Scanning specimens & looking for dialectical relations...
[ORCHESTRATOR] 🎯 Lobe Curve (base × top = score):
  👑 survival: base=0.212 × top=0.212 = 0.0452 [hard_votes=0]
[ENGINE] 💎 Node node_12 solidified (strength=9.0 ≥ 9.0) — NONJITTER tag applied.
--> 1 valid votes passed gate... compiling JIT superposition...

🤖 AIML Output Scaffold:
[Grug warn of hot rock that bites] fire burns.
--- DEBUG TELEMETRY (orchestration internals, not for speech) ---
Mission: 'fire spreads quick'
Primary Action: warn  (conf=0.21, certainty=SURE)
Sure Actions: [warn]
Unsure Actions (Coinflip Side-Features): [None]
Constraints: [None]
Winning Node: node_12
Lobe Context: [survival (4/4 active (hide | fire burns | danger))]
User Triples: None
Node Triples: None
Anti-Match Detected: false
AIML Memory Bank:
Deep Memory (Pinned): [User_Pinned]: Grug speak plain. Grug not pretend smart. | [User_Pinned]: Many rocks compete. Loudest rock get to talk. | [User_Pinned]: Grug listen first, talk second. | [User_Pinned]: Tribe stronger than lone hunter. | [User_Pinned]: Hot rock burn. Soft skin remember.
Fresh Memory [threshold=0.38 eligible=5] (Recent): [User]: fire spreads quick (intensity=1.26)
Memory-Pull Policy: pull_fresh=true — primary confidence=0.21 < trust floor 0.45
Lobe Curve (base × top = score):
  👑 survival: base=0.212 × top=0.212 = 0.0452 [hard_votes=0]
=========================================

Brain > 👁  Arousal set to 0.3. Eye system updated.

Brain > --> Scanning specimens & looking for dialectical relations...
[ENGINE] ⚡  Attachment relay: 'node_19' fired via target 'node_18' (conf=0.581, connector="feel sad")
[ENGINE] ⚡  Attachment relay: 'node_20' fired via target 'node_18' (conf=0.521, connector="feel worried")
[ENGINE] 🔗  Attachment relay pass added 2 node(s) to expanded set.
[ORCHESTRATOR] 🎯 Lobe Curve (base × top = score):
  👑 comfort: base=0.546 × top=0.559 = 0.3375 [hard_votes=3]
--> 3 valid votes passed gate... compiling JIT superposition...

🤖 AIML Output Scaffold:
[Grug sit with sadness] Give presence not solutions..
--- DEBUG TELEMETRY (orchestration internals, not for speech) ---
Mission: 'i feel scared and alone'
Primary Action: reassure  (conf=0.58, certainty=SURE)
Sure Actions: [reassure]
Unsure Actions (Coinflip Side-Features): [acknowledge]
Constraints: [None]
Winning Node: node_19
Lobe Context: [comfort (4/4 active (i feel | worried | sad))]
User Triples: None
Node Triples: (node_18, relay_attached, feel sad)
Anti-Match Detected: false
Other Possibilities (strong but not winners):
  🔸 node_18 | action=acknowledge | conf=0.54 | relations=None
AIML Memory Bank:
Deep Memory (Pinned): [User_Pinned]: Grug speak plain. Grug not pretend smart. | [User_Pinned]: Many rocks compete. Loudest rock get to talk. | [User_Pinned]: Grug listen first, talk second. | [User_Pinned]: Tribe stronger than lone hunter. | [User_Pinned]: Hot rock burn. Soft skin remember.
Fresh Memory [threshold=0.38 eligible=5] (Recent): [User]: warning predator at the edge (intensity=0.56) | [User]: fire spreads quick (intensity=0.83) | [User]: i feel scared and alone (intensity=1.27)
Memory-Pull Policy: pull_fresh=false — SURE vote (conf=0.58) and no winning node requested context — fresh memory withheld
Lobe Curve (base × top = score):
  👑 comfort: base=0.546 × top=0.559 = 0.3375 [hard_votes=3]
=========================================

Brain > --> Scanning specimens & looking for dialectical relations...
[ENGINE] ⚡  Attachment relay: 'node_19' fired via target 'node_18' (conf=0.415, connector="feel sad")
[ENGINE] ⚡  Attachment relay: 'node_20' fired via target 'node_18' (conf=0.604, connector="feel worried")
[ENGINE] 🔗  Attachment relay pass added 2 node(s) to expanded set.
[ORCHESTRATOR] 🎯 Lobe Curve (base × top = score):
  👑 comfort: base=0.51 × top=0.557 = 0.3643 [hard_votes=2]
--> 3 valid votes passed gate... compiling JIT superposition...

🤖 AIML Output Scaffold:
[Grug calm worried mind] Let me think with you. terrified. A companion frame: Assess, do not fix.. I am not fully locked in — reassure is also on the table. Pinned note: Tribe stronger than lone hunter.
--- DEBUG TELEMETRY (orchestration internals, not for speech) ---
Mission: 'i feel angry at the tribe'
Primary Action: comfort  (conf=0.6, certainty=UNSURE)
Sure Actions: [comfort, validate]
Unsure Actions (Coinflip Side-Features): [reassure]
Constraints: [None]
Winning Node: node_20
Lobe Context: [comfort (4/4 active (i feel | worried | sad))]
User Triples: None
Node Triples: (node_18, relay_attached, feel worried)
Anti-Match Detected: false
Tied Alternatives (not selected):
  🪨 node_18 | action=validate | conf=0.51 | relations=None
Other Possibilities (strong but not winners):
  🔸 node_19 | action=reassure | conf=0.42 | relations=None
AIML Memory Bank:
Deep Memory (Pinned): [User_Pinned]: Grug speak plain. Grug not pretend smart. | [User_Pinned]: Many rocks compete. Loudest rock get to talk. | [User_Pinned]: Grug listen first, talk second. | [User_Pinned]: Tribe stronger than lone hunter. | [User_Pinned]: Hot rock burn. Soft skin remember.
Fresh Memory [threshold=0.38 eligible=6] (Recent): [System]: Mission "i feel scared and alone" → primary=reassure conf=0.58 node=node_19 (intensity=0.7)
Memory-Pull Policy: pull_fresh=true — vote certainty=UNSURE — context helps disambiguate
Lobe Curve (base × top = score):
  👑 comfort: base=0.51 × top=0.557 = 0.3643 [hard_votes=2]
=========================================

Brain > --> Scanning specimens & looking for dialectical relations...
--> No valid specimens found for this input. Cave is silent.

Brain > --> Scanning specimens & looking for dialectical relations...
--> No valid specimens found for this input. Cave is silent.

Brain > --> Scanning specimens & looking for dialectical relations...
[ORCHESTRATOR] 🎯 Lobe Curve (base × top = score):
  👑 celebration: base=0.639 × top=0.639 = 0.4081 [hard_votes=1]
  · memory: base=0.304 × top=0.304 = 0.0925 [hard_votes=0]
--> 1 valid votes passed gate... compiling JIT superposition...

🤖 AIML Output Scaffold:
[Grug celebrate with loud good noise] victory.
--- DEBUG TELEMETRY (orchestration internals, not for speech) ---
Mission: 'victory at last'
Primary Action: laugh  (conf=0.64, certainty=SURE)
Sure Actions: [laugh]
Unsure Actions (Coinflip Side-Features): [None]
Constraints: [None]
Winning Node: node_26
Lobe Context: [celebration (3/3 active (i did it | victory | thank you))]
User Triples: None
Node Triples: None
Anti-Match Detected: false
AIML Memory Bank:
Deep Memory (Pinned): [User_Pinned]: Grug speak plain. Grug not pretend smart. | [User_Pinned]: Many rocks compete. Loudest rock get to talk. | [User_Pinned]: Grug listen first, talk second. | [User_Pinned]: Tribe stronger than lone hunter. | [User_Pinned]: Hot rock burn. Soft skin remember.
Fresh Memory [threshold=0.38 eligible=7] (Recent): [User]: i feel angry at the tribe (intensity=0.82) | [User]: you never listen to grug (intensity=0.66) | [User]: i did it i caught the fish (intensity=0.64) | [User]: victory at last (intensity=1.31)
Memory-Pull Policy: pull_fresh=false — SURE vote (conf=0.64) and no winning node requested context — fresh memory withheld
Lobe Curve (base × top = score):
  👑 celebration: base=0.639 × top=0.639 = 0.4081 [hard_votes=1]
  · memory: base=0.304 × top=0.304 = 0.0925 [hard_votes=0]
=========================================

Brain > --> Scanning specimens & looking for dialectical relations...
[ORCHESTRATOR] 🎯 Lobe Curve (base × top = score):
  👑 celebration: base=0.427 × top=0.427 = 0.1824 [hard_votes=0]
--> 1 valid votes passed gate... compiling JIT superposition...

🤖 AIML Output Scaffold:
[Grug receive thanks with grace] Let me think with you. thank you.
--- DEBUG TELEMETRY (orchestration internals, not for speech) ---
Mission: 'thank you for teaching me'
Primary Action: acknowledge  (conf=0.43, certainty=SURE)
Sure Actions: [acknowledge]
Unsure Actions (Coinflip Side-Features): [None]
Constraints: [None]
Winning Node: node_27
Lobe Context: [celebration (3/3 active (i did it | victory | thank you))]
User Triples: None
Node Triples: None
Anti-Match Detected: false
AIML Memory Bank:
Deep Memory (Pinned): [User_Pinned]: Grug speak plain. Grug not pretend smart. | [User_Pinned]: Many rocks compete. Loudest rock get to talk. | [User_Pinned]: Grug listen first, talk second. | [User_Pinned]: Tribe stronger than lone hunter. | [User_Pinned]: Hot rock burn. Soft skin remember.
Fresh Memory [threshold=0.38 eligible=8] (Recent): [User]: i feel angry at the tribe (intensity=0.55) | [System]: Mission "i feel angry at the tribe" → primary=comfort conf=0.6 node=node_20 (intensity=0.42) | [User]: you never listen to grug (intensity=0.51) | [User]: victory at last (intensity=0.87)
Memory-Pull Policy: pull_fresh=true — primary confidence=0.43 < trust floor 0.45
Lobe Curve (base × top = score):
  👑 celebration: base=0.427 × top=0.427 = 0.1824 [hard_votes=0]
=========================================

Brain > --> Scanning specimens & looking for dialectical relations...
[ENGINE] ⚡  Attachment relay: 'node_7' fired via target 'node_6' (conf=0.531, connector="why think")
[ENGINE] 🔗  Attachment relay pass added 1 node(s) to expanded set.
[ORCHESTRATOR] 🎯 Lobe Curve (base × top = score):
  👑 nature: base=0.713 × top=0.713 = 0.5089 [hard_votes=1]
  · reasoning: base=0.464 × top=0.531 = 0.282 [hard_votes=1]
  · explanation: base=0.445 × top=0.445 = 0.198 [hard_votes=0]
--> 1 valid votes passed gate... compiling JIT superposition...

🤖 AIML Output Scaffold:
[Grug know water move and life depend on it] Here is the picture: river.
--- DEBUG TELEMETRY (orchestration internals, not for speech) ---
Mission: 'tell me again about the river'
Primary Action: explain  (conf=0.71, certainty=SURE)
Sure Actions: [explain]
Unsure Actions (Coinflip Side-Features): [None]
Constraints: [None]
Winning Node: node_37
Lobe Context: [nature (3/3 active (the sky | river | tree))]
User Triples: None
Node Triples: None
Anti-Match Detected: false
AIML Memory Bank:
Deep Memory (Pinned): [User_Pinned]: Grug speak plain. Grug not pretend smart. | [User_Pinned]: Many rocks compete. Loudest rock get to talk. | [User_Pinned]: Grug listen first, talk second. | [User_Pinned]: Tribe stronger than lone hunter. | [User_Pinned]: Hot rock burn. Soft skin remember.
Fresh Memory [threshold=0.38 eligible=6] (Recent): [User]: tell me again about the river (intensity=1.27)
Memory-Pull Policy: pull_fresh=false — SURE vote (conf=0.71) and no winning node requested context — fresh memory withheld
Lobe Curve (base × top = score):
  👑 nature: base=0.713 × top=0.713 = 0.5089 [hard_votes=1]
  · reasoning: base=0.464 × top=0.531 = 0.282 [hard_votes=1]
  · explanation: base=0.445 × top=0.445 = 0.198 [hard_votes=0]
=========================================

Brain > --> Scanning specimens & looking for dialectical relations...
[ORCHESTRATOR] 🎯 Lobe Curve (base × top = score):
  👑 nature: base=0.879 × top=0.879 = 0.7721 [hard_votes=1]
  · explanation: base=0.877 × top=0.877 = 0.7694 [hard_votes=1]
  · default: base=0.527 × top=0.527 = 0.278 [hard_votes=1]
  · survival: base=0.17 × top=0.17 = 0.0289 [hard_votes=0]
--> 1 valid votes passed gate... compiling JIT superposition...

🤖 AIML Output Scaffold:
[Grug look up] Here is the picture: Big blue or grey. Fetch weather..
--- DEBUG TELEMETRY (orchestration internals, not for speech) ---
Mission: 'what is fire what is water what is sky'
Primary Action: acknowledge  (conf=0.88, certainty=SURE)
Sure Actions: [acknowledge]
Unsure Actions (Coinflip Side-Features): [None]
Constraints: [None]
Winning Node: node_36
Lobe Context: [nature (3/3 active (the sky | river | tree))]
User Triples: (what, is, fire), (what, is, water), (what, is, sky)
Node Triples: None
Anti-Match Detected: false
AIML Memory Bank:
Deep Memory (Pinned): [User_Pinned]: Grug speak plain. Grug not pretend smart. | [User_Pinned]: Many rocks compete. Loudest rock get to talk. | [User_Pinned]: Grug listen first, talk second. | [User_Pinned]: Tribe stronger than lone hunter. | [User_Pinned]: Hot rock burn. Soft skin remember.
Fresh Memory [threshold=0.38 eligible=5] (Recent): No recent sounds
Memory-Pull Policy: pull_fresh=false — SURE vote (conf=0.88) and no winning node requested context — fresh memory withheld
Lobe Curve (base × top = score):
  👑 nature: base=0.879 × top=0.879 = 0.7721 [hard_votes=1]
  · explanation: base=0.877 × top=0.877 = 0.7694 [hard_votes=1]
  · default: base=0.527 × top=0.527 = 0.278 [hard_votes=1]
  · survival: base=0.17 × top=0.17 = 0.0289 [hard_votes=0]
=========================================

Brain > --> Scanning specimens & looking for dialectical relations...
--> No valid specimens found for this input. Cave is silent.

Brain > --> Scanning specimens & looking for dialectical relations...
[ORCHESTRATOR] 🎯 Lobe Curve (base × top = score):
  👑 default: base=6.799 × top=6.799 = 46.2243 [hard_votes=1]
  · survival: base=0.142 × top=0.142 = 0.0201 [hard_votes=0]
--> 1 valid votes passed gate... compiling JIT superposition...

🤖 AIML Output Scaffold:
[Causal relational analysis active] grug hits rock and makes fire. The link is clear: grug hits rock. Pinned note: Grug speak plain. Grug not pretend smart.
--- DEBUG TELEMETRY (orchestration internals, not for speech) ---
Mission: 'grug hits rock and makes fire'
Primary Action: analyze  (conf=6.8, certainty=SURE)
Sure Actions: [analyze]
Unsure Actions (Coinflip Side-Features): [None]
Constraints: [dont panic]
Winning Node: node_2
Lobe Context: [default (3/3 active (hello hi greeting mornin | think ponder reason calculate | grug hits rock and makes fire))]
User Triples: (grug, hits, rock), (and, makes, fire)
Node Triples: (grug, hits, rock), (and, makes, fire)
Anti-Match Detected: false
AIML Memory Bank:
Deep Memory (Pinned): [User_Pinned]: Grug speak plain. Grug not pretend smart. | [User_Pinned]: Many rocks compete. Loudest rock get to talk. | [User_Pinned]: Grug listen first, talk second. | [User_Pinned]: Tribe stronger than lone hunter. | [User_Pinned]: Hot rock burn. Soft skin remember.
Fresh Memory [threshold=0.38 eligible=6] (Recent): [User]: grug hits rock and makes fire (intensity=1.66)
Memory-Pull Policy: pull_fresh=false — SURE vote (conf=6.8) and no winning node requested context — fresh memory withheld
Lobe Curve (base × top = score):
  👑 default: base=6.799 × top=6.799 = 46.2243 [hard_votes=1]
  · survival: base=0.142 × top=0.142 = 0.0201 [hard_votes=0]
=========================================

Brain > --> Scanning specimens & looking for dialectical relations...
--> No valid specimens found for this input. Cave is silent.

Brain > --> Scanning specimens & looking for dialectical relations...
--> No valid specimens found for this input. Cave is silent.

Brain > --> Scanning specimens & looking for dialectical relations...
--> No valid specimens found for this input. Cave is silent.

Brain > --> Scanning specimens & looking for dialectical relations...
[ENGINE] ⚡  Attachment relay: 'node_8' fired via target 'node_6' (conf=0.116, connector="think mechanism")
[ENGINE] 🔗  Attachment relay pass added 1 node(s) to expanded set.
[ORCHESTRATOR] 🎯 Lobe Curve (base × top = score):
  👑 inquiry: base=0.345 × top=0.345 = 0.1187 [hard_votes=0]
  · reasoning: base=0.17 × top=0.224 = 0.0502 [hard_votes=0]
--> 1 valid votes passed gate... compiling JIT superposition...

🤖 AIML Output Scaffold:
[Grug check own memory rocks] do you know.
--- DEBUG TELEMETRY (orchestration internals, not for speech) ---
Mission: 'do you know about the stars'
Primary Action: explain  (conf=0.34, certainty=SURE)
Sure Actions: [explain]
Unsure Actions (Coinflip Side-Features): [None]
Constraints: [None]
Winning Node: node_30
Lobe Context: [inquiry (3/3 active (can you | do you know | how do you))]
User Triples: None
Node Triples: None
Anti-Match Detected: false
AIML Memory Bank:
Deep Memory (Pinned): [User_Pinned]: Grug speak plain. Grug not pretend smart. | [User_Pinned]: Many rocks compete. Loudest rock get to talk. | [User_Pinned]: Grug listen first, talk second. | [User_Pinned]: Tribe stronger than lone hunter. | [User_Pinned]: Hot rock burn. Soft skin remember.
Fresh Memory [threshold=0.56 eligible=7] (Recent): [User]: grug hits rock and makes fire (intensity=1.08) | [User]: do you know about the stars (intensity=1.32)
Memory-Pull Policy: pull_fresh=true — primary confidence=0.34 < trust floor 0.45
Lobe Curve (base × top = score):
  👑 inquiry: base=0.345 × top=0.345 = 0.1187 [hard_votes=0]
  · reasoning: base=0.17 × top=0.224 = 0.0502 [hard_votes=0]
=========================================

Brain > --> Scanning specimens & looking for dialectical relations...
[ORCHESTRATOR] 🎯 Lobe Curve (base × top = score):
  👑 inquiry: base=0.464 × top=0.464 = 0.2153 [hard_votes=0]
  · reasoning: base=0.258 × top=0.258 = 0.0667 [hard_votes=0]
--> 1 valid votes passed gate... compiling JIT superposition...

🤖 AIML Output Scaffold:
[Grug try] Let me think with you. Say what grug can do..
--- DEBUG TELEMETRY (orchestration internals, not for speech) ---
Mission: 'can you teach me about hunting'
Primary Action: acknowledge  (conf=0.46, certainty=SURE)
Sure Actions: [acknowledge]
Unsure Actions (Coinflip Side-Features): [None]
Constraints: [None]
Winning Node: node_29
Lobe Context: [inquiry (3/3 active (can you | do you know | how do you))]
User Triples: None
Node Triples: None
Anti-Match Detected: false
AIML Memory Bank:
Deep Memory (Pinned): [User_Pinned]: Grug speak plain. Grug not pretend smart. | [User_Pinned]: Many rocks compete. Loudest rock get to talk. | [User_Pinned]: Grug listen first, talk second. | [User_Pinned]: Tribe stronger than lone hunter. | [User_Pinned]: Hot rock burn. Soft skin remember.
Fresh Memory [threshold=0.38 eligible=10] (Recent): [User]: can you teach me about hunting (intensity=1.27)
Memory-Pull Policy: pull_fresh=false — SURE vote (conf=0.46) and no winning node requested context — fresh memory withheld
Lobe Curve (base × top = score):
  👑 inquiry: base=0.464 × top=0.464 = 0.2153 [hard_votes=0]
  · reasoning: base=0.258 × top=0.258 = 0.0667 [hard_votes=0]
=========================================

Brain > --> Scanning specimens & looking for dialectical relations...
[ORCHESTRATOR] 🎯 Lobe Curve (base × top = score):
  👑 planning: base=0.6 × top=0.6 = 0.36 [hard_votes=1]
--> 1 valid votes passed gate... compiling JIT superposition...
┌ Warning: Replacing docs for `GrugBot420.words_to_signal :: Tuple{String}` in module `GrugBot420`
└ @ Base.Docs docs/Docs.jl:243
┌ Warning: Replacing docs for `GrugBot420.rewrite_passive_mission :: Tuple{String}` in module `GrugBot420`
└ @ Base.Docs docs/Docs.jl:243
┌ Warning: Replacing docs for `GrugBot420.extract_relational_triples :: Tuple{String}` in module `GrugBot420`
└ @ Base.Docs docs/Docs.jl:243
┌ Warning: Replacing docs for `GrugBot420.extract_dynamic_relational_triples :: Tuple{String, Int64}` in module `GrugBot420`
└ @ Base.Docs docs/Docs.jl:243
┌ Warning: Replacing docs for `GrugBot420.evaluate_relational_dialectics :: Tuple{Vector{GrugBot420.RelationalTriple}, Vector{GrugBot420.RelationalTriple}, Vector{String}, Dict{String, Float64}}` in module `GrugBot420`
└ @ Base.Docs docs/Docs.jl:243
┌ Warning: Replacing docs for `GrugBot420.hopfield_input_hash :: Tuple{String}` in module `GrugBot420`
└ @ Base.Docs docs/Docs.jl:243
┌ Warning: Replacing docs for `GrugBot420.hopfield_lookup :: Tuple{UInt64}` in module `GrugBot420`
└ @ Base.Docs docs/Docs.jl:243
┌ Warning: Replacing docs for `GrugBot420.hopfield_record! :: Tuple{UInt64, Vector{String}}` in module `GrugBot420`
└ @ Base.Docs docs/Docs.jl:243
┌ Warning: Replacing docs for `GrugBot420.is_nonjitter :: Tuple{GrugBot420.Node}` in module `GrugBot420`
└ @ Base.Docs docs/Docs.jl:243
┌ Warning: Replacing docs for `GrugBot420.set_nonjitter! :: Tuple{GrugBot420.Node}` in module `GrugBot420`
└ @ Base.Docs docs/Docs.jl:243
┌ Warning: Replacing docs for `GrugBot420.clear_nonjitter! :: Tuple{GrugBot420.Node}` in module `GrugBot420`
└ @ Base.Docs docs/Docs.jl:243
┌ Warning: Replacing docs for `GrugBot420.collect_nonjitter_ids :: Tuple{}` in module `GrugBot420`
└ @ Base.Docs docs/Docs.jl:243
┌ Warning: Replacing docs for `GrugBot420.jitter_allowed_for :: Tuple{GrugBot420.Node, Float64}` in module `GrugBot420`
└ @ Base.Docs docs/Docs.jl:243
┌ Warning: Replacing docs for `GrugBot420.is_solidified :: Tuple{GrugBot420.Node}` in module `GrugBot420`
└ @ Base.Docs docs/Docs.jl:243
┌ Warning: Replacing docs for `GrugBot420.check_solidify_threshold! :: Tuple{GrugBot420.Node}` in module `GrugBot420`
└ @ Base.Docs docs/Docs.jl:243
┌ Warning: Replacing docs for `GrugBot420.bump_strength! :: Tuple{GrugBot420.Node}` in module `GrugBot420`
└ @ Base.Docs docs/Docs.jl:243
┌ Warning: Replacing docs for `GrugBot420.penalize_strength! :: Tuple{GrugBot420.Node}` in module `GrugBot420`
└ @ Base.Docs docs/Docs.jl:243
┌ Warning: Replacing docs for `GrugBot420.mark_node_grave! :: Tuple{GrugBot420.Node, String}` in module `GrugBot420`
└ @ Base.Docs docs/Docs.jl:243
┌ Warning: Replacing docs for `GrugBot420.mark_node_contributor! :: Tuple{GrugBot420.Node}` in module `GrugBot420`
└ @ Base.Docs docs/Docs.jl:243
┌ Warning: Replacing docs for `GrugBot420.try_link_nodes! :: Tuple{GrugBot420.Node, GrugBot420.Node}` in module `GrugBot420`
└ @ Base.Docs docs/Docs.jl:243
┌ Warning: Replacing docs for `GrugBot420.find_best_latch_target :: Tuple{GrugBot420.Node}` in module `GrugBot420`
└ @ Base.Docs docs/Docs.jl:243
┌ Warning: Replacing docs for `GrugBot420._token_overlap_similarity :: Tuple{String, String}` in module `GrugBot420`
└ @ Base.Docs docs/Docs.jl:243
┌ Warning: Replacing docs for `GrugBot420.next_group_id :: Tuple{}` in module `GrugBot420`
└ @ Base.Docs docs/Docs.jl:243
┌ Warning: Replacing docs for `GrugBot420.register_group! :: Tuple{GrugBot420.Node}` in module `GrugBot420`
└ @ Base.Docs docs/Docs.jl:243
┌ Warning: Replacing docs for `GrugBot420.add_to_group! :: Tuple{GrugBot420.NodeGroup, String}` in module `GrugBot420`
└ @ Base.Docs docs/Docs.jl:243
┌ Warning: Replacing docs for `GrugBot420.mark_group_grave_slot! :: Tuple{String}` in module `GrugBot420`
└ @ Base.Docs docs/Docs.jl:243
┌ Warning: Replacing docs for `GrugBot420.group_for :: Tuple{String}` in module `GrugBot420`
└ @ Base.Docs docs/Docs.jl:243
┌ Warning: Replacing docs for `GrugBot420.chatter_cooldown_remaining :: Tuple{String}` in module `GrugBot420`
└ @ Base.Docs docs/Docs.jl:243
┌ Warning: Replacing docs for `GrugBot420.stamp_chatter! :: Tuple{String}` in module `GrugBot420`
└ @ Base.Docs docs/Docs.jl:243
┌ Warning: Replacing docs for `GrugBot420.attach_node! :: Tuple{String, String, String}` in module `GrugBot420`
└ @ Base.Docs docs/Docs.jl:243
┌ Warning: Replacing docs for `GrugBot420.detach_node! :: Tuple{String, String}` in module `GrugBot420`
└ @ Base.Docs docs/Docs.jl:243
┌ Warning: Replacing docs for `GrugBot420.fire_attachments! :: Tuple{String, Int64, Int64}` in module `GrugBot420`
└ @ Base.Docs docs/Docs.jl:243
┌ Warning: Replacing docs for `GrugBot420.get_attachment_summary :: Tuple{}` in module `GrugBot420`
└ @ Base.Docs docs/Docs.jl:243
┌ Warning: Replacing docs for `GrugBot420.get_attachments_for_target :: Tuple{String}` in module `GrugBot420`
└ @ Base.Docs docs/Docs.jl:243
┌ Warning: Replacing docs for `GrugBot420.crystalize_attachment! :: Tuple{String, String}` in module `GrugBot420`
└ @ Base.Docs docs/Docs.jl:243
┌ Warning: Replacing docs for `GrugBot420.decrystalize_attachment! :: Tuple{String, String}` in module `GrugBot420`
└ @ Base.Docs docs/Docs.jl:243
┌ Warning: Replacing docs for `GrugBot420._semantic_truth_score :: Tuple{Any}` in module `GrugBot420`
└ @ Base.Docs docs/Docs.jl:243
┌ Warning: Replacing docs for `GrugBot420.auto_crystalize_sweep! :: Tuple{}` in module `GrugBot420`
└ @ Base.Docs docs/Docs.jl:243
┌ Warning: Replacing docs for `GrugBot420.is_crystalized :: Tuple{String, String}` in module `GrugBot420`
└ @ Base.Docs docs/Docs.jl:243
┌ Warning: Replacing docs for `GrugBot420._sdf_signal_similarity :: Tuple{Vector{Float64}, Vector{Float64}}` in module `GrugBot420`
└ @ Base.Docs docs/Docs.jl:243
┌ Warning: Replacing docs for `GrugBot420.attach_image_node! :: Tuple{String, String, Vector{UInt8}, Int64, Int64}` in module `GrugBot420`
└ @ Base.Docs docs/Docs.jl:243
┌ Warning: Replacing docs for `GrugBot420.reset_throttle! :: Tuple{GrugBot420.Node, Float64}` in module `GrugBot420`
└ @ Base.Docs docs/Docs.jl:243
┌ Warning: Replacing docs for `GrugBot420.create_node :: Tuple{String, String, Dict, Vector{String}}` in module `GrugBot420`
└ @ Base.Docs docs/Docs.jl:243
┌ Warning: Replacing docs for `GrugBot420.parse_action_packet :: Tuple{String}` in module `GrugBot420`
└ @ Base.Docs docs/Docs.jl:243
┌ Warning: Replacing docs for `GrugBot420.select_action :: Tuple{String}` in module `GrugBot420`
└ @ Base.Docs docs/Docs.jl:243
┌ Warning: Replacing docs for `GrugBot420.screen_input_complexity :: Tuple{Vector{Float64}, Vector{GrugBot420.RelationalTriple}}` in module `GrugBot420`
└ @ Base.Docs docs/Docs.jl:243
┌ Warning: Replacing docs for `GrugBot420._effective_scan_mode :: Tuple{Int64, Vector{Float64}}` in module `GrugBot420`
└ @ Base.Docs docs/Docs.jl:243
┌ Warning: Replacing docs for `GrugBot420._bidirectional_cheap_scan :: Tuple{Vector{Float64}, Vector{Float64}}` in module `GrugBot420`
└ @ Base.Docs docs/Docs.jl:243
┌ Warning: Replacing docs for `GrugBot420.collect_drop_table_neighbors :: Tuple{GrugBot420.Node}` in module `GrugBot420`
└ @ Base.Docs docs/Docs.jl:243
┌ Warning: Replacing docs for `GrugBot420.strength_biased_scan_coinflip :: Tuple{GrugBot420.Node}` in module `GrugBot420`
└ @ Base.Docs docs/Docs.jl:243
┌ Warning: Replacing docs for `GrugBot420.scan_specimens :: Tuple{String}` in module `GrugBot420`
└ @ Base.Docs docs/Docs.jl:243
┌ Warning: Replacing docs for `GrugBot420.scan_and_expand :: Tuple{String}` in module `GrugBot420`
└ @ Base.Docs docs/Docs.jl:243
┌ Warning: Replacing docs for `GrugBot420.cast_vote :: NTuple{5, Any}` in module `GrugBot420`
└ @ Base.Docs docs/Docs.jl:243
┌ Warning: Replacing docs for `GrugBot420.cast_explicit_vote :: Tuple{String, String}` in module `GrugBot420`
└ @ Base.Docs docs/Docs.jl:243
┌ Warning: Replacing docs for `GrugBot420.apply_right_feedback! :: Tuple{Vector{String}}` in module `GrugBot420`
└ @ Base.Docs docs/Docs.jl:243
┌ Warning: Replacing docs for `GrugBot420.grow_nodes_from_packet :: Tuple{String}` in module `GrugBot420`
└ @ Base.Docs docs/Docs.jl:243
┌ Warning: Replacing docs for `GrugBot420.get_node_status_summary :: Tuple{}` in module `GrugBot420`
└ @ Base.Docs docs/Docs.jl:243
┌ Warning: Replacing docs for `GrugBot420.add_orchestration_rule! :: Tuple{String}` in module `GrugBot420`
└ @ Base.Docs docs/Docs.jl:243
┌ Warning: Replacing docs for `GrugBot420.count_alive_nodes_in_lobe :: Tuple{String}` in module `GrugBot420`
└ @ Base.Docs docs/Docs.jl:243
[ Info: [ENGINE] 🔮 Action=ACTION_SPECULATE | Tone=TONE_NEUTRAL | Conf=0.34 | ArousalNudge=0.0 | Weight=1.07 [FALLBACK] [FRAME=contemplative/basic]
┌ Warning: [ENGINE] BUG-004: pattern longer than input — using cheap bidirectional scan.
│   node_id = "node_3"
│   pattern_len = 2
│   input_len = 1
└ @ GrugBot420 /workspace/grugbot420_repo/src/engine.jl:2939
┌ Warning: [ENGINE] BUG-004: pattern longer than input — using cheap bidirectional scan.
│   node_id = "node_0"
│   pattern_len = 4
│   input_len = 1
└ @ GrugBot420 /workspace/grugbot420_repo/src/engine.jl:2939
[ Info: [ENGINE] 🔮 Action=ACTION_SPECULATE | Tone=TONE_NEUTRAL | Conf=0.33 | ArousalNudge=0.0 | Weight=1.07 [FALLBACK] [FRAME=contemplative/basic]
[ Info: [ENGINE] 🔮 Action=ACTION_SPECULATE | Tone=TONE_NEUTRAL | Conf=0.37 | ArousalNudge=0.0 | Weight=1.07 [FALLBACK] [FRAME=contemplative/basic]
[ Info: [ENGINE] 🔮 Action=ACTION_COMMAND | Tone=TONE_NEUTRAL | Conf=0.65 | ArousalNudge=0.0 | Weight=1.33 [FALLBACK] [FRAME=imperative/basic]
[ Info: [ENGINE] 🔮 Action=ACTION_QUERY | Tone=TONE_NEUTRAL | Conf=0.41 | ArousalNudge=0.0 | Weight=1.24 [FALLBACK] [FRAME=exploratory/basic]
[ Info: [ENGINE] 🔮 Action=ACTION_QUERY | Tone=TONE_CURIOUS | Conf=0.51 | ArousalNudge=0.0 | Weight=1.31 [FRAME=exploratory/basic]
┌ Warning: [ENGINE] BUG-004: pattern longer than input — using cheap bidirectional scan.
│   node_id = "node_2"
│   pattern_len = 6
│   input_len = 3
└ @ GrugBot420 /workspace/grugbot420_repo/src/engine.jl:2939
[ Info: [ENGINE] 🔮 Action=ACTION_QUERY | Tone=TONE_CURIOUS | Conf=0.52 | ArousalNudge=0.0 | Weight=1.31 [FRAME=exploratory/basic]
[ Info: [ENGINE] 🔮 Action=ACTION_QUERY | Tone=TONE_CURIOUS | Conf=0.52 | ArousalNudge=0.0 | Weight=1.31 [FRAME=exploratory/basic]
[ Info: [ENGINE] 🔮 Action=ACTION_QUERY | Tone=TONE_CURIOUS | Conf=0.55 | ArousalNudge=0.0 | Weight=1.33 [FRAME=exploratory/basic]
[ Info: [ENGINE] 🔮 Action=ACTION_QUERY | Tone=TONE_CURIOUS | Conf=0.55 | ArousalNudge=0.0 | Weight=1.33 [FRAME=exploratory/basic]
[ Info: [ENGINE] 🔮 Action=ACTION_COMMAND | Tone=TONE_NEUTRAL | Conf=1.0 | ArousalNudge=0.0 | Weight=1.5 [FALLBACK] [FRAME=imperative/basic]
[ Info: [PREDICTOR] 👁  Arousal nudged 0.3 → 0.55 (TONE_URGENT)
[ Info: [ENGINE] 🔮 Action=ACTION_COMMAND | Tone=TONE_URGENT | Conf=0.88 | ArousalNudge=0.25 | Weight=1.44 [FRAME=imperative/rel]
[ Info: [ENGINE] 🔮 Action=ACTION_COMMAND | Tone=TONE_NEUTRAL | Conf=0.42 | ArousalNudge=0.0 | Weight=1.21 [FALLBACK] [FRAME=imperative/basic]
[ Info: [ENGINE] 🔮 Action=ACTION_SPECULATE | Tone=TONE_NEUTRAL | Conf=0.37 | ArousalNudge=0.0 | Weight=1.07 [FALLBACK] [FRAME=contemplative/basic]
[ Info: [PREDICTOR] 👁  Arousal nudged 0.55 → 0.8 (TONE_URGENT)
[ Info: [ENGINE] 🔮 Action=ACTION_COMMAND | Tone=TONE_URGENT | Conf=0.56 | ArousalNudge=0.25 | Weight=1.28 [FRAME=imperative/rel]
[ Info: [PREDICTOR] 👁  Arousal nudged 0.8 → 0.65 (TONE_REFLECTIVE)
[ Info: [ENGINE] 🔮 Action=ACTION_SPECULATE | Tone=TONE_REFLECTIVE | Conf=0.58 | ArousalNudge=-0.15 | Weight=1.12 [FRAME=contemplative/rel]
[ Info: [PREDICTOR] 👁  Arousal nudged 0.65 → 0.5 (TONE_REFLECTIVE)
[ Info: [ENGINE] 🔮 Action=ACTION_SPECULATE | Tone=TONE_REFLECTIVE | Conf=0.58 | ArousalNudge=-0.15 | Weight=1.12 [FRAME=contemplative/rel]
[ Info: [PREDICTOR] 👁  Arousal nudged 0.5 → 0.35 (TONE_REFLECTIVE)
[ Info: [ENGINE] 🔮 Action=ACTION_SPECULATE | Tone=TONE_REFLECTIVE | Conf=0.16 | ArousalNudge=-0.15 | Weight=1.03 [FRAME=contemplative/rel]
[ Info: [PREDICTOR] 👁  Arousal nudged 0.35 → 0.2 (TONE_REFLECTIVE)
[ Info: [ENGINE] 🔮 Action=ACTION_SPECULATE | Tone=TONE_REFLECTIVE | Conf=0.55 | ArousalNudge=-0.15 | Weight=1.11 [FRAME=contemplative/rel]
[ Info: [PREDICTOR] 👁  Arousal nudged 0.2 → 0.55 (TONE_HOSTILE)
[ Info: [ENGINE] 🔮 Action=ACTION_NEGATE | Tone=TONE_HOSTILE | Conf=0.54 | ArousalNudge=0.35 | Weight=1.16 [FRAME=de-escalating/rel]
[ Info: [PREDICTOR] 👁  Arousal nudged 0.55 → 0.9 (TONE_HOSTILE)
[ Info: [ENGINE] 🔮 Action=ACTION_NEGATE | Tone=TONE_HOSTILE | Conf=0.12 | ArousalNudge=0.35 | Weight=1.04 [FRAME=de-escalating/rel]
[ Info: [PREDICTOR] 👁  Arousal nudged 0.9 → 1.0 (TONE_HOSTILE)
[ Info: [ENGINE] 🔮 Action=ACTION_COMMAND | Tone=TONE_HOSTILE | Conf=0.13 | ArousalNudge=0.35 | Weight=1.07 [FRAME=de-escalating/rel]
[ Info: [PREDICTOR] 👁  Arousal nudged 1.0 → 1.0 (TONE_HOSTILE)
[ Info: [ENGINE] 🔮 Action=ACTION_NEGATE | Tone=TONE_HOSTILE | Conf=0.12 | ArousalNudge=0.35 | Weight=1.04 [FRAME=de-escalating/rel]
[ Info: [PREDICTOR] 👁  Arousal nudged 1.0 → 1.0 (TONE_HOSTILE)
[ Info: [ENGINE] 🔮 Action=ACTION_QUERY | Tone=TONE_HOSTILE | Conf=1.0 | ArousalNudge=0.35 | Weight=1.6 [FRAME=de-escalating/rel]
[ Info: [PREDICTOR] 👁  Arousal nudged 1.0 → 1.0 (TONE_HOSTILE)
[ Info: [ENGINE] 🔮 Action=ACTION_QUERY | Tone=TONE_HOSTILE | Conf=1.0 | ArousalNudge=0.35 | Weight=1.6 [FRAME=de-escalating/rel]
[ Info: [PREDICTOR] 🌀 Per-query Gini damping active — action_gini=0.832, tone_gini=0.804
[ Info: [PREDICTOR] 🌀 Per-query Gini damping active — action_gini=0.832, tone_gini=0.804
[ Info: [ENGINE] 🔮 Action=ACTION_QUERY | Tone=TONE_CURIOUS | Conf=1.0 | ArousalNudge=0.0 | Weight=1.6 [LORENZ-DAMPED] [FRAME=exploratory/basic]
[ Info: [PREDICTOR] 🌀 Per-query Gini damping active — action_gini=0.81, tone_gini=0.559
[ Info: [PREDICTOR] 👁  Arousal nudged 1.0 → 1.0 (TONE_URGENT)
[ Info: [PREDICTOR] 🌀 Per-query Gini damping active — action_gini=0.812, tone_gini=0.562
[ Info: [ENGINE] 🔮 Action=ACTION_ESCALATE | Tone=TONE_URGENT | Conf=1.0 | ArousalNudge=0.45 | Weight=1.7 [LORENZ-DAMPED] [FRAME=imperative/rel]
[ Info: [ENGINE] 🔮 Action=ACTION_SPECULATE | Tone=TONE_NEUTRAL | Conf=0.12 | ArousalNudge=0.0 | Weight=1.02 [FALLBACK] [FRAME=contemplative/basic]
[ Info: [ENGINE] 🔮 Action=ACTION_SPECULATE | Tone=TONE_NEUTRAL | Conf=1.0 | ArousalNudge=0.0 | Weight=1.2 [FALLBACK] [FRAME=contemplative/basic]
[ Info: [ENGINE] 🔮 Action=ACTION_SPECULATE | Tone=TONE_NEUTRAL | Conf=1.0 | ArousalNudge=0.0 | Weight=1.2 [FALLBACK] [FRAME=contemplative/basic]
[ Info: [ENGINE] 🔮 Action=ACTION_NEGATE | Tone=TONE_NEUTRAL | Conf=0.47 | ArousalNudge=0.0 | Weight=1.14 [FALLBACK] [FRAME=terse/basic]
[ Info: [ENGINE] 🔮 Action=ACTION_SPECULATE | Tone=TONE_NEUTRAL | Conf=0.46 | ArousalNudge=0.0 | Weight=1.09 [FALLBACK] [FRAME=contemplative/basic]
[ Info: [ENGINE] 🔮 Action=ACTION_SPECULATE | Tone=TONE_NEUTRAL | Conf=1.0 | ArousalNudge=0.0 | Weight=1.2 [FALLBACK] [FRAME=contemplative/basic]
[ Info: [ENGINE] 🔮 Action=ACTION_SPECULATE | Tone=TONE_NEUTRAL | Conf=0.29 | ArousalNudge=0.0 | Weight=1.06 [FALLBACK] [FRAME=contemplative/basic]
[ Info: [ENGINE] 🔮 Action=ACTION_COMMAND | Tone=TONE_NEUTRAL | Conf=0.84 | ArousalNudge=0.0 | Weight=1.42 [FALLBACK] [FRAME=imperative/basic]
[ Info: [ENGINE] 🔮 Action=ACTION_COMMAND | Tone=TONE_NEUTRAL | Conf=0.54 | ArousalNudge=0.0 | Weight=1.27 [FALLBACK] [FRAME=imperative/basic]
[ Info: [ENGINE] 🔮 Action=ACTION_SPECULATE | Tone=TONE_NEUTRAL | Conf=0.12 | ArousalNudge=0.0 | Weight=1.02 [FALLBACK] [FRAME=contemplative/basic]
[ Info: [ENGINE] 🔮 Action=ACTION_SPECULATE | Tone=TONE_NEUTRAL | Conf=0.55 | ArousalNudge=0.0 | Weight=1.11 [FALLBACK] [FRAME=contemplative/basic]
[ Info: [ENGINE] 🔮 Action=ACTION_COMMAND | Tone=TONE_NEUTRAL | Conf=0.69 | ArousalNudge=0.0 | Weight=1.34 [FRAME=imperative/basic]
[ Info: [ENGINE] 🔮 Action=ACTION_COMMAND | Tone=TONE_NEUTRAL | Conf=0.7 | ArousalNudge=0.0 | Weight=1.35 [FRAME=imperative/basic]
[ Info: [ENGINE] 🔮 Action=ACTION_COMMAND | Tone=TONE_NEUTRAL | Conf=0.75 | ArousalNudge=0.0 | Weight=1.37 [FALLBACK] [FRAME=imperative/basic]
[ Info: [ENGINE] 🔮 Action=ACTION_QUERY | Tone=TONE_CURIOUS | Conf=0.56 | ArousalNudge=0.0 | Weight=1.34 [FRAME=exploratory/basic]
[ Info: [ENGINE] 🔮 Action=ACTION_QUERY | Tone=TONE_CURIOUS | Conf=0.51 | ArousalNudge=0.0 | Weight=1.31 [FRAME=exploratory/basic]
[ Info: [ENGINE] 🔮 Action=ACTION_NEGATE | Tone=TONE_NEUTRAL | Conf=0.32 | ArousalNudge=0.0 | Weight=1.1 [FALLBACK] [FRAME=terse/basic]
[ Info: [ENGINE] 🔮 Action=ACTION_COMMAND | Tone=TONE_NEUTRAL | Conf=0.73 | ArousalNudge=0.0 | Weight=1.36 [FALLBACK] [FRAME=imperative/basic]
[ Info: [ENGINE] 🔮 Action=ACTION_COMMAND | Tone=TONE_NEUTRAL | Conf=0.12 | ArousalNudge=0.0 | Weight=1.06 [FALLBACK] [FRAME=imperative/basic]
[ Info: [ENGINE] 🔮 Action=ACTION_COMMAND | Tone=TONE_NEUTRAL | Conf=0.44 | ArousalNudge=0.0 | Weight=1.22 [FRAME=imperative/basic]
[ Info: [ENGINE] 🔮 Action=ACTION_QUERY | Tone=TONE_CURIOUS | Conf=0.54 | ArousalNudge=0.0 | Weight=1.32 [FRAME=exploratory/basic]
[ Info: [ENGINE] 🔮 Action=ACTION_QUERY | Tone=TONE_CURIOUS | Conf=0.52 | ArousalNudge=0.0 | Weight=1.31 [FRAME=exploratory/basic]
[ Info: [ENGINE] 🔮 Action=ACTION_QUERY | Tone=TONE_CURIOUS | Conf=0.52 | ArousalNudge=0.0 | Weight=1.31 [FRAME=exploratory/basic]
[ Info: [ENGINE] 🔮 Action=ACTION_COMMAND | Tone=TONE_NEUTRAL | Conf=0.44 | ArousalNudge=0.0 | Weight=1.22 [FALLBACK] [FRAME=imperative/basic]
┌ Warning: [ORCHESTRATOR] ⚠ No votes passed AIML_CONFIDENCE_THRESHOLD=0.35. Falling back to highest-confidence vote.
└ @ GrugBot420 /workspace/grugbot420_repo/src/Main.jl:1321
[ Info: [ENGINE] 🔮 Action=ACTION_NEGATE | Tone=TONE_NEUTRAL | Conf=0.25 | ArousalNudge=0.0 | Weight=1.07 [FALLBACK] [FRAME=terse/basic]
[ Info: [ENGINE] 🔮 Action=ACTION_QUERY | Tone=TONE_NEUTRAL | Conf=0.12 | ArousalNudge=0.0 | Weight=1.08 [FALLBACK] [FRAME=exploratory/basic]
[ Info: [ENGINE] 🔮 Action=ACTION_SPECULATE | Tone=TONE_NEUTRAL | Conf=0.12 | ArousalNudge=0.0 | Weight=1.02 [FALLBACK] [FRAME=contemplative/basic]
[ Info: [ENGINE] 🔮 Action=ACTION_QUERY | Tone=TONE_CURIOUS | Conf=0.55 | ArousalNudge=0.0 | Weight=1.33 [FRAME=exploratory/basic]
[ Info: [ENGINE] 🔮 Action=ACTION_QUERY | Tone=TONE_CURIOUS | Conf=0.57 | ArousalNudge=0.0 | Weight=1.34 [FRAME=exploratory/basic]
[ Info: [ENGINE] 🔮 Action=ACTION_QUERY | Tone=TONE_CURIOUS | Conf=0.54 | ArousalNudge=0.0 | Weight=1.33 [FRAME=exploratory/basic]
[ Info: [ENGINE] 🔮 Action=ACTION_QUERY | Tone=TONE_CURIOUS | Conf=0.68 | ArousalNudge=0.0 | Weight=1.41 [FRAME=exploratory/basic]
[ Info: [PREDICTOR] 👁  Arousal nudged 0.2 → 0.05 (TONE_REFLECTIVE)
[ Info: [ENGINE] 🔮 Action=ACTION_SPECULATE | Tone=TONE_REFLECTIVE | Conf=0.58 | ArousalNudge=-0.15 | Weight=1.12 [FRAME=contemplative/rel]
[ Info: [PREDICTOR] 👁  Arousal nudged 0.05 → 0.3 (TONE_URGENT)
[ Info: [ENGINE] 🔮 Action=ACTION_COMMAND | Tone=TONE_URGENT | Conf=0.45 | ArousalNudge=0.25 | Weight=1.23 [FRAME=imperative/rel]
[ Info: [ENGINE] 🔮 Action=ACTION_COMMAND | Tone=TONE_NEUTRAL | Conf=0.3 | ArousalNudge=0.0 | Weight=1.15 [FALLBACK] [FRAME=imperative/basic]
[ Info: [PREDICTOR] 👁  Arousal nudged 0.3 → 0.55 (TONE_URGENT)
[ Info: [ENGINE] 🔮 Action=ACTION_COMMAND | Tone=TONE_URGENT | Conf=0.91 | ArousalNudge=0.25 | Weight=1.46 [FRAME=imperative/rel]
[ Info: [ENGINE] 🔮 Action=ACTION_COMMAND | Tone=TONE_NEUTRAL | Conf=0.45 | ArousalNudge=0.0 | Weight=1.22 [FALLBACK] [FRAME=imperative/basic]
[ Info: [ENGINE] 🔮 Action=ACTION_COMMAND | Tone=TONE_NEUTRAL | Conf=1.0 | ArousalNudge=0.0 | Weight=1.5 [FALLBACK] [FRAME=imperative/basic]
[ Info: [ENGINE] 🔮 Action=ACTION_COMMAND | Tone=TONE_NEUTRAL | Conf=0.7 | ArousalNudge=0.0 | Weight=1.35 [FALLBACK] [FRAME=imperative/basic]
[ Info: [ENGINE] 🔮 Action=ACTION_SPECULATE | Tone=TONE_NEUTRAL | Conf=1.0 | ArousalNudge=0.0 | Weight=1.2 [FALLBACK] [FRAME=contemplative/basic]
[ Info: [ENGINE] 🔮 Action=ACTION_NEGATE | Tone=TONE_NEUTRAL | Conf=0.34 | ArousalNudge=0.0 | Weight=1.1 [FRAME=terse/basic]
[ Info: [ENGINE] 🔮 Action=ACTION_NEGATE | Tone=TONE_NEUTRAL | Conf=0.46 | ArousalNudge=0.0 | Weight=1.14 [FALLBACK] [FRAME=terse/basic]
[ Info: [ENGINE] 🔮 Action=ACTION_COMMAND | Tone=TONE_NEUTRAL | Conf=0.58 | ArousalNudge=0.0 | Weight=1.29 [FALLBACK] [FRAME=imperative/basic]
[ Info: [ENGINE] 🔮 Action=ACTION_SPECULATE | Tone=TONE_NEUTRAL | Conf=0.88 | ArousalNudge=0.0 | Weight=1.18 [FALLBACK] [FRAME=contemplative/basic]
[ Info: [ENGINE] 🔮 Action=ACTION_QUERY | Tone=TONE_CURIOUS | Conf=0.5 | ArousalNudge=0.0 | Weight=1.3 [FRAME=exploratory/basic]
[ Info: [ENGINE] 🔮 Action=ACTION_QUERY | Tone=TONE_CURIOUS | Conf=1.0 | ArousalNudge=0.0 | Weight=1.6 [FRAME=exploratory/basic]
[ Info: [PREDICTOR] 👁  Arousal nudged 0.3 → 0.15 (TONE_REFLECTIVE)
[ Info: [ENGINE] 🔮 Action=ACTION_SPECULATE | Tone=TONE_REFLECTIVE | Conf=1.0 | ArousalNudge=-0.15 | Weight=1.2 [FRAME=contemplative/rel]
[ Info: [ENGINE] 🔮 Action=ACTION_COMMAND | Tone=TONE_NEUTRAL | Conf=1.0 | ArousalNudge=0.0 | Weight=1.5 [FALLBACK] [FRAME=imperative/basic]
[ Info: [ENGINE] 🔮 Action=ACTION_COMMAND | Tone=TONE_NEUTRAL | Conf=0.27 | ArousalNudge=0.0 | Weight=1.13 [FALLBACK] [FRAME=imperative/basic]
[ Info: [ENGINE] 🔮 Action=ACTION_COMMAND | Tone=TONE_NEUTRAL | Conf=0.12 | ArousalNudge=0.0 | Weight=1.06 [FALLBACK] [FRAME=imperative/basic]
[ Info: [ENGINE] 🔮 Action=ACTION_SPECULATE | Tone=TONE_NEUTRAL | Conf=0.32 | ArousalNudge=0.0 | Weight=1.06 [FALLBACK] [FRAME=contemplative/basic]
[ Info: [ENGINE] 🔮 Action=ACTION_COMMAND | Tone=TONE_NEUTRAL | Conf=0.69 | ArousalNudge=0.0 | Weight=1.35 [FRAME=imperative/basic]
[ Info: [ENGINE] 🔮 Action=ACTION_SPECULATE | Tone=TONE_NEUTRAL | Conf=1.0 | ArousalNudge=0.0 | Weight=1.2 [FALLBACK] [FRAME=contemplative/basic]
[ Info: [PREDICTOR] 👁  Arousal nudged 0.15 → 0.4 (TONE_URGENT)
[ Info: [ENGINE] 🔮 Action=ACTION_COMMAND | Tone=TONE_URGENT | Conf=0.12 | ArousalNudge=0.25 | Weight=1.06 [FRAME=imperative/rel]
[ Info: [ENGINE] 🔮 Action=ACTION_SPECULATE | Tone=TONE_NEUTRAL | Conf=0.62 | ArousalNudge=0.0 | Weight=1.12 [FALLBACK] [FRAME=contemplative/basic]
[ Info: [ENGINE] 🔮 Action=ACTION_COMMAND | Tone=TONE_NEUTRAL | Conf=1.0 | ArousalNudge=0.0 | Weight=1.5 [FALLBACK] [FRAME=imperative/basic]
[ Info: [PREDICTOR] 👁  Arousal nudged 0.4 → 0.65 (TONE_URGENT)
[ Info: [ENGINE] 🔮 Action=ACTION_COMMAND | Tone=TONE_URGENT | Conf=0.12 | ArousalNudge=0.25 | Weight=1.06 [FRAME=imperative/rel]
[ Info: [ENGINE] 🔮 Action=ACTION_QUERY | Tone=TONE_CURIOUS | Conf=0.55 | ArousalNudge=0.0 | Weight=1.33 [FRAME=exploratory/basic]
[ Info: [PREDICTOR] 👁  Arousal nudged 0.5 → 0.85 (TONE_HOSTILE)
[ Info: [ENGINE] 🔮 Action=ACTION_NEGATE | Tone=TONE_HOSTILE | Conf=0.12 | ArousalNudge=0.35 | Weight=1.04 [FRAME=de-escalating/rel]
[ Info: [PREDICTOR] 👁  Arousal nudged 0.85 → 1.0 (TONE_HOSTILE)
[ Info: [ENGINE] 🔮 Action=ACTION_NEGATE | Tone=TONE_HOSTILE | Conf=0.12 | ArousalNudge=0.35 | Weight=1.04 [FRAME=de-escalating/rel]
[ Info: [PREDICTOR] 👁  Arousal nudged 1.0 → 1.0 (TONE_HOSTILE)
[ Info: [ENGINE] 🔮 Action=ACTION_NEGATE | Tone=TONE_HOSTILE | Conf=0.12 | ArousalNudge=0.35 | Weight=1.04 [FRAME=de-escalating/rel]
[ Info: [PREDICTOR] 👁  Arousal nudged 1.0 → 1.0 (TONE_HOSTILE)
[ Info: [ENGINE] 🔮 Action=ACTION_NEGATE | Tone=TONE_HOSTILE | Conf=1.0 | ArousalNudge=0.35 | Weight=1.3 [FRAME=de-escalating/rel]
[ Info: [PREDICTOR] 👁  Arousal nudged 1.0 → 0.85 (TONE_REFLECTIVE)
[ Info: [ENGINE] 🔮 Action=ACTION_SPECULATE | Tone=TONE_REFLECTIVE | Conf=0.57 | ArousalNudge=-0.15 | Weight=1.11 [FRAME=contemplative/rel]

🤖 AIML Output Scaffold:
[Grug weigh path forward] Many possible step..
--- DEBUG TELEMETRY (orchestration internals, not for speech) ---
Mission: 'should we sleep now'
Primary Action: reason  (conf=0.6, certainty=SURE)
Sure Actions: [reason]
Unsure Actions (Coinflip Side-Features): [None]
Constraints: [None]
Winning Node: node_33
Lobe Context: [planning (3/3 active (plan to | next step | should we))]
User Triples: None
Node Triples: None
Anti-Match Detected: false
AIML Memory Bank:
Deep Memory (Pinned): [User_Pinned]: Grug speak plain. Grug not pretend smart. | [User_Pinned]: Many rocks compete. Loudest rock get to talk. | [User_Pinned]: Grug listen first, talk second. | [User_Pinned]: Tribe stronger than lone hunter. | [User_Pinned]: Hot rock burn. Soft skin remember.
Fresh Memory [threshold=0.38 eligible=6] (Recent): [User]: can you teach me about hunting (intensity=0.81) | [User]: should we sleep now (intensity=1.29)
Memory-Pull Policy: pull_fresh=false — SURE vote (conf=0.6) and no winning node requested context — fresh memory withheld
Lobe Curve (base × top = score):
  👑 planning: base=0.6 × top=0.6 = 0.36 [hard_votes=1]
=========================================

Brain > --> Scanning specimens & looking for dialectical relations...
[ORCHESTRATOR] 🎯 Lobe Curve (base × top = score):
  👑 planning: base=0.302 × top=0.302 = 0.0913 [hard_votes=0]
  · greeting: base=0.227 × top=0.227 = 0.0513 [hard_votes=0]
--> 1 valid votes passed gate... compiling JIT superposition...

🤖 AIML Output Scaffold:
[Grug sketch path in dirt] Let me think with you. approach to.
--- DEBUG TELEMETRY (orchestration internals, not for speech) ---
Mission: 'plan the morning hunt'
Primary Action: describe  (conf=0.3, certainty=SURE)
Sure Actions: [describe]
Unsure Actions (Coinflip Side-Features): [None]
Constraints: [None]
Winning Node: node_34
Lobe Context: [planning (3/3 active (plan to | next step | should we))]
User Triples: None
Node Triples: None
Anti-Match Detected: false
AIML Memory Bank:
Deep Memory (Pinned): [User_Pinned]: Grug speak plain. Grug not pretend smart. | [User_Pinned]: Many rocks compete. Loudest rock get to talk. | [User_Pinned]: Grug listen first, talk second. | [User_Pinned]: Tribe stronger than lone hunter. | [User_Pinned]: Hot rock burn. Soft skin remember.
Fresh Memory [threshold=0.38 eligible=6] (Recent): [User]: can you teach me about hunting (intensity=0.53)
Memory-Pull Policy: pull_fresh=true — primary confidence=0.3 < trust floor 0.45
Lobe Curve (base × top = score):
  👑 planning: base=0.302 × top=0.302 = 0.0913 [hard_votes=0]
  · greeting: base=0.227 × top=0.227 = 0.0513 [hard_votes=0]
=========================================

Brain > --> Scanning specimens & looking for dialectical relations...
[ORCHESTRATOR] 🎯 Lobe Curve (base × top = score):
  👑 planning: base=0.679 × top=0.679 = 0.4614 [hard_votes=1]
--> 1 valid votes passed gate... compiling JIT superposition...

🤖 AIML Output Scaffold:
[Grug name what come after] next step.
--- DEBUG TELEMETRY (orchestration internals, not for speech) ---
Mission: 'next step is sharpening'
Primary Action: explain  (conf=0.68, certainty=SURE)
Sure Actions: [explain]
Unsure Actions (Coinflip Side-Features): [None]
Constraints: [None]
Winning Node: node_35
Lobe Context: [planning (3/3 active (plan to | next step | should we))]
User Triples: (step, is, sharpening)
Node Triples: None
Anti-Match Detected: false
AIML Memory Bank:
Deep Memory (Pinned): [User_Pinned]: Grug speak plain. Grug not pretend smart. | [User_Pinned]: Many rocks compete. Loudest rock get to talk. | [User_Pinned]: Grug listen first, talk second. | [User_Pinned]: Tribe stronger than lone hunter. | [User_Pinned]: Hot rock burn. Soft skin remember.
Fresh Memory [threshold=0.38 eligible=5] (Recent): [User]: next step is sharpening (intensity=1.71)
Memory-Pull Policy: pull_fresh=false — SURE vote (conf=0.68) and no winning node requested context — fresh memory withheld
Lobe Curve (base × top = score):
  👑 planning: base=0.679 × top=0.679 = 0.4614 [hard_votes=1]
=========================================

Brain > --> Scanning specimens & looking for dialectical relations...
--> No valid specimens found for this input. Cave is silent.

Brain > 👁  Arousal set to 0.5. Eye system updated.

Brain > --> Scanning specimens & looking for dialectical relations...
[ENGINE] ⚡  Attachment relay: 'node_7' fired via target 'node_6' (conf=0.569, connector="why think")
[ENGINE] 🔗  Attachment relay pass added 1 node(s) to expanded set.
[ORCHESTRATOR] 🎯 Lobe Curve (base × top = score):
  👑 nature: base=0.63 × top=0.63 = 0.3971 [hard_votes=2]
  · reasoning: base=0.359 × top=0.569 = 0.3243 [hard_votes=1]
  · explanation: base=0.351 × top=0.351 = 0.1233 [hard_votes=0]
--> 2 valid votes passed gate... compiling JIT superposition...

🤖 AIML Output Scaffold:
[Grug know tree make shade, nut, wood for fire] Here is the picture: tree. A companion frame: river.
--- DEBUG TELEMETRY (orchestration internals, not for speech) ---
Mission: 'tell me a story about the river bending past the old tree'
Primary Action: explain  (conf=0.63, certainty=UNSURE)
Sure Actions: [explain, describe]
Unsure Actions (Coinflip Side-Features): [None]
Constraints: [None]
Winning Node: node_38
Lobe Context: [nature (3/3 active (the sky | river | tree))]
User Triples: None
Node Triples: None
Anti-Match Detected: false
Tied Alternatives (not selected):
  🪨 node_37 | action=describe | conf=0.63 | relations=None
AIML Memory Bank:
Deep Memory (Pinned): [User_Pinned]: Grug speak plain. Grug not pretend smart. | [User_Pinned]: Many rocks compete. Loudest rock get to talk. | [User_Pinned]: Grug listen first, talk second. | [User_Pinned]: Tribe stronger than lone hunter. | [User_Pinned]: Hot rock burn. Soft skin remember.
Fresh Memory [threshold=0.38 eligible=6] (Recent): [User]: plan the morning hunt (intensity=0.61)
Memory-Pull Policy: pull_fresh=true — vote certainty=UNSURE — context helps disambiguate
Lobe Curve (base × top = score):
  👑 nature: base=0.63 × top=0.63 = 0.3971 [hard_votes=2]
  · reasoning: base=0.359 × top=0.569 = 0.3243 [hard_votes=1]
  · explanation: base=0.351 × top=0.351 = 0.1233 [hard_votes=0]
=========================================

Brain > --> Scanning specimens & looking for dialectical relations...
--> No valid specimens found for this input. Cave is silent.

Brain > --> Scanning specimens & looking for dialectical relations...
--> No valid specimens found for this input. Cave is silent.

Brain > --> Scanning specimens & looking for dialectical relations...
--> No valid specimens found for this input. Cave is silent.

Brain > --> Scanning specimens & looking for dialectical relations...
--> No valid specimens found for this input. Cave is silent.

Brain > [ENGINE] ✅ /right: contributors=2 rewarded=0 double_skip=1 coinflip_miss=1 grave_skip=0
✅ /right applied. 2 contributor(s) processed: 0 rewarded, 1 skipped (already gained), 1 missed coinflip.
   ↳ context intensity nudged up on 6 message(s) used last cycle.

Brain > --> Scanning specimens & looking for dialectical relations...
--> No valid specimens found for this input. Cave is silent.

Brain > 🔓 🪨 Attachment node_18→node_19 de-crystalized (was :user).

Brain > === ATTACHMENT MAP (7 targets with attachments) ===
  🎯 node_10 (2/4 attached):
      🔗 node_11 [ALIVE str=4.0] | base_conf=0.55 | connector="danger run"
      🔗 node_12 [ALIVE str=9.0] 💎[CRYSTAL:user] | base_conf=0.383 | connector="danger fire"
  🎯 node_18 (3/4 attached):
      🔗 node_19 [ALIVE str=5.0] | base_conf=0.55 | connector="feel sad"
      🔗 node_20 [ALIVE str=5.0] | base_conf=0.55 | connector="feel worried"
      🔗 node_21 [ALIVE str=4.0] | base_conf=0.55 | connector="feel lonely"
  🎯 node_3 (2/4 attached):
      🔗 node_4 [ALIVE str=2.0] | base_conf=0.383 | connector="morning hello"
      🔗 node_5 [ALIVE str=1.0] | base_conf=0.05 | connector="casual hello"
  🎯 node_33 (2/4 attached):
      🔗 node_34 [ALIVE str=2.0] | base_conf=0.383 | connector="should plan"
      🔗 node_35 [ALIVE str=1.0] | base_conf=0.383 | connector="should next"
  🎯 node_36 (1/4 attached):
      🔗 node_37 [ALIVE str=2.0] | base_conf=0.55 | connector="sky river"
  🎯 node_39 (1/4 attached):
      🔗 node_40 [ALIVE str=4.0] 💎[CRYSTAL:user] | base_conf=0.55 | connector="tool build"
  🎯 node_6 (2/4 attached):
      🔗 node_7 [ALIVE str=3.0] | base_conf=0.55 | connector="why think"
      🔗 node_8 [ALIVE str=6.0] | base_conf=0.05 | connector="think mechanism"

Brain > [ENGINE] 🔓  Node 'node_34' detached from target 'node_33'.
🔓 Detached 'node_34' from 'node_33'

Brain > === ATTACHMENT MAP (7 targets with attachments) ===
  🎯 node_10 (2/4 attached):
      🔗 node_11 [ALIVE str=4.0] | base_conf=0.55 | connector="danger run"
      🔗 node_12 [ALIVE str=9.0] 💎[CRYSTAL:user] | base_conf=0.383 | connector="danger fire"
  🎯 node_18 (3/4 attached):
      🔗 node_19 [ALIVE str=5.0] | base_conf=0.55 | connector="feel sad"
      🔗 node_20 [ALIVE str=5.0] | base_conf=0.55 | connector="feel worried"
      🔗 node_21 [ALIVE str=4.0] | base_conf=0.55 | connector="feel lonely"
  🎯 node_3 (2/4 attached):
      🔗 node_4 [ALIVE str=2.0] | base_conf=0.383 | connector="morning hello"
      🔗 node_5 [ALIVE str=1.0] | base_conf=0.05 | connector="casual hello"
  🎯 node_33 (1/4 attached):
      🔗 node_35 [ALIVE str=1.0] | base_conf=0.383 | connector="should next"
  🎯 node_36 (1/4 attached):
      🔗 node_37 [ALIVE str=2.0] | base_conf=0.55 | connector="sky river"
  🎯 node_39 (1/4 attached):
      🔗 node_40 [ALIVE str=4.0] 💎[CRYSTAL:user] | base_conf=0.55 | connector="tool build"
  🎯 node_6 (2/4 attached):
      🔗 node_7 [ALIVE str=3.0] | base_conf=0.55 | connector="why think"
      🔗 node_8 [ALIVE str=6.0] | base_conf=0.05 | connector="think mechanism"

Brain > --> Grug freezing entire cave to specimen file...

╔══════════════════════════════════════════════════════════════╗
║            🧊 SPECIMEN SAVED SUCCESSFULLY                    ║
╠══════════════════════════════════════════════════════════════╣
  📁  File             : /workspace/grug_test/kitchen_sink_v12_coherence/kitchen_sink_post_run.specimen.gz
  📦  JSON size        : 169112 bytes
  🗜️   Compressed size  : 24110 bytes (85.7% smaller)
  ⏱️   Time             : 0.43s
  ─────────────────────────────────────────────
  🌱  Nodes            : 42
  🧠  Lobes            : 13
  📋  Lobe tables      : 13
  ⚡  Hopfield entries  : 0
  ⚙️   Rules            : 0
  💬  Messages         : 257
  🔧  Verb classes     : 6
  🔤  Thesaurus words  : 499
  🚫  Inhibitions      : 0
  🔗  Attachments      : 12
  🔮  Trajectory entries : 0
  🕐  Temporal coherence : 0
  ⏳  Morph cooldowns    : 0
  🤖  AIML nodes       : 0
  👁   Arousal          : 0.85
╚══════════════════════════════════════════════════════════════╝

Brain > === LOBE REGISTRY (13 lobes, 42 nodes indexed) ===
  alert | subject='warn caution notify danger flag urgent' | nodes=3/20000 | fires=0 | inhibits=0 | connected=[survival] | tbl[nodes=3 json=3 drop=0 hopf=0]
  celebration | subject='celebrate joy happy glad cheerful' | nodes=3/20000 | fires=0 | inhibits=0 | connected=[comfort,greeting] | tbl[nodes=3 json=3 drop=0 hopf=0]
  comfort | subject='comfort support validate reassure care' | nodes=4/20000 | fires=0 | inhibits=0 | connected=[celebration,greeting] | tbl[nodes=4 json=4 drop=0 hopf=0]
  craft | subject='tool make build hammer carve' | nodes=3/20000 | fires=0 | inhibits=0 | connected=[explanation] | tbl[nodes=3 json=3 drop=0 hopf=0]
  default | subject='general thinking reasoning conversation greeting' | nodes=3/20000 | fires=0 | inhibits=0 | connected=[none] | tbl[nodes=3 json=0 drop=0 hopf=0]
  explanation | subject='explain clarify describe define teach' | nodes=4/20000 | fires=0 | inhibits=0 | connected=[craft,inquiry,nature,reasoning] | tbl[nodes=4 json=4 drop=0 hopf=0]
  greeting | subject='hello hi greet welcome conversation' | nodes=3/20000 | fires=0 | inhibits=0 | connected=[celebration,comfort] | tbl[nodes=3 json=3 drop=5 hopf=0]
  inquiry | subject='question ask wonder curious investigate' | nodes=3/20000 | fires=0 | inhibits=0 | connected=[explanation] | tbl[nodes=3 json=3 drop=0 hopf=0]
  memory | subject='remember recall past history recollect' | nodes=2/20000 | fires=0 | inhibits=0 | connected=[reasoning] | tbl[nodes=2 json=2 drop=0 hopf=0]
  nature | subject='stone tree water sky weather' | nodes=3/20000 | fires=0 | inhibits=0 | connected=[explanation] | tbl[nodes=3 json=3 drop=0 hopf=0]
  planning | subject='plan strategy goal future intend' | nodes=3/20000 | fires=0 | inhibits=0 | connected=[reasoning] | tbl[nodes=3 json=3 drop=0 hopf=0]
  reasoning | subject='think reason analyze ponder logic' | nodes=4/20000 | fires=0 | inhibits=0 | connected=[explanation,memory,planning] | tbl[nodes=4 json=4 drop=0 hopf=0]
  survival | subject='flee hide fight danger threat run' | nodes=4/20000 | fires=0 | inhibits=0 | connected=[alert] | tbl[nodes=4 json=4 drop=2 hopf=0]

Brain > ╔══════════════════════════════════════════════════╗
║              GRUGBOT SYSTEM STATUS               ║
╠══════════════════════════════════════════════════╣
║  ENGINE                                          ║
  Nodes in cave   : 42
  Hopfield cache  : 0 entries
  Memory messages : 258
  Est. memory use : ~167 KB
  Trajectory buf  : 0 entries
  Temporal coher  : 0 entries
  Morph cooldowns : 0 active
  Current arousal : 0.85
  Last input ago  : 0.0s
║  LOBES                                           ║
  Lobes registered: 13
  Nodes in lobes  : 42
  Top lobe (fires): explanation (0 fires)
║  BRAINSTEM                                       ║
  Dispatches run  : 0
  Last winner     : none
  Propagations    : 0
  Is dispatching  : false
║  CHATTER                                         ║
  Chatter running : false
  Input queue     : 0 pending
  Sessions run    : 0
║  AIML NODE TRIBES                                ║
=== AIML NODE TRIBES (cycle=89) ===
  alert | pop=0/6666 | live=0 | grave=0
  celebration | pop=0/6666 | live=0 | grave=0
  comfort | pop=0/6666 | live=0 | grave=0
  craft | pop=0/6666 | live=0 | grave=0
  explanation | pop=0/6666 | live=0 | grave=0
  greeting | pop=0/6666 | live=0 | grave=0
  inquiry | pop=0/6666 | live=0 | grave=0
  memory | pop=0/6666 | live=0 | grave=0
  nature | pop=0/6666 | live=0 | grave=0
  planning | pop=0/6666 | live=0 | grave=0
  reasoning | pop=0/6666 | live=0 | grave=0
  survival | pop=0/6666 | live=0 | grave=0
╚══════════════════════════════════════════════════╝

Brain > [GRUG] 👋 /quit received. Cave closes. Goodbye.
