🧠 Default specimen detected at /workspace/grugbot420_repo/src/../grug-binary/default.specimen.gz — auto-loading...
  🧹 Wiping current cave state...
  ✅ Cave wiped clean. Beginning restore...
  🔢 ID counters restored (node=20, msg=38)
  🗳  Last voters restored (0 IDs)
  👁  Eye state restored
  🔧 Verb registry restored (5 classes, 22 verbs, 0 synonyms)
  🔤 Thesaurus restored (499 words)
  🧠 Lobes restored (7)
  📋 Lobe tables restored (7)
  🌱 Nodes restored (20)
  ⚡ Hopfield cache restored (0 entries)
  ⚙️  Rules restored (0)
  🚫 Inhibitions restored (0)
  💬 Messages restored (38 total, 3 pinned)
  👁  Arousal restored (level=0.3)
  🧬 BrainStem state restored
  🔗 Attachments restored (0)
  🔮 Trajectory restored (0 entries)
  🕐 Temporal coherence restored (0 entries)
  ⏳ Morph cooldowns restored (0 active)
  🛡 Immune system restored (0 signatures, 0 ledger entries)
  🤖 AIML system restored (0 nodes across 6 lobes)
  ✅ Default specimen restored.
    ╔══════════════════════════════════════════════════════════════╗
    ║            🧬 SPECIMEN LOADED SUCCESSFULLY                   ║
    ╠══════════════════════════════════════════════════════════════╣
      📁  File             : /workspace/grugbot420_repo/src/../grug-binary/default.specimen.gz
      📦  Compressed size  : 12556 bytes
      📄  JSON size        : 92213 bytes
  (Set GRUG_NO_AUTOLOAD=1 to skip this on next boot.)
System Online. Grug waiting at cave entrance for instructions.
Primary  : /mission <input>                    (text or image binary)
Feedback : /wrong                              (penalize last response voters)
Explicit : /explicit <cmd> [<node_id>] <input>
Grow     : /grow <lobe_id> <json_packet>      (plant node(s) into a lobe)
         :   • <lobe_id> is required — use `-` for unassigned pool
         :   • Single node: {"pattern":"...","action_packet":"...","data":{...}}
         :   • Multi node:  {"nodes":[{...},{...}]}
         :   • `data.system_prompt` defaults to "Grug speaks plainly." if absent
Rules    : /addRule <rule text> [prob=0.0-1.0]
           Tags: {MISSION}, {PRIMARY_ACTION}, {SURE_ACTIONS}, {UNSURE_ACTIONS},
                 {ALL_ACTIONS}, {CONFIDENCE}, {NODE_ID}, {MEMORY}, {LOBE_CONTEXT}
Memory   : /pin <text>
Nodes    : /nodes                              (show node map status)
Status   : /status                             (show chatter + system status)
Arousal  : /arousal <0.0-1.0>                 (set eye system arousal level)
Verbs    : /addVerb <verb> <class>             (add verb to relation class)
         : /addRelationClass <name>            (create new verb class bucket)
         : /addSynonym <canonical> <alias>     (normalize alias->canonical)
         : /listVerbs                          (show all verb classes + synonyms)
Lobes    : /newLobe <id> <subject>             (create a new subject lobe)
         : /connectLobes <id_a> <id_b>         (connect two lobes)
         : /lobeGrow <lobe_id> <json_packet>   (DEPRECATED — alias for /grow)
         : /lobes                              (list all lobes + node counts)
         : /tableStatus <lobe_id>              (show hash table chunks for a lobe)
         : /tableMatch <lobe_id> <chunk> <pat> (pattern-activate entries in chunk)
Thesaurus: /thesaurus <word1> | <word2>        (compare words/concepts dimensionally)
         : /thesaurus <w1> | <w2> :: <ctx1> :: <ctx2>  (with context lists)
NegThes  : /negativeThesaurus add|remove|list|check|flush
Attach   : /nodeAttach <lobe> <target> <id> <pat> ...  (attach nodes with relational fire patterns)
         : /nodeDetach <lobe> <target> <id>            (detach a node from target)
ImgAttach: /imgnodeAttach <lobe> <tgt> <id> <b64> [w h] (attach image node with SDF-based fire)
         : /imgnodeDetach <lobe> <target> <id>         (detach image node from target)
         : /attachments                         (show all node attachments)
Crystal  : /crystalize <lobe> <target> <attach>        (💎 mark attachment as sticky/user-locked)
         : /decrystalize <lobe> <target> <attach>      (🔓 remove sticky flag, restore coinflip)
Specimen : /saveSpecimen <filepath>            (save full cave state to compressed file)
         : /loadSpecimen <filepath>            (restore full cave state from compressed file)
Help     : /help                               (full command reference)

╔══════════════════════════════════════════════════════════════════╗
║  SPECIMEN SEEDING GUIDE (read before /grow)                     ║
╠══════════════════════════════════════════════════════════════════╣
║  Automatic neighbor latching is SUPPRESSED below 1000 nodes.   ║
║  Below that threshold, YOU control topology via drop_table.     ║
║                                                                  ║
║  For a coherent specimen from the start:                        ║
║  1. Seed ORTHOGONAL archetypes first - distinct semantic poles. ║
║     Don't plant 50 near-identical nodes up front.               ║
║  2. Use required_relations as semantic GATES from day one.      ║
║     Nodes that demand specific verbs won't fire on noise.       ║
║  3. Name action_packets deliberately - distinct action families ║
║     give the superposition orchestrator something to work with. ║
║  4. Wire drop_tables manually for known co-activation pairs.    ║
║     Don't rely on the latch system to discover semantics.       ║
║  5. Your first ~100 nodes are the specimen's DNA.               ║
║     The engine enforces structure at scale (1000+ nodes).       ║
║     You enforce MEANING at the start.                           ║
╚══════════════════════════════════════════════════════════════════╝

Brain > --> Grug thawing specimen from file...
  🧹 Wiping current cave state...
  ✅ Cave wiped clean. Beginning restore...
  🔢 ID counters restored (node=72, msg=148)
  🗳  Last voters restored (0 IDs)
  👁  Eye state restored
  🔧 Verb registry restored (6 classes, 40 verbs, 0 synonyms)
  🔤 Thesaurus restored (499 words)
  🧠 Lobes restored (16)
  📋 Lobe tables restored (16)
  🌱 Nodes restored (72)
  ⚡ Hopfield cache restored (0 entries)
  ⚙️  Rules restored (0)
  🚫 Inhibitions restored (0)
  💬 Messages restored (148 total, 8 pinned)
  👁  Arousal restored (level=0.3)
  🧬 BrainStem state restored
  🔗 Attachments restored (0)
  🗣  Chatter groups restored (52)
  🔮 Trajectory restored (0 entries)
  🕐 Temporal coherence restored (0 entries)
  ⏳ Morph cooldowns restored (0 active)
  🛡 Immune system restored (0 signatures, 0 ledger entries)
  🤖 AIML system restored (0 nodes across 15 lobes)

╔══════════════════════════════════════════════════════════════╗
║            🧬 SPECIMEN LOADED SUCCESSFULLY                   ║
╠══════════════════════════════════════════════════════════════╣
  📁  File             : /workspace/grug_test/kitchen_sink_v16_anchors/kitchen_sink.specimen.gz
  📦  Compressed size  : 36147 bytes
  📄  JSON size        : 258905 bytes
  ⏱️   Time             : 0.11s
  ─────────────────────────────────────────────
  🌱  Nodes            : 72
  🧠  Lobes            : 16
  📋  Lobe tables      : 16
  ⚡  Hopfield entries  : 0
  ⚙️   Rules            : 0
  💬  Messages         : 148 (8 pinned)
  🔧  Verb classes     : 6 (40 verbs)
  🔤  Thesaurus words  : 499
  🚫  Inhibitions      : 0
  🔗  Attachments      : 0
  🤖  AIML nodes       : 0 (15 lobes)
  👁   Arousal          : 0.3
  🔢  ID counters      : node=72, msg=148
  ─────────────────────────────────────────────
  🧹  Previous state   : WIPED (full brain transplant)
╚══════════════════════════════════════════════════════════════╝

Brain > === LOBE REGISTRY (16 lobes, 72 nodes indexed) ===
  alert | subject='warn caution notify danger flag' | nodes=5/20000 | fires=0 | inhibits=0 | connected=[survival] | tbl[nodes=5 json=23 drop=9 hopf=0]
  celebration | subject='celebrate joy happy glad cheerful' | nodes=2/20000 | fires=0 | inhibits=0 | connected=[none] | tbl[nodes=2 json=11 drop=6 hopf=0]
  comfort | subject='comfort support validate reassure care' | nodes=7/20000 | fires=0 | inhibits=0 | connected=[greeting] | tbl[nodes=7 json=27 drop=15 hopf=0]
  core_rules | subject='speak-plain culture rules — always-on' | nodes=4/20000 | fires=0 | inhibits=0 | connected=[none] | tbl[nodes=4 json=32 drop=12 hopf=0]
  craft | subject='tool make build hammer carve' | nodes=2/20000 | fires=0 | inhibits=0 | connected=[none] | tbl[nodes=2 json=11 drop=6 hopf=0]
  default | subject='general thinking reasoning conversation greeting' | nodes=3/20000 | fires=0 | inhibits=0 | connected=[none] | tbl[nodes=3 json=0 drop=0 hopf=0]
  explanation | subject='explain clarify describe define teach' | nodes=7/20000 | fires=0 | inhibits=0 | connected=[reasoning] | tbl[nodes=7 json=23 drop=24 hopf=0]
  greeting | subject='hello hi greet welcome conversation' | nodes=6/20000 | fires=0 | inhibits=0 | connected=[comfort] | tbl[nodes=6 json=19 drop=10 hopf=0]
  identity | subject='who grug is and what grug does' | nodes=6/20000 | fires=0 | inhibits=0 | connected=[none] | tbl[nodes=6 json=48 drop=21 hopf=0]
  inquiry | subject='ask question wonder curious learn' | nodes=3/20000 | fires=0 | inhibits=0 | connected=[none] | tbl[nodes=3 json=15 drop=11 hopf=0]
  knowledge | subject='fire water wolf rock food' | nodes=5/20000 | fires=0 | inhibits=0 | connected=[none] | tbl[nodes=5 json=34 drop=24 hopf=0]
  memory | subject='remember recall past history' | nodes=2/20000 | fires=0 | inhibits=0 | connected=[none] | tbl[nodes=2 json=10 drop=6 hopf=0]
  nature | subject='sky river tree wind animal' | nodes=3/20000 | fires=0 | inhibits=0 | connected=[none] | tbl[nodes=3 json=18 drop=11 hopf=0]
  planning | subject='plan strategy goal future intend' | nodes=3/20000 | fires=0 | inhibits=0 | connected=[none] | tbl[nodes=3 json=15 drop=10 hopf=0]
  reasoning | subject='think reason analyze ponder logic' | nodes=7/20000 | fires=0 | inhibits=0 | connected=[explanation] | tbl[nodes=7 json=23 drop=18 hopf=0]
  survival | subject='flee hide fight danger threat' | nodes=7/20000 | fires=0 | inhibits=0 | connected=[alert] | tbl[nodes=7 json=27 drop=15 hopf=0]

Brain > === SEMANTIC VERB REGISTRY ===
  [action]: breaks, burns, hits
  [causal]: burns, causes, contradicts, eats, feeds, hits, increases, leads_to, makes, reduces, routes, triggers
  [emotive]: fears, feels, loves, misses
  [epistemic]: believes, doubts, knows, thinks
  [spatial]: above, are, below, connects, inside, is, near, on, sees, was, were
  [temporal]: after, before, chasing, during, follows, precedes
  (no synonyms registered)

Brain > ╔══════════════════════════════════════════════════╗
║              GRUGBOT SYSTEM STATUS               ║
╠══════════════════════════════════════════════════╣
║  ENGINE                                          ║
  Nodes in cave   : 72
  Hopfield cache  : 0 entries
  Memory messages : 149
  Est. memory use : ~144 KB
  Trajectory buf  : 0 entries
  Temporal coher  : 0 entries
  Morph cooldowns : 0 active
  Current arousal : 0.3
  Last input ago  : 0.0s
║  LOBES                                           ║
  Lobes registered: 16
  Nodes in lobes  : 72
  Top lobe (fires): explanation (0 fires)
║  BRAINSTEM                                       ║
  Dispatches run  : 0
  Last winner     : none
  Propagations    : 0
  Is dispatching  : false
║  CHATTER                                         ║
  Chatter running : false
  Input queue     : 0 pending
  Sessions run    : 0
║  AIML NODE TRIBES                                ║
=== AIML NODE TRIBES (cycle=0) ===
  alert | pop=0/6666 | live=0 | grave=0
  celebration | pop=0/6666 | live=0 | grave=0
  comfort | pop=0/6666 | live=0 | grave=0
  core_rules | pop=0/6666 | live=0 | grave=0
  craft | pop=0/6666 | live=0 | grave=0
  explanation | pop=0/6666 | live=0 | grave=0
  greeting | pop=0/6666 | live=0 | grave=0
  identity | pop=0/6666 | live=0 | grave=0
  inquiry | pop=0/6666 | live=0 | grave=0
  knowledge | pop=0/6666 | live=0 | grave=0
  memory | pop=0/6666 | live=0 | grave=0
  nature | pop=0/6666 | live=0 | grave=0
  planning | pop=0/6666 | live=0 | grave=0
  reasoning | pop=0/6666 | live=0 | grave=0
  survival | pop=0/6666 | live=0 | grave=0
╚══════════════════════════════════════════════════╝

Brain > 👁  Arousal set to 0.3. Eye system updated.

Brain > 
🔍 THESAURUS COMPARISON
  Input 1  : "happy"  → seeds: cheerful, content, delighted, elated
  Input 2  : "sad"  → seeds: dejected, downcast, gloomy, melancholy
  Type     : word-word
  ─────────────────────────────
  Overall  : 0.0%  [NEGLIGIBLE]
  Semantic : 0.0%
  Context  : 50.0%
  Assoc    : 0.0%
  Confid.  : 90.0%


Brain > 
🔍 THESAURUS COMPARISON
  Input 1  : "tool"
  Input 2  : "weapon"
  Type     : word-word
  ─────────────────────────────
  Overall  : 0.0%  [NEGLIGIBLE]
  Semantic : 0.0%
  Context  : 50.0%
  Assoc    : 0.0%
  Confid.  : 90.0%


Brain > 
🔍 THESAURUS COMPARISON
  Input 1  : "quick"  → seeds: brisk, fast, hasty, rapid
  Input 2  : "swift"  → seeds: brisk, fast, hasty, quick
  Type     : word-word
  ─────────────────────────────
  Overall  : 95.0%  [IDENTICAL]
  Semantic : 95.0%
  Context  : 50.0%
  Assoc    : 0.0%
  Confid.  : 90.0%


Brain > [ENGINE] 🔗  Node 'node_4' attached to target 'node_3' with pattern "morning hello" (base_conf=0.383, 1/4 slots used).
🔗 /nodeAttach complete:
   → Attached 'node_4' to 'node_3' with pattern "morning hello" (base_conf=0.383, 1/4)

Brain > [ENGINE] 🔗  Node 'node_5' attached to target 'node_3' with pattern "casual hello" (base_conf=0.05, 2/4 slots used).
🔗 /nodeAttach complete:
   → Attached 'node_5' to 'node_3' with pattern "casual hello" (base_conf=0.05, 2/4)

Brain > [ENGINE] 🔗  Node 'node_7' attached to target 'node_6' with pattern "why think" (base_conf=0.55, 1/4 slots used).
🔗 /nodeAttach complete:
   → Attached 'node_7' to 'node_6' with pattern "why think" (base_conf=0.55, 1/4)

Brain > [ENGINE] 🔗  Node 'node_8' attached to target 'node_6' with pattern "think mechanism" (base_conf=0.05, 2/4 slots used).
🔗 /nodeAttach complete:
   → Attached 'node_8' to 'node_6' with pattern "think mechanism" (base_conf=0.05, 2/4)

Brain > [ENGINE] 🔗  Node 'node_11' attached to target 'node_10' with pattern "danger run" (base_conf=0.05, 1/4 slots used).
🔗 /nodeAttach complete:
   → Attached 'node_11' to 'node_10' with pattern "danger run" (base_conf=0.05, 1/4)

Brain > !!! SYSTEM ERROR: ErrorException("!!! FATAL: /nodeAttach: node 'node_12' is not a member of lobe 'survival'. Lobe members: [node_10, node_11, node_32, node_33, node_34, node_35, node_9]. !!!") !!!

Stacktrace:
 [1] error(s::String)
   @ Base ./error.jl:35
 [2] _assert_node_in_lobe(lobe_id::String, node_id::String, cmd::String)
   @ Main /workspace/grugbot420_repo/src/Main.jl:4599
 [3] run_cli()
   @ Main /workspace/grugbot420_repo/src/Main.jl:5594
 [4] top-level scope
   @ /workspace/grugbot420_repo/src/Main.jl:5758
 [5] include(mod::Module, _path::String)
   @ Base ./Base.jl:495
 [6] exec_options(opts::Base.JLOptions)
   @ Base ./client.jl:318
 [7] _start()
   @ Base ./client.jl:552

Brain > !!! SYSTEM ERROR: ErrorException("!!! FATAL: /nodeAttach: node 'node_18' is not a member of lobe 'comfort'. Lobe members: [node_15, node_16, node_17, node_40, node_41, node_42, node_43]. !!!") !!!

Stacktrace:
 [1] error(s::String)
   @ Base ./error.jl:35
 [2] _assert_node_in_lobe(lobe_id::String, node_id::String, cmd::String)
   @ Main /workspace/grugbot420_repo/src/Main.jl:4599
 [3] run_cli()
   @ Main /workspace/grugbot420_repo/src/Main.jl:5575
 [4] top-level scope
   @ /workspace/grugbot420_repo/src/Main.jl:5758
 [5] include(mod::Module, _path::String)
   @ Base ./Base.jl:495
 [6] exec_options(opts::Base.JLOptions)
   @ Base ./client.jl:318
 [7] _start()
   @ Base ./client.jl:552

Brain > !!! SYSTEM ERROR: ErrorException("!!! FATAL: /nodeAttach: node 'node_18' is not a member of lobe 'comfort'. Lobe members: [node_15, node_16, node_17, node_40, node_41, node_42, node_43]. !!!") !!!

Stacktrace:
 [1] error(s::String)
   @ Base ./error.jl:35
 [2] _assert_node_in_lobe(lobe_id::String, node_id::String, cmd::String)
   @ Main /workspace/grugbot420_repo/src/Main.jl:4599
 [3] run_cli()
   @ Main /workspace/grugbot420_repo/src/Main.jl:5575
 [4] top-level scope
   @ /workspace/grugbot420_repo/src/Main.jl:5758
 [5] include(mod::Module, _path::String)
   @ Base ./Base.jl:495
 [6] exec_options(opts::Base.JLOptions)
   @ Base ./client.jl:318
 [7] _start()
   @ Base ./client.jl:552

Brain > !!! SYSTEM ERROR: ErrorException("!!! FATAL: /nodeAttach: node 'node_18' is not a member of lobe 'comfort'. Lobe members: [node_15, node_16, node_17, node_40, node_41, node_42, node_43]. !!!") !!!

Stacktrace:
 [1] error(s::String)
   @ Base ./error.jl:35
 [2] _assert_node_in_lobe(lobe_id::String, node_id::String, cmd::String)
   @ Main /workspace/grugbot420_repo/src/Main.jl:4599
 [3] run_cli()
   @ Main /workspace/grugbot420_repo/src/Main.jl:5575
 [4] top-level scope
   @ /workspace/grugbot420_repo/src/Main.jl:5758
 [5] include(mod::Module, _path::String)
   @ Base ./Base.jl:495
 [6] exec_options(opts::Base.JLOptions)
   @ Base ./client.jl:318
 [7] _start()
   @ Base ./client.jl:552

Brain > !!! SYSTEM ERROR: ErrorException("!!! FATAL: /nodeAttach: node 'node_33' is not a member of lobe 'planning'. Lobe members: [node_47, node_48, node_49]. !!!") !!!

Stacktrace:
 [1] error(s::String)
   @ Base ./error.jl:35
 [2] _assert_node_in_lobe(lobe_id::String, node_id::String, cmd::String)
   @ Main /workspace/grugbot420_repo/src/Main.jl:4599
 [3] run_cli()
   @ Main /workspace/grugbot420_repo/src/Main.jl:5575
 [4] top-level scope
   @ /workspace/grugbot420_repo/src/Main.jl:5758
 [5] include(mod::Module, _path::String)
   @ Base ./Base.jl:495
 [6] exec_options(opts::Base.JLOptions)
   @ Base ./client.jl:318
 [7] _start()
   @ Base ./client.jl:552

Brain > !!! SYSTEM ERROR: ErrorException("!!! FATAL: /nodeAttach: node 'node_33' is not a member of lobe 'planning'. Lobe members: [node_47, node_48, node_49]. !!!") !!!

Stacktrace:
 [1] error(s::String)
   @ Base ./error.jl:35
 [2] _assert_node_in_lobe(lobe_id::String, node_id::String, cmd::String)
   @ Main /workspace/grugbot420_repo/src/Main.jl:4599
 [3] run_cli()
   @ Main /workspace/grugbot420_repo/src/Main.jl:5575
 [4] top-level scope
   @ /workspace/grugbot420_repo/src/Main.jl:5758
 [5] include(mod::Module, _path::String)
   @ Base ./Base.jl:495
 [6] exec_options(opts::Base.JLOptions)
   @ Base ./client.jl:318
 [7] _start()
   @ Base ./client.jl:552

Brain > !!! SYSTEM ERROR: ErrorException("!!! FATAL: /nodeAttach: node 'node_36' is not a member of lobe 'nature'. Lobe members: [node_52, node_53, node_54]. !!!") !!!

Stacktrace:
 [1] error(s::String)
   @ Base ./error.jl:35
 [2] _assert_node_in_lobe(lobe_id::String, node_id::String, cmd::String)
   @ Main /workspace/grugbot420_repo/src/Main.jl:4599
 [3] run_cli()
   @ Main /workspace/grugbot420_repo/src/Main.jl:5575
 [4] top-level scope
   @ /workspace/grugbot420_repo/src/Main.jl:5758
 [5] include(mod::Module, _path::String)
   @ Base ./Base.jl:495
 [6] exec_options(opts::Base.JLOptions)
   @ Base ./client.jl:318
 [7] _start()
   @ Base ./client.jl:552

Brain > !!! SYSTEM ERROR: ErrorException("!!! FATAL: /nodeAttach: node 'node_39' is not a member of lobe 'craft'. Lobe members: [node_55, node_56]. !!!") !!!

Stacktrace:
 [1] error(s::String)
   @ Base ./error.jl:35
 [2] _assert_node_in_lobe(lobe_id::String, node_id::String, cmd::String)
   @ Main /workspace/grugbot420_repo/src/Main.jl:4599
 [3] run_cli()
   @ Main /workspace/grugbot420_repo/src/Main.jl:5575
 [4] top-level scope
   @ /workspace/grugbot420_repo/src/Main.jl:5758
 [5] include(mod::Module, _path::String)
   @ Base ./Base.jl:495
 [6] exec_options(opts::Base.JLOptions)
   @ Base ./client.jl:318
 [7] _start()
   @ Base ./client.jl:552

Brain > === ATTACHMENT MAP (3 targets with attachments) ===
  🎯 node_10 (1/4 attached):
      🔗 node_11 [ALIVE str=1.0] | base_conf=0.05 | connector="danger run"
  🎯 node_3 (2/4 attached):
      🔗 node_4 [ALIVE str=1.0] | base_conf=0.383 | connector="morning hello"
      🔗 node_5 [ALIVE str=1.0] | base_conf=0.05 | connector="casual hello"
  🎯 node_6 (2/4 attached):
      🔗 node_7 [ALIVE str=1.0] | base_conf=0.55 | connector="why think"
      🔗 node_8 [ALIVE str=1.0] | base_conf=0.05 | connector="think mechanism"

Brain > !!! SYSTEM ERROR: ErrorException("!!! FATAL: /crystalize: node 'node_18' is not a member of lobe 'comfort'. Lobe members: [node_15, node_16, node_17, node_40, node_41, node_42, node_43]. !!!") !!!

Stacktrace:
 [1] error(s::String)
   @ Base ./error.jl:35
 [2] _assert_node_in_lobe(lobe_id::String, node_id::String, cmd::String)
   @ Main /workspace/grugbot420_repo/src/Main.jl:4599
 [3] run_cli()
   @ Main /workspace/grugbot420_repo/src/Main.jl:5725
 [4] top-level scope
   @ /workspace/grugbot420_repo/src/Main.jl:5758
 [5] include(mod::Module, _path::String)
   @ Base ./Base.jl:495
 [6] exec_options(opts::Base.JLOptions)
   @ Base ./client.jl:318
 [7] _start()
   @ Base ./client.jl:552

Brain > !!! SYSTEM ERROR: ErrorException("!!! FATAL: /crystalize: node 'node_12' is not a member of lobe 'survival'. Lobe members: [node_10, node_11, node_32, node_33, node_34, node_35, node_9]. !!!") !!!

Stacktrace:
 [1] error(s::String)
   @ Base ./error.jl:35
 [2] _assert_node_in_lobe(lobe_id::String, node_id::String, cmd::String)
   @ Main /workspace/grugbot420_repo/src/Main.jl:4599
 [3] run_cli()
   @ Main /workspace/grugbot420_repo/src/Main.jl:5726
 [4] top-level scope
   @ /workspace/grugbot420_repo/src/Main.jl:5758
 [5] include(mod::Module, _path::String)
   @ Base ./Base.jl:495
 [6] exec_options(opts::Base.JLOptions)
   @ Base ./client.jl:318
 [7] _start()
   @ Base ./client.jl:552

Brain > !!! SYSTEM ERROR: ErrorException("!!! FATAL: /crystalize: node 'node_39' is not a member of lobe 'craft'. Lobe members: [node_55, node_56]. !!!") !!!

Stacktrace:
 [1] error(s::String)
   @ Base ./error.jl:35
 [2] _assert_node_in_lobe(lobe_id::String, node_id::String, cmd::String)
   @ Main /workspace/grugbot420_repo/src/Main.jl:4599
 [3] run_cli()
   @ Main /workspace/grugbot420_repo/src/Main.jl:5725
 [4] top-level scope
   @ /workspace/grugbot420_repo/src/Main.jl:5758
 [5] include(mod::Module, _path::String)
   @ Base ./Base.jl:495
 [6] exec_options(opts::Base.JLOptions)
   @ Base ./client.jl:318
 [7] _start()
   @ Base ./client.jl:552

Brain > === ATTACHMENT MAP (3 targets with attachments) ===
  🎯 node_10 (1/4 attached):
      🔗 node_11 [ALIVE str=1.0] | base_conf=0.05 | connector="danger run"
  🎯 node_3 (2/4 attached):
      🔗 node_4 [ALIVE str=1.0] | base_conf=0.383 | connector="morning hello"
      🔗 node_5 [ALIVE str=1.0] | base_conf=0.05 | connector="casual hello"
  🎯 node_6 (2/4 attached):
      🔗 node_7 [ALIVE str=1.0] | base_conf=0.55 | connector="why think"
      🔗 node_8 [ALIVE str=1.0] | base_conf=0.05 | connector="think mechanism"

Brain > --> Scanning specimens & looking for dialectical relations...
[ENGINE] ⚡  Attachment relay: 'node_4' fired via target 'node_3' (conf=0.389, connector="morning hello")
[ENGINE] ⚡  Attachment relay: 'node_5' fired via target 'node_3' (conf=0.1, connector="casual hello")
[ENGINE] 🔗  Attachment relay pass added 2 node(s) to expanded set.
[ORCHESTRATOR] 🎯 Lobe Curve (base × top = score):
  👑 greeting: base=0.454 × top=0.663 = 0.4396 [hard_votes=2]
  · default: base=0.521 × top=0.521 = 0.2713 [hard_votes=1]
--> 4 valid votes passed gate... compiling JIT superposition...
[ENGINE] 🐢  Node node_20 marked [GRAVED-SLOW] (avg: 5.43s > 5.0s).
[ENGINE] 🐢  Node node_3 marked [GRAVED-SLOW] (avg: 5.43s > 5.0s).
[ENGINE] 🐢  Node node_4 marked [GRAVED-SLOW] (avg: 5.43s > 5.0s).
[ENGINE] 🐢  Node node_5 marked [GRAVED-SLOW] (avg: 5.43s > 5.0s).

🤖 AIML Output Scaffold:
[Grug greet warm] Let me think with you. Be polite, brief..
--- DEBUG TELEMETRY (orchestration internals, not for speech) ---
Mission: 'hello'
Primary Action: greet  (conf=0.66, certainty=UNSURE)
Sure Actions: [greet, welcome]
Unsure Actions (Coinflip Side-Features): [None]
Constraints: [None]
Winning Node: node_3
Lobe Context: [greeting (6/6 active (hello hi | good morning | howdy))]
User Triples: None
Node Triples: None
Anti-Match Detected: false
Tied Alternatives (not selected):
  🪨 node_20 | action=welcome | conf=0.66 | relations=None
AIML Memory Bank:
Deep Memory (Pinned): [User_Pinned]: Grug speak plain. Grug not pretend smart. | [User_Pinned]: Many rocks compete. Loudest rock get to talk. | [User_Pinned]: Grug listen first, talk second. | [User_Pinned]: Grug speak plain. Grug not pretend smart. | [User_Pinned]: Many rocks compete. Loudest rock get to talk. | [User_Pinned]: Grug listen first, talk second. | [User_Pinned]: Tribe stronger than lone hunter. | [User_Pinned]: Hot rock burn. Soft skin remember.
Fresh Memory [threshold=0.67 eligible=10] (Recent): [System]: /nodeAttach: Attached 'node_4' to 'node_3' with pattern "morning hello" (base_conf=0.383, 1/4) (intensity=0.72)
Memory-Pull Policy: pull_fresh=true — vote certainty=UNSURE — context helps disambiguate
Lobe Curve (base × top = score):
  👑 greeting: base=0.454 × top=0.663 = 0.4396 [hard_votes=2]
  · default: base=0.521 × top=0.521 = 0.2713 [hard_votes=1]
=========================================

Brain > [ENGINE] ✅ /right: contributors=2 rewarded=0 double_skip=0 coinflip_miss=0 grave_skip=2
✅ /right applied. 2 contributor(s) processed: 0 rewarded, 0 skipped (already gained), 0 missed coinflip.
   ↳ context intensity nudged up on 9 message(s) used last cycle.

Brain > --> Scanning specimens & looking for dialectical relations...
[ORCHESTRATOR] 🎯 Lobe Curve (base × top = score):
  👑 default: base=0.524 × top=0.524 = 0.2743 [hard_votes=1]
--> 1 valid votes passed gate... compiling JIT superposition...

🤖 AIML Output Scaffold:
[Highly polite greeting protocols active] Let me think with you. hello hi greeting mornin.
--- DEBUG TELEMETRY (orchestration internals, not for speech) ---
Mission: 'hello'
Primary Action: greet  (conf=0.52, certainty=SURE)
Sure Actions: [greet]
Unsure Actions (Coinflip Side-Features): [None]
Constraints: [dont frown, dont insult, dont be rude]
Winning Node: node_0
Lobe Context: [default (3/3 active (hello hi greeting mornin | think ponder reason calculate | grug hits rock and makes fire))]
User Triples: None
Node Triples: None
Anti-Match Detected: false
AIML Memory Bank:
Deep Memory (Pinned): [User_Pinned]: Grug speak plain. Grug not pretend smart. | [User_Pinned]: Many rocks compete. Loudest rock get to talk. | [User_Pinned]: Grug listen first, talk second. | [User_Pinned]: Grug speak plain. Grug not pretend smart. | [User_Pinned]: Many rocks compete. Loudest rock get to talk. | [User_Pinned]: Grug listen first, talk second. | [User_Pinned]: Tribe stronger than lone hunter. | [User_Pinned]: Hot rock burn. Soft skin remember.
Fresh Memory [threshold=0.47 eligible=5] (Recent): [System]: Mission "hello" → primary=greet conf=0.66 node=node_3 (intensity=0.77)
Memory-Pull Policy: pull_fresh=false — SURE vote (conf=0.52) and no winning node requested context — fresh memory withheld
Lobe Curve (base × top = score):
  👑 default: base=0.524 × top=0.524 = 0.2743 [hard_votes=1]
=========================================

Brain > --> Scanning specimens & looking for dialectical relations...
[ORCHESTRATOR] 🎯 Lobe Curve (base × top = score):
  👑 default: base=0.519 × top=0.519 = 0.2694 [hard_votes=1]
--> 1 valid votes passed gate... compiling JIT superposition...

🤖 AIML Output Scaffold:
[Highly polite greeting protocols active] Let me think with you. hello hi greeting mornin.
--- DEBUG TELEMETRY (orchestration internals, not for speech) ---
Mission: 'hello'
Primary Action: smile  (conf=0.52, certainty=SURE)
Sure Actions: [smile]
Unsure Actions (Coinflip Side-Features): [None]
Constraints: [dont frown, dont insult, dont be rude]
Winning Node: node_0
Lobe Context: [default (3/3 active (hello hi greeting mornin | think ponder reason calculate | grug hits rock and makes fire))]
User Triples: None
Node Triples: None
Anti-Match Detected: false
AIML Memory Bank:
Deep Memory (Pinned): [User_Pinned]: Grug speak plain. Grug not pretend smart. | [User_Pinned]: Many rocks compete. Loudest rock get to talk. | [User_Pinned]: Grug listen first, talk second. | [User_Pinned]: Grug speak plain. Grug not pretend smart. | [User_Pinned]: Many rocks compete. Loudest rock get to talk. | [User_Pinned]: Grug listen first, talk second. | [User_Pinned]: Tribe stronger than lone hunter. | [User_Pinned]: Hot rock burn. Soft skin remember.
Fresh Memory [threshold=0.38 eligible=7] (Recent): [User]: hello (intensity=1.52) | [User]: hello (intensity=1.53) | [User]: hello (intensity=1.27)
Memory-Pull Policy: pull_fresh=false — SURE vote (conf=0.52) and no winning node requested context — fresh memory withheld
Lobe Curve (base × top = score):
  👑 default: base=0.519 × top=0.519 = 0.2694 [hard_votes=1]
=========================================

Brain > [ENGINE] ✅ /right: contributors=1 rewarded=0 double_skip=0 coinflip_miss=1 grave_skip=0
✅ /right applied. 1 contributor(s) processed: 0 rewarded, 0 skipped (already gained), 1 missed coinflip.
   ↳ context intensity nudged up on 11 message(s) used last cycle.

Brain > --> Scanning specimens & looking for dialectical relations...
[ORCHESTRATOR] 🎯 Lobe Curve (base × top = score):
  👑 greeting: base=1.319 × top=1.319 = 1.7406 [hard_votes=1]
  · comfort: base=0.44 × top=0.44 = 0.1936 [hard_votes=0]
--> 1 valid votes passed gate... compiling JIT superposition...

🤖 AIML Output Scaffold:
[Grug greet morning] first light wake the bones soft.
--- DEBUG TELEMETRY (orchestration internals, not for speech) ---
Mission: 'good morning'
Primary Action: first light wake the bones soft  (conf=1.32, certainty=SURE)
Sure Actions: [first light wake the bones soft]
Unsure Actions (Coinflip Side-Features): [None]
Constraints: [None]
Winning Node: node_21
Lobe Context: [greeting (6/6 active (hello hi | good morning | howdy))]
User Triples: None
Node Triples: None
Anti-Match Detected: false
AIML Memory Bank:
Deep Memory (Pinned): [User_Pinned]: Grug speak plain. Grug not pretend smart. | [User_Pinned]: Many rocks compete. Loudest rock get to talk. | [User_Pinned]: Grug listen first, talk second. | [User_Pinned]: Grug speak plain. Grug not pretend smart. | [User_Pinned]: Many rocks compete. Loudest rock get to talk. | [User_Pinned]: Grug listen first, talk second. | [User_Pinned]: Tribe stronger than lone hunter. | [User_Pinned]: Hot rock burn. Soft skin remember.
Fresh Memory [threshold=0.38 eligible=8] (Recent): [User]: hello (intensity=1.35) | [System]: Mission "hello" → primary=smile conf=0.52 node=node_0 (intensity=0.65)
Memory-Pull Policy: pull_fresh=false — SURE vote (conf=1.32) and no winning node requested context — fresh memory withheld
Lobe Curve (base × top = score):
  👑 greeting: base=1.319 × top=1.319 = 1.7406 [hard_votes=1]
  · comfort: base=0.44 × top=0.44 = 0.1936 [hard_votes=0]
=========================================

Brain > [ENGINE] ✅ /right: contributors=1 rewarded=1 double_skip=0 coinflip_miss=0 grave_skip=0
✅ /right applied. 1 contributor(s) processed: 1 rewarded, 0 skipped (already gained), 0 missed coinflip.
   ↳ context intensity nudged up on 10 message(s) used last cycle.

Brain > --> Scanning specimens & looking for dialectical relations...
[ORCHESTRATOR] 🎯 Lobe Curve (base × top = score):
  👑 greeting: base=0.662 × top=0.662 = 0.4381 [hard_votes=1]
--> 1 valid votes passed gate... compiling JIT superposition...

🤖 AIML Output Scaffold:
[Grug greet casual] Here is the picture: the friend.
--- DEBUG TELEMETRY (orchestration internals, not for speech) ---
Mission: 'howdy partner'
Primary Action: greet  (conf=0.66, certainty=SURE)
Sure Actions: [greet]
Unsure Actions (Coinflip Side-Features): [None]
Constraints: [None]
Winning Node: node_22
Lobe Context: [greeting (6/6 active (hello hi | good morning | howdy))]
User Triples: None
Node Triples: None
Anti-Match Detected: false
AIML Memory Bank:
Deep Memory (Pinned): [User_Pinned]: Grug speak plain. Grug not pretend smart. | [User_Pinned]: Many rocks compete. Loudest rock get to talk. | [User_Pinned]: Grug listen first, talk second. | [User_Pinned]: Grug speak plain. Grug not pretend smart. | [User_Pinned]: Many rocks compete. Loudest rock get to talk. | [User_Pinned]: Grug listen first, talk second. | [User_Pinned]: Tribe stronger than lone hunter. | [User_Pinned]: Hot rock burn. Soft skin remember.
Fresh Memory [threshold=0.75 eligible=5] (Recent): [User]: hello (intensity=1.23)
Memory-Pull Policy: pull_fresh=false — SURE vote (conf=0.66) and no winning node requested context — fresh memory withheld
Lobe Curve (base × top = score):
  👑 greeting: base=0.662 × top=0.662 = 0.4381 [hard_votes=1]
=========================================

Brain > --> Scanning specimens & looking for dialectical relations...
[ORCHESTRATOR] 🎯 Lobe Curve (base × top = score):
  👑 explanation: base=0.785 × top=0.932 = 0.8691 [hard_votes=2]
  · knowledge: base=0.641 × top=0.641 = 0.4112 [hard_votes=1]
  · default: base=0.559 × top=0.559 = 0.3129 [hard_votes=1]
  · identity: base=0.458 × top=0.458 = 0.2098 [hard_votes=0]
  · celebration: base=0.305 × top=0.305 = 0.0932 [hard_votes=0]
  · survival: base=0.305 × top=0.305 = 0.0932 [hard_votes=0]
  · planning: base=0.305 × top=0.305 = 0.0932 [hard_votes=0]
--> 2 valid votes passed gate... compiling JIT superposition...

🤖 AIML Output Scaffold:
[Grug explain plain] Here is the picture: No big words..
--- DEBUG TELEMETRY (orchestration internals, not for speech) ---
Mission: 'what is fire'
Primary Action: describe  (conf=0.93, certainty=SURE)
Sure Actions: [describe]
Unsure Actions (Coinflip Side-Features): [None]
Constraints: [None]
Winning Node: node_12
Lobe Context: [explanation (7/7 active (define | what is | define))]
User Triples: (what, is, fire)
Node Triples: None
Anti-Match Detected: false
AIML Memory Bank:
Deep Memory (Pinned): [User_Pinned]: Grug speak plain. Grug not pretend smart. | [User_Pinned]: Many rocks compete. Loudest rock get to talk. | [User_Pinned]: Grug listen first, talk second. | [User_Pinned]: Grug speak plain. Grug not pretend smart. | [User_Pinned]: Many rocks compete. Loudest rock get to talk. | [User_Pinned]: Grug listen first, talk second. | [User_Pinned]: Tribe stronger than lone hunter. | [User_Pinned]: Hot rock burn. Soft skin remember.
Fresh Memory [threshold=0.38 eligible=9] (Recent): [User]: hello (intensity=0.78) | [User]: hello (intensity=0.58) | [System]: Mission "good morning" → primary=first light wake the bones soft conf=1.32 node=node_21 (intensity=0.43) | [User]: what is fire (intensity=1.67)
Memory-Pull Policy: pull_fresh=false — SURE vote (conf=0.93) and no winning node requested context — fresh memory withheld
Lobe Curve (base × top = score):
  👑 explanation: base=0.785 × top=0.932 = 0.8691 [hard_votes=2]
  · knowledge: base=0.641 × top=0.641 = 0.4112 [hard_votes=1]
  · default: base=0.559 × top=0.559 = 0.3129 [hard_votes=1]
  · identity: base=0.458 × top=0.458 = 0.2098 [hard_votes=0]
  · celebration: base=0.305 × top=0.305 = 0.0932 [hard_votes=0]
  · survival: base=0.305 × top=0.305 = 0.0932 [hard_votes=0]
  · planning: base=0.305 × top=0.305 = 0.0932 [hard_votes=0]
=========================================

Brain > [ENGINE] ✅ /right: contributors=1 rewarded=1 double_skip=0 coinflip_miss=0 grave_skip=0
✅ /right applied. 1 contributor(s) processed: 1 rewarded, 0 skipped (already gained), 0 missed coinflip.
   ↳ context intensity nudged up on 12 message(s) used last cycle.

Brain > --> Scanning specimens & looking for dialectical relations...
[ORCHESTRATOR] 🎯 Lobe Curve (base × top = score):
  👑 explanation: base=0.669 × top=0.787 = 0.6195 [hard_votes=2]
  · reasoning: base=0.279 × top=0.328 = 0.1076 [hard_votes=0]
--> 2 valid votes passed gate... compiling JIT superposition...

🤖 AIML Output Scaffold:
[Grug share what grug know] Here is the picture: tell me. Pinned note: Many rocks compete. Loudest rock get to talk.
--- DEBUG TELEMETRY (orchestration internals, not for speech) ---
Mission: 'tell me about rocks'
Primary Action: describe  (conf=0.79, certainty=SURE)
Sure Actions: [describe]
Unsure Actions (Coinflip Side-Features): [pass story rock to rock hand to hand]
Constraints: [None]
Winning Node: node_13
Lobe Context: [explanation (7/7 active (define | what is | define))]
User Triples: None
Node Triples: None
Anti-Match Detected: false
Other Possibilities (strong but not winners):
  🔸 node_37 | action=pass story rock to rock hand to hand | conf=0.55 | relations=None
AIML Memory Bank:
Deep Memory (Pinned): [User_Pinned]: Grug speak plain. Grug not pretend smart. | [User_Pinned]: Many rocks compete. Loudest rock get to talk. | [User_Pinned]: Grug listen first, talk second. | [User_Pinned]: Grug speak plain. Grug not pretend smart. | [User_Pinned]: Many rocks compete. Loudest rock get to talk. | [User_Pinned]: Grug listen first, talk second. | [User_Pinned]: Tribe stronger than lone hunter. | [User_Pinned]: Hot rock burn. Soft skin remember.
Fresh Memory [threshold=0.38 eligible=8] (Recent): [User]: hello (intensity=0.69) | [System]: Mission "good morning" → primary=first light wake the bones soft conf=1.32 node=node_21 (intensity=0.59) | [User]: what is fire (intensity=1.44) | [User]: tell me about rocks (intensity=1.29)
Memory-Pull Policy: pull_fresh=false — SURE vote (conf=0.79) and no winning node requested context — fresh memory withheld
Lobe Curve (base × top = score):
  👑 explanation: base=0.669 × top=0.787 = 0.6195 [hard_votes=2]
  · reasoning: base=0.279 × top=0.328 = 0.1076 [hard_votes=0]
=========================================

Brain > --> Scanning specimens & looking for dialectical relations...
[ORCHESTRATOR] 🎯 Lobe Curve (base × top = score):
  👑 reasoning: base=0.67 × top=0.791 = 0.6254 [hard_votes=2]
  · knowledge: base=0.552 × top=0.552 = 0.3049 [hard_votes=1]
  · default: base=0.474 × top=0.474 = 0.2251 [hard_votes=0]
  · celebration: base=0.308 × top=0.308 = 0.095 [hard_votes=0]
  · survival: base=0.23 × top=0.23 = 0.0529 [hard_votes=0]
--> 2 valid votes passed gate... compiling JIT superposition...

🤖 AIML Output Scaffold:
[Grug seek cause] Here is the picture: Trace from effect to source.. Pinned note: Hot rock burn. Soft skin remember.
--- DEBUG TELEMETRY (orchestration internals, not for speech) ---
Mission: 'why does fire burn'
Primary Action: reason  (conf=0.79, certainty=SURE)
Sure Actions: [reason]
Unsure Actions (Coinflip Side-Features): [every flame has a spark trace from end to start]
Constraints: [None]
Winning Node: node_7
Lobe Context: [reasoning (7/7 active (why | calculate | how does))]
User Triples: None
Node Triples: None
Anti-Match Detected: false
Other Possibilities (strong but not winners):
  🔸 node_29 | action=every flame has a spark trace from end to start | conf=0.55 | relations=None
AIML Memory Bank:
Deep Memory (Pinned): [User_Pinned]: Grug speak plain. Grug not pretend smart. | [User_Pinned]: Many rocks compete. Loudest rock get to talk. | [User_Pinned]: Grug listen first, talk second. | [User_Pinned]: Grug speak plain. Grug not pretend smart. | [User_Pinned]: Many rocks compete. Loudest rock get to talk. | [User_Pinned]: Grug listen first, talk second. | [User_Pinned]: Tribe stronger than lone hunter. | [User_Pinned]: Hot rock burn. Soft skin remember.
Fresh Memory [threshold=0.38 eligible=8] (Recent): [System]: Mission "what is fire" → primary=describe conf=0.93 node=node_12 (intensity=0.49) | [User]: why does fire burn (intensity=1.28)
Memory-Pull Policy: pull_fresh=false — SURE vote (conf=0.79) and no winning node requested context — fresh memory withheld
Lobe Curve (base × top = score):
  👑 reasoning: base=0.67 × top=0.791 = 0.6254 [hard_votes=2]
  · knowledge: base=0.552 × top=0.552 = 0.3049 [hard_votes=1]
  · default: base=0.474 × top=0.474 = 0.2251 [hard_votes=0]
  · celebration: base=0.308 × top=0.308 = 0.095 [hard_votes=0]
  · survival: base=0.23 × top=0.23 = 0.0529 [hard_votes=0]
=========================================

Brain > [ENGINE] ✅ /right: contributors=2 rewarded=0 double_skip=0 coinflip_miss=2 grave_skip=0
✅ /right applied. 2 contributor(s) processed: 0 rewarded, 0 skipped (already gained), 2 missed coinflip.
   ↳ context intensity nudged up on 10 message(s) used last cycle.

Brain > --> Scanning specimens & looking for dialectical relations...
[ORCHESTRATOR] 🎯 Lobe Curve (base × top = score):
  👑 craft: base=0.549 × top=0.549 = 0.3014 [hard_votes=1]
  · reasoning: base=0.431 × top=0.507 = 0.2569 [hard_votes=1]
  · inquiry: base=0.44 × top=0.44 = 0.1938 [hard_votes=0]
--> 1 valid votes passed gate... compiling JIT superposition...

🤖 AIML Output Scaffold:
[Grug know hammer] Here is the picture: weight in hand teach more than ten lessons. The link is clear: hammer strikes stone.
--- DEBUG TELEMETRY (orchestration internals, not for speech) ---
Mission: 'how does a hammer work'
Primary Action: weight in hand teach more than ten lessons  (conf=0.55, certainty=SURE)
Sure Actions: [weight in hand teach more than ten lessons]
Unsure Actions (Coinflip Side-Features): [None]
Constraints: [tired, soft, bone, gentle, ignore, untouched, empty, wordy, abstract, accurate, far, painless]
Winning Node: node_55
Lobe Context: [craft (2/2 active (hammer | make tool))]
User Triples: None
Node Triples: (hammer, strikes, stone), (hammer, shapes, wood)
Anti-Match Detected: false
AIML Memory Bank:
Deep Memory (Pinned): [User_Pinned]: Grug speak plain. Grug not pretend smart. | [User_Pinned]: Many rocks compete. Loudest rock get to talk. | [User_Pinned]: Grug listen first, talk second. | [User_Pinned]: Grug speak plain. Grug not pretend smart. | [User_Pinned]: Many rocks compete. Loudest rock get to talk. | [User_Pinned]: Grug listen first, talk second. | [User_Pinned]: Tribe stronger than lone hunter. | [User_Pinned]: Hot rock burn. Soft skin remember.
Fresh Memory [threshold=0.38 eligible=7] (Recent): [User]: why does fire burn (intensity=1.27) | [User]: how does a hammer work (intensity=1.29)
Memory-Pull Policy: pull_fresh=false — SURE vote (conf=0.55) and no winning node requested context — fresh memory withheld
Lobe Curve (base × top = score):
  👑 craft: base=0.549 × top=0.549 = 0.3014 [hard_votes=1]
  · reasoning: base=0.431 × top=0.507 = 0.2569 [hard_votes=1]
  · inquiry: base=0.44 × top=0.44 = 0.1938 [hard_votes=0]
=========================================

Brain > --> Scanning specimens & looking for dialectical relations...
[ORCHESTRATOR] 🎯 Lobe Curve (base × top = score):
  👑 explanation: base=0.616 × top=0.728 = 0.5302 [hard_votes=2]
  · identity: base=0.335 × top=0.335 = 0.112 [hard_votes=0]
  · planning: base=0.184 × top=0.184 = 0.0337 [hard_votes=0]
--> 2 valid votes passed gate... compiling JIT superposition...

🤖 AIML Output Scaffold:
[Grug explain plain] Here is the picture: No big words..
--- DEBUG TELEMETRY (orchestration internals, not for speech) ---
Mission: 'what causes the storm to rumble'
Primary Action: explain  (conf=0.73, certainty=SURE)
Sure Actions: [explain]
Unsure Actions (Coinflip Side-Features): [None]
Constraints: [None]
Winning Node: node_12
Lobe Context: [explanation (7/7 active (define | what is | define))]
User Triples: (what, causes, the)
Node Triples: None
Anti-Match Detected: false
AIML Memory Bank:
Deep Memory (Pinned): [User_Pinned]: Grug speak plain. Grug not pretend smart. | [User_Pinned]: Many rocks compete. Loudest rock get to talk. | [User_Pinned]: Grug listen first, talk second. | [User_Pinned]: Grug speak plain. Grug not pretend smart. | [User_Pinned]: Many rocks compete. Loudest rock get to talk. | [User_Pinned]: Grug listen first, talk second. | [User_Pinned]: Tribe stronger than lone hunter. | [User_Pinned]: Hot rock burn. Soft skin remember.
Fresh Memory [threshold=0.38 eligible=7] (Recent): [User]: what is fire (intensity=0.56) | [User]: what causes the storm to rumble (intensity=1.68)
Memory-Pull Policy: pull_fresh=false — SURE vote (conf=0.73) and no winning node requested context — fresh memory withheld
Lobe Curve (base × top = score):
  👑 explanation: base=0.616 × top=0.728 = 0.5302 [hard_votes=2]
  · identity: base=0.335 × top=0.335 = 0.112 [hard_votes=0]
  · planning: base=0.184 × top=0.184 = 0.0337 [hard_votes=0]
=========================================

Brain > --> Scanning specimens & looking for dialectical relations...
[ORCHESTRATOR] 🎯 Lobe Curve (base × top = score):
  👑 survival: base=0.593 × top=0.594 = 0.3524 [hard_votes=2]
--> 2 valid votes passed gate... compiling JIT superposition...

🤖 AIML Output Scaffold:
[Grug see threat] the threat.
--- DEBUG TELEMETRY (orchestration internals, not for speech) ---
Mission: 'danger ahead'
Primary Action: alert  (conf=0.59, certainty=SURE)
Sure Actions: [alert]
Unsure Actions (Coinflip Side-Features): [None]
Constraints: [dont downplay, dont delay]
Winning Node: node_32
Lobe Context: [survival (7/7 active (fire burns | run | fire burns))]
User Triples: None
Node Triples: (danger, causes, harm), (predator, threatens, tribe)
Anti-Match Detected: false
AIML Memory Bank:
Deep Memory (Pinned): [User_Pinned]: Grug speak plain. Grug not pretend smart. | [User_Pinned]: Many rocks compete. Loudest rock get to talk. | [User_Pinned]: Grug listen first, talk second. | [User_Pinned]: Grug speak plain. Grug not pretend smart. | [User_Pinned]: Many rocks compete. Loudest rock get to talk. | [User_Pinned]: Grug listen first, talk second. | [User_Pinned]: Tribe stronger than lone hunter. | [User_Pinned]: Hot rock burn. Soft skin remember.
Fresh Memory [threshold=0.38 eligible=6] (Recent): [System]: Mission "what causes the storm to rumble" → primary=explain conf=0.73 node=node_12 (intensity=0.66) | [User]: danger ahead (intensity=1.31)
Memory-Pull Policy: pull_fresh=false — SURE vote (conf=0.59) and no winning node requested context — fresh memory withheld
Lobe Curve (base × top = score):
  👑 survival: base=0.593 × top=0.594 = 0.3524 [hard_votes=2]
=========================================

Brain > [ENGINE] ✅ /right: contributors=1 rewarded=0 double_skip=0 coinflip_miss=1 grave_skip=0
✅ /right applied. 1 contributor(s) processed: 0 rewarded, 0 skipped (already gained), 1 missed coinflip.
   ↳ context intensity nudged up on 10 message(s) used last cycle.

Brain > --> Scanning specimens & looking for dialectical relations...
[ORCHESTRATOR] 🎯 Lobe Curve (base × top = score):
  👑 knowledge: base=0.521 × top=0.521 = 0.2714 [hard_votes=1]
  ↗ survival: base=0.52 × top=0.521 = 0.2709 [hard_votes=2]
[ENGINE] 💧 Node node_25 softened (strength=4.0 < 9.0) — NONJITTER tag removed, jitter resumed.
--> 3 valid votes passed gate... compiling JIT superposition...

🤖 AIML Output Scaffold:
[Grug know wolf] sound of wolf at night make children climb close. The link is clear: wolf hunts prey.
--- DEBUG TELEMETRY (orchestration internals, not for speech) ---
Mission: 'run from the wolf now'
Primary Action: sound of wolf at night make children climb close  (conf=0.52, certainty=SURE)
Sure Actions: [sound of wolf at night make children climb close]
Unsure Actions (Coinflip Side-Features): [None]
Constraints: [soft, plant, blind, alone, scattered, ignore, brave, silent, same, kin, friend, loud, far, gentle, sated, dull, weary, dawn, comfort, impatient, lazy, different, same-litter, shared, full, weak]
Winning Node: node_25
Lobe Context: [knowledge (5/5 active (water | wolf | fire))] | [survival (7/7 active (fire burns | run | fire burns))]
User Triples: None
Node Triples: (wolf, hunts, prey), (wolf, fears, fire), (wolf, listens, pack)
Anti-Match Detected: false
AIML Memory Bank:
Deep Memory (Pinned): [User_Pinned]: Grug speak plain. Grug not pretend smart. | [User_Pinned]: Many rocks compete. Loudest rock get to talk. | [User_Pinned]: Grug listen first, talk second. | [User_Pinned]: Grug speak plain. Grug not pretend smart. | [User_Pinned]: Many rocks compete. Loudest rock get to talk. | [User_Pinned]: Grug listen first, talk second. | [User_Pinned]: Tribe stronger than lone hunter. | [User_Pinned]: Hot rock burn. Soft skin remember.
Fresh Memory [threshold=0.38 eligible=5] (Recent): [System]: Mission "what causes the storm to rumble" → primary=explain conf=0.73 node=node_12 (intensity=0.82)
Memory-Pull Policy: pull_fresh=false — SURE vote (conf=0.52) and no winning node requested context — fresh memory withheld
Lobe Curve (base × top = score):
  👑 knowledge: base=0.521 × top=0.521 = 0.2714 [hard_votes=1]
  ↗ survival: base=0.52 × top=0.521 = 0.2709 [hard_votes=2]
Passthrough Lobes: [survival]
=========================================

Brain > --> Scanning specimens & looking for dialectical relations...
[ORCHESTRATOR] 🎯 Lobe Curve (base × top = score):
  👑 survival: base=1.04 × top=1.526 = 2.3285 [hard_votes=2]
  · default: base=0.916 × top=0.916 = 0.8383 [hard_votes=1]
  · knowledge: base=0.564 × top=0.564 = 0.3184 [hard_votes=1]
  · celebration: base=0.3 × top=0.3 = 0.0898 [hard_votes=0]
--> 2 valid votes passed gate... compiling JIT superposition...

🤖 AIML Output Scaffold:
[Grug warn fire] hot rock bites soft skin remember.
--- DEBUG TELEMETRY (orchestration internals, not for speech) ---
Mission: 'fire burns my hand'
Primary Action: hot rock bites soft skin remember  (conf=1.53, certainty=SURE)
Sure Actions: [hot rock bites soft skin remember]
Unsure Actions (Coinflip Side-Features): [alert]
Constraints: [gentle, dull, painless, starves, silent, clean, cold, full, wet, safe, soft, friendly, mind-only, body-numb, instant, quiet, fade]
Winning Node: node_34
Lobe Context: [survival (7/7 active (fire burns | run | fire burns))]
User Triples: (fire, burns, my)
Node Triples: (fire, burns, wood), (fire, makes, heat)
Anti-Match Detected: false
Other Possibilities (strong but not winners):
  🔸 node_11 | action=alert | conf=0.55 | relations=None
AIML Memory Bank:
Deep Memory (Pinned): [User_Pinned]: Grug speak plain. Grug not pretend smart. | [User_Pinned]: Many rocks compete. Loudest rock get to talk. | [User_Pinned]: Grug listen first, talk second. | [User_Pinned]: Grug speak plain. Grug not pretend smart. | [User_Pinned]: Many rocks compete. Loudest rock get to talk. | [User_Pinned]: Grug listen first, talk second. | [User_Pinned]: Tribe stronger than lone hunter. | [User_Pinned]: Hot rock burn. Soft skin remember.
Fresh Memory [threshold=0.38 eligible=7] (Recent): [User]: run from the wolf now (intensity=0.86) | [User]: fire burns my hand (intensity=1.67)
Memory-Pull Policy: pull_fresh=false — SURE vote (conf=1.53) and no winning node requested context — fresh memory withheld
Lobe Curve (base × top = score):
  👑 survival: base=1.04 × top=1.526 = 2.3285 [hard_votes=2]
  · default: base=0.916 × top=0.916 = 0.8383 [hard_votes=1]
  · knowledge: base=0.564 × top=0.564 = 0.3184 [hard_votes=1]
  · celebration: base=0.3 × top=0.3 = 0.0898 [hard_votes=0]
=========================================

Brain > [ENGINE] ✅ /right: contributors=2 rewarded=1 double_skip=0 coinflip_miss=1 grave_skip=0
✅ /right applied. 2 contributor(s) processed: 1 rewarded, 0 skipped (already gained), 1 missed coinflip.
   ↳ context intensity nudged up on 10 message(s) used last cycle.

Brain > --> Scanning specimens & looking for dialectical relations...
[ORCHESTRATOR] 🎯 Lobe Curve (base × top = score):
  👑 alert: base=0.553 × top=0.553 = 0.3061 [hard_votes=1]
--> 1 valid votes passed gate... compiling JIT superposition...

🤖 AIML Output Scaffold:
[Grug point at incoming] Let me think with you. examine out.
--- DEBUG TELEMETRY (orchestration internals, not for speech) ---
Mission: 'watch out for the cliff'
Primary Action: warn  (conf=0.55, certainty=SURE)
Sure Actions: [warn]
Unsure Actions (Coinflip Side-Features): [None]
Constraints: [dont downplay, dont delay]
Winning Node: node_57
Lobe Context: [alert (5/5 active (warning | warning | watch out))]
User Triples: None
Node Triples: None
Anti-Match Detected: false
AIML Memory Bank:
Deep Memory (Pinned): [User_Pinned]: Grug speak plain. Grug not pretend smart. | [User_Pinned]: Many rocks compete. Loudest rock get to talk. | [User_Pinned]: Grug listen first, talk second. | [User_Pinned]: Grug speak plain. Grug not pretend smart. | [User_Pinned]: Many rocks compete. Loudest rock get to talk. | [User_Pinned]: Grug listen first, talk second. | [User_Pinned]: Tribe stronger than lone hunter. | [User_Pinned]: Hot rock burn. Soft skin remember.
Fresh Memory [threshold=0.38 eligible=8] (Recent): [User]: danger ahead (intensity=0.5) | [User]: run from the wolf now (intensity=0.95) | [System]: Mission "run from the wolf now" → primary=sound of wolf at night make children climb close conf=0.52 node=node_25 (intensity=0.45) | [User]: fire burns my hand (intensity=1.44) | [System]: Mission "fire burns my hand" → primary=hot rock bites soft skin remember conf=1.53 node=node_34 (intensity=0.65) | [User]: watch out for the cliff (intensity=1.3)
Memory-Pull Policy: pull_fresh=false — SURE vote (conf=0.55) and no winning node requested context — fresh memory withheld
Lobe Curve (base × top = score):
  👑 alert: base=0.553 × top=0.553 = 0.3061 [hard_votes=1]
=========================================

Brain > --> Scanning specimens & looking for dialectical relations...
[ORCHESTRATOR] 🎯 Lobe Curve (base × top = score):
  👑 alert: base=0.639 × top=0.639 = 0.4083 [hard_votes=1]
[ENGINE] 💧 Node node_59 softened (strength=5.0 < 9.0) — NONJITTER tag removed, jitter resumed.
--> 1 valid votes passed gate... compiling JIT superposition...

🤖 AIML Output Scaffold:
[Grug halt] stop now think later.
--- DEBUG TELEMETRY (orchestration internals, not for speech) ---
Mission: 'STOP that immediately'
Primary Action: stop now think later  (conf=0.64, certainty=SURE)
Sure Actions: [stop now think later]
Unsure Actions (Coinflip Side-Features): [None]
Constraints: [continue, ignore, drift, move, slack, blind, rush, careless, late, trust-step, fall, debate, soft, suggest, hurry-wins, blind-rush, panic, flail, scatter]
Winning Node: node_59
Lobe Context: [alert (5/5 active (warning | warning | watch out))]
User Triples: None
Node Triples: None
Anti-Match Detected: false
AIML Memory Bank:
Deep Memory (Pinned): [User_Pinned]: Grug speak plain. Grug not pretend smart. | [User_Pinned]: Many rocks compete. Loudest rock get to talk. | [User_Pinned]: Grug listen first, talk second. | [User_Pinned]: Grug speak plain. Grug not pretend smart. | [User_Pinned]: Many rocks compete. Loudest rock get to talk. | [User_Pinned]: Grug listen first, talk second. | [User_Pinned]: Tribe stronger than lone hunter. | [User_Pinned]: Hot rock burn. Soft skin remember.
Fresh Memory [threshold=0.38 eligible=6] (Recent): [User]: fire burns my hand (intensity=0.94) | [User]: watch out for the cliff (intensity=0.83) | [System]: Mission "watch out for the cliff" → primary=warn conf=0.55 node=node_57 (intensity=0.63) | [User]: STOP that immediately (intensity=1.31)
Memory-Pull Policy: pull_fresh=false — SURE vote (conf=0.64) and no winning node requested context — fresh memory withheld
Lobe Curve (base × top = score):
  👑 alert: base=0.639 × top=0.639 = 0.4083 [hard_votes=1]
=========================================

Brain > --> Scanning specimens & looking for dialectical relations...
[ORCHESTRATOR] 🎯 Lobe Curve (base × top = score):
  👑 nature: base=0.456 × top=0.457 = 0.2084 [hard_votes=0]
--> 2 valid votes passed gate... compiling JIT superposition...

🤖 AIML Output Scaffold:
[Grug know tree] Let me think with you. careful tree fall sudden when wind angry. The link is clear: tree provides wood.
--- DEBUG TELEMETRY (orchestration internals, not for speech) ---
Mission: 'perhaps the river bends near the old tree'
Primary Action: careful tree fall sudden when wind angry  (conf=0.46, certainty=SURE)
Sure Actions: [careful tree fall sudden when wind angry]
Unsure Actions (Coinflip Side-Features): [river is water-snake that never tire]
Constraints: [barren, useless, fragile, young, sapling, recent, plain, single-organ, lifeless, stable, painless, slow, crawling, copying, animal]
Winning Node: node_54
Lobe Context: [nature (3/3 active (tree | river | sky))]
User Triples: (bends, near, the)
Node Triples: (tree, provides, wood), (tree, makes, shade)
Anti-Match Detected: false
Other Possibilities (strong but not winners):
  🔸 node_53 | action=river is water-snake that never tire | conf=0.46 | relations=(river, feeds, fish), (river, carves, valley)
AIML Memory Bank:
Deep Memory (Pinned): [User_Pinned]: Grug speak plain. Grug not pretend smart. | [User_Pinned]: Many rocks compete. Loudest rock get to talk. | [User_Pinned]: Grug listen first, talk second. | [User_Pinned]: Grug speak plain. Grug not pretend smart. | [User_Pinned]: Many rocks compete. Loudest rock get to talk. | [User_Pinned]: Grug listen first, talk second. | [User_Pinned]: Tribe stronger than lone hunter. | [User_Pinned]: Hot rock burn. Soft skin remember.
Fresh Memory [threshold=0.38 eligible=7] (Recent): No recent sounds
Memory-Pull Policy: pull_fresh=false — SURE vote (conf=0.46) and no winning node requested context — fresh memory withheld
Lobe Curve (base × top = score):
  👑 nature: base=0.456 × top=0.457 = 0.2084 [hard_votes=0]
=========================================

Brain > --> Scanning specimens & looking for dialectical relations...
[ORCHESTRATOR] 🎯 Lobe Curve (base × top = score):
  👑 planning: base=0.318 × top=0.318 = 0.101 [hard_votes=0]
--> 1 valid votes passed gate... compiling JIT superposition...

🤖 AIML Output Scaffold:
[Grug weigh path] Let me think with you. never plan when belly empty or fire low.
--- DEBUG TELEMETRY (orchestration internals, not for speech) ---
Mission: 'maybe we should wait for dawn'
Primary Action: never plan when belly empty or fire low  (conf=0.32, certainty=SURE)
Sure Actions: [never plan when belly empty or fire low]
Unsure Actions (Coinflip Side-Features): [None]
Constraints: [reckless, blind, costly, selfish, random, late, urgent, hungry, cold, rigid, brittle, fixed]
Winning Node: node_47
Lobe Context: [planning (3/3 active (what should we | build cave | hunt tomorrow))]
User Triples: None
Node Triples: None
Anti-Match Detected: false
AIML Memory Bank:
Deep Memory (Pinned): [User_Pinned]: Grug speak plain. Grug not pretend smart. | [User_Pinned]: Many rocks compete. Loudest rock get to talk. | [User_Pinned]: Grug listen first, talk second. | [User_Pinned]: Grug speak plain. Grug not pretend smart. | [User_Pinned]: Many rocks compete. Loudest rock get to talk. | [User_Pinned]: Grug listen first, talk second. | [User_Pinned]: Tribe stronger than lone hunter. | [User_Pinned]: Hot rock burn. Soft skin remember.
Fresh Memory [threshold=0.38 eligible=7] (Recent): No recent sounds
Memory-Pull Policy: pull_fresh=true — winning node(s) requested context: node_47
Lobe Curve (base × top = score):
  👑 planning: base=0.318 × top=0.318 = 0.101 [hard_votes=0]
=========================================

Brain > [ENGINE] ✅ /right: contributors=1 rewarded=0 double_skip=0 coinflip_miss=1 grave_skip=0
✅ /right applied. 1 contributor(s) processed: 0 rewarded, 0 skipped (already gained), 1 missed coinflip.
   ↳ context intensity nudged up on 8 message(s) used last cycle.

Brain > --> Scanning specimens & looking for dialectical relations...
--> No valid specimens found for this input. Cave is silent.

Brain > --> Scanning specimens & looking for dialectical relations...
--> No valid specimens found for this input. Cave is silent.

Brain > --> Scanning specimens & looking for dialectical relations...
--> No valid specimens found for this input. Cave is silent.

Brain > --> Scanning specimens & looking for dialectical relations...
--> No valid specimens found for this input. Cave is silent.

Brain > --> Scanning specimens & looking for dialectical relations...
--> No valid specimens found for this input. Cave is silent.

Brain > --> Scanning specimens & looking for dialectical relations...
--> No valid specimens found for this input. Cave is silent.

Brain > --> Scanning specimens & looking for dialectical relations...
[ORCHESTRATOR] 🎯 Lobe Curve (base × top = score):
  👑 reasoning: base=0.673 × top=0.879 = 0.7719 [hard_votes=1]
--> 2 valid votes passed gate... compiling JIT superposition...

🤖 AIML Output Scaffold:
[Grug seek cause] I hear that. Trace from effect to source..
--- DEBUG TELEMETRY (orchestration internals, not for speech) ---
Mission: 'why is this stupid garbage broken?'
Primary Action: reason  (conf=0.88, certainty=SURE)
Sure Actions: [reason]
Unsure Actions (Coinflip Side-Features): [ask what came before what came before]
Constraints: [None]
Winning Node: node_7
Lobe Context: [reasoning (7/7 active (why | calculate | how does))]
User Triples: (why, is, this)
Node Triples: None
Anti-Match Detected: false
Other Possibilities (strong but not winners):
  🔸 node_29 | action=ask what came before what came before | conf=0.47 | relations=None
AIML Memory Bank:
Deep Memory (Pinned): [User_Pinned]: Grug speak plain. Grug not pretend smart. | [User_Pinned]: Many rocks compete. Loudest rock get to talk. | [User_Pinned]: Grug listen first, talk second. | [User_Pinned]: Grug speak plain. Grug not pretend smart. | [User_Pinned]: Many rocks compete. Loudest rock get to talk. | [User_Pinned]: Grug listen first, talk second. | [User_Pinned]: Tribe stronger than lone hunter. | [User_Pinned]: Hot rock burn. Soft skin remember.
Fresh Memory [threshold=0.56 eligible=10] (Recent): [User]: i wonder if the storm will come tonight (intensity=0.66) | [User]: why is this stupid garbage broken? (intensity=1.7)
Memory-Pull Policy: pull_fresh=false — SURE vote (conf=0.88) and no winning node requested context — fresh memory withheld
Lobe Curve (base × top = score):
  👑 reasoning: base=0.673 × top=0.879 = 0.7719 [hard_votes=1]
=========================================

Brain > --> Scanning specimens & looking for dialectical relations...
[ORCHESTRATOR] 🎯 Lobe Curve (base × top = score):
  👑 explanation: base=0.245 × top=0.32 = 0.1024 [hard_votes=0]
  · planning: base=0.275 × top=0.275 = 0.0756 [hard_votes=0]
  · identity: base=0.17 × top=0.17 = 0.0289 [hard_votes=0]
--> 2 valid votes passed gate... compiling JIT superposition...

🤖 AIML Output Scaffold:
[Grug explain plain] I hear that. No huge words..
--- DEBUG TELEMETRY (orchestration internals, not for speech) ---
Mission: 'what kind of idiot designed this?'
Primary Action: explain  (conf=0.32, certainty=SURE)
Sure Actions: [explain]
Unsure Actions (Coinflip Side-Features): [None]
Constraints: [None]
Winning Node: node_12
Lobe Context: [explanation (7/7 active (define | what is | define))]
User Triples: None
Node Triples: None
Anti-Match Detected: false
AIML Memory Bank:
Deep Memory (Pinned): [User_Pinned]: Grug speak plain. Grug not pretend smart. | [User_Pinned]: Many rocks compete. Loudest rock get to talk. | [User_Pinned]: Grug listen first, talk second. | [User_Pinned]: Grug speak plain. Grug not pretend smart. | [User_Pinned]: Many rocks compete. Loudest rock get to talk. | [User_Pinned]: Grug listen first, talk second. | [User_Pinned]: Tribe stronger than lone hunter. | [User_Pinned]: Hot rock burn. Soft skin remember.
Fresh Memory [threshold=0.47 eligible=7] (Recent): No recent sounds
Memory-Pull Policy: pull_fresh=true — primary confidence=0.32 < trust floor 0.45
Lobe Curve (base × top = score):
  👑 explanation: base=0.245 × top=0.32 = 0.1024 [hard_votes=0]
  · planning: base=0.275 × top=0.275 = 0.0756 [hard_votes=0]
  · identity: base=0.17 × top=0.17 = 0.0289 [hard_votes=0]
=========================================

Brain > --> Scanning specimens & looking for dialectical relations...
[ORCHESTRATOR] 🎯 Lobe Curve (base × top = score):
  👑 reasoning: base=0.594 × top=0.776 = 0.604 [hard_votes=2]
  · planning: base=0.276 × top=0.276 = 0.0762 [hard_votes=0]
  · explanation: base=0.175 × top=0.229 = 0.0522 [hard_votes=0]
  · inquiry: base=0.229 × top=0.229 = 0.0522 [hard_votes=0]
  · identity: base=0.121 × top=0.121 = 0.0147 [hard_votes=0]
  · memory: base=0.106 × top=0.106 = 0.0113 [hard_votes=0]
--> 4 valid votes passed gate... compiling JIT superposition...

🤖 AIML Output Scaffold:
[Grug seek cause] Here is the picture: Trace from result to source.. A companion frame: how does. I am not fully locked in — every flame has a spark trace from end to start is also on the table.
--- DEBUG TELEMETRY (orchestration internals, not for speech) ---
Mission: 'what why how when where which what why how when?'
Primary Action: reason  (conf=0.78, certainty=UNSURE)
Sure Actions: [reason, analyze]
Unsure Actions (Coinflip Side-Features): [every flame has a spark trace from end to start]
Constraints: [None]
Winning Node: node_7
Lobe Context: [reasoning (7/7 active (why | calculate | how does))]
User Triples: None
Node Triples: None
Anti-Match Detected: false
Tied Alternatives (not selected):
  🪨 node_8 | action=analyze | conf=0.78 | relations=None
Other Possibilities (strong but not winners):
  🔸 node_29 | action=every flame has a spark trace from end to start | conf=0.41 | relations=None
AIML Memory Bank:
Deep Memory (Pinned): [User_Pinned]: Grug speak plain. Grug not pretend smart. | [User_Pinned]: Many rocks compete. Loudest rock get to talk. | [User_Pinned]: Grug listen first, talk second. | [User_Pinned]: Grug speak plain. Grug not pretend smart. | [User_Pinned]: Many rocks compete. Loudest rock get to talk. | [User_Pinned]: Grug listen first, talk second. | [User_Pinned]: Tribe stronger than lone hunter. | [User_Pinned]: Hot rock burn. Soft skin remember.
Fresh Memory [threshold=0.38 eligible=6] (Recent): [System]: Mission "why is this stupid garbage broken?" → primary=reason conf=0.88 node=node_7 (intensity=0.5) | [User]: what why how when where which what why how when? (intensity=1.31)
Memory-Pull Policy: pull_fresh=true — vote certainty=UNSURE — context helps disambiguate
Lobe Curve (base × top = score):
  👑 reasoning: base=0.594 × top=0.776 = 0.604 [hard_votes=2]
  · planning: base=0.276 × top=0.276 = 0.0762 [hard_votes=0]
  · explanation: base=0.175 × top=0.229 = 0.0522 [hard_votes=0]
  · inquiry: base=0.229 × top=0.229 = 0.0522 [hard_votes=0]
  · identity: base=0.121 × top=0.121 = 0.0147 [hard_votes=0]
  · memory: base=0.106 × top=0.106 = 0.0113 [hard_votes=0]
=========================================

Brain > --> Scanning specimens & looking for dialectical relations...
[ORCHESTRATOR] 🎯 Lobe Curve (base × top = score):
  👑 survival: base=0.934 × top=0.935 = 0.8742 [hard_votes=2]
  · alert: base=0.467 × top=0.467 = 0.2177 [hard_votes=0]
--> 2 valid votes passed gate... compiling JIT superposition...

🤖 AIML Output Scaffold:
[Grug see threat] the threat.
--- DEBUG TELEMETRY (orchestration internals, not for speech) ---
Mission: 'STOP STOP STOP NOW NOW NOW DANGER DANGER DANGER!!!'
Primary Action: alert  (conf=0.93, certainty=SURE)
Sure Actions: [alert]
Unsure Actions (Coinflip Side-Features): [alert]
Constraints: [dont downplay, dont delay]
Winning Node: node_32
Lobe Context: [survival (7/7 active (fire burns | run | fire burns))]
User Triples: None
Node Triples: (danger, causes, harm), (predator, threatens, tribe)
Anti-Match Detected: false
Other Possibilities (strong but not winners):
  🔸 node_9 | action=alert | conf=0.94 | relations=None
AIML Memory Bank:
Deep Memory (Pinned): [User_Pinned]: Grug speak plain. Grug not pretend smart. | [User_Pinned]: Many rocks compete. Loudest rock get to talk. | [User_Pinned]: Grug listen first, talk second. | [User_Pinned]: Grug speak plain. Grug not pretend smart. | [User_Pinned]: Many rocks compete. Loudest rock get to talk. | [User_Pinned]: Grug listen first, talk second. | [User_Pinned]: Tribe stronger than lone hunter. | [User_Pinned]: Hot rock burn. Soft skin remember.
Fresh Memory [threshold=0.38 eligible=6] (Recent): No recent sounds
Memory-Pull Policy: pull_fresh=false — SURE vote (conf=0.93) and no winning node requested context — fresh memory withheld
Lobe Curve (base × top = score):
  👑 survival: base=0.934 × top=0.935 = 0.8742 [hard_votes=2]
  · alert: base=0.467 × top=0.467 = 0.2177 [hard_votes=0]
=========================================

Brain > --> Scanning specimens & looking for dialectical relations...
[ORCHESTRATOR] 🎯 Lobe Curve (base × top = score):
  👑 comfort: base=0.598 × top=0.598 = 0.3584 [hard_votes=3]
[ENGINE] 💧 Node node_40 softened (strength=4.0 < 9.0) — NONJITTER tag removed, jitter resumed.
--> 3 valid votes passed gate... compiling JIT superposition...

🤖 AIML Output Scaffold:
[Grug listen to feeling] Let me think with you. Do not fix and validate.. A companion frame: Hand presence not solutions..
--- DEBUG TELEMETRY (orchestration internals, not for speech) ---
Mission: 'i feel sad today'
Primary Action: acknowledge  (conf=0.6, certainty=UNSURE)
Sure Actions: [acknowledge, comfort, sometimes grief is big rock you carry until you can put down]
Unsure Actions (Coinflip Side-Features): [None]
Constraints: [None]
Winning Node: node_15
Lobe Context: [comfort (7/7 active (good job | worried | scared))]
User Triples: None
Node Triples: None
Anti-Match Detected: false
Tied Alternatives (not selected):
  🪨 node_16 | action=comfort | conf=0.6 | relations=None
  🪨 node_40 | action=sometimes grief is big rock you carry until you can put down | conf=0.6 | relations=None
AIML Memory Bank:
Deep Memory (Pinned): [User_Pinned]: Grug speak plain. Grug not pretend smart. | [User_Pinned]: Many rocks compete. Loudest rock get to talk. | [User_Pinned]: Grug listen first, talk second. | [User_Pinned]: Grug speak plain. Grug not pretend smart. | [User_Pinned]: Many rocks compete. Loudest rock get to talk. | [User_Pinned]: Grug listen first, talk second. | [User_Pinned]: Tribe stronger than lone hunter. | [User_Pinned]: Hot rock burn. Soft skin remember.
Fresh Memory [threshold=0.38 eligible=6] (Recent): No recent sounds
Memory-Pull Policy: pull_fresh=true — winning node(s) requested context: node_40
Lobe Curve (base × top = score):
  👑 comfort: base=0.598 × top=0.598 = 0.3584 [hard_votes=3]
=========================================

Brain > [ENGINE] ✅ /right: contributors=3 rewarded=2 double_skip=0 coinflip_miss=1 grave_skip=0
✅ /right applied. 3 contributor(s) processed: 2 rewarded, 0 skipped (already gained), 1 missed coinflip.
   ↳ context intensity nudged up on 8 message(s) used last cycle.

Brain > --> Scanning specimens & looking for dialectical relations...
[ENGINE] ⚡  Attachment relay: 'node_8' fired via target 'node_6' (conf=0.1, connector="think mechanism")
[ENGINE] 🔗  Attachment relay pass added 1 node(s) to expanded set.
[ORCHESTRATOR] 🎯 Lobe Curve (base × top = score):
  👑 comfort: base=0.467 × top=0.467 = 0.2182 [hard_votes=0]
  · reasoning: base=0.147 × top=0.17 = 0.0289 [hard_votes=0]
  · planning: base=0.17 × top=0.17 = 0.0289 [hard_votes=0]
--> 2 valid votes passed gate... compiling JIT superposition...

🤖 AIML Output Scaffold:
[Grug listen to feeling] Let me think with you. Do not fix and examine.. A companion frame: worried.
--- DEBUG TELEMETRY (orchestration internals, not for speech) ---
Mission: 'i feel worried about tomorrow'
Primary Action: comfort  (conf=0.47, certainty=UNSURE)
Sure Actions: [comfort, reassure]
Unsure Actions (Coinflip Side-Features): [None]
Constraints: [None]
Winning Node: node_15
Lobe Context: [comfort (7/7 active (good job | worried | scared))]
User Triples: None
Node Triples: None
Anti-Match Detected: false
Tied Alternatives (not selected):
  🪨 node_17 | action=reassure | conf=0.47 | relations=None
AIML Memory Bank:
Deep Memory (Pinned): [User_Pinned]: Grug speak plain. Grug not pretend smart. | [User_Pinned]: Many rocks compete. Loudest rock get to talk. | [User_Pinned]: Grug listen first, talk second. | [User_Pinned]: Grug speak plain. Grug not pretend smart. | [User_Pinned]: Many rocks compete. Loudest rock get to talk. | [User_Pinned]: Grug listen first, talk second. | [User_Pinned]: Tribe stronger than lone hunter. | [User_Pinned]: Hot rock burn. Soft skin remember.
Fresh Memory [threshold=0.38 eligible=5] (Recent): [User]: STOP STOP STOP NOW NOW NOW DANGER DANGER DANGER!!! (intensity=0.56) | [User]: i feel sad today (intensity=0.9)
Memory-Pull Policy: pull_fresh=true — vote certainty=UNSURE — context helps disambiguate
Lobe Curve (base × top = score):
  👑 comfort: base=0.467 × top=0.467 = 0.2182 [hard_votes=0]
  · reasoning: base=0.147 × top=0.17 = 0.0289 [hard_votes=0]
  · planning: base=0.17 × top=0.17 = 0.0289 [hard_votes=0]
=========================================

Brain > --> Scanning specimens & looking for dialectical relations...
[ORCHESTRATOR] 🎯 Lobe Curve (base × top = score):
  👑 comfort: base=0.507 × top=0.507 = 0.2574 [hard_votes=1]
  · identity: base=0.327 × top=0.327 = 0.107 [hard_votes=0]
  · planning: base=0.29 × top=0.29 = 0.0841 [hard_votes=0]
--> 1 valid votes passed gate... compiling JIT superposition...

🤖 AIML Output Scaffold:
[Grug listen to feeling] Let me think with you. Validate, do not fix..
--- DEBUG TELEMETRY (orchestration internals, not for speech) ---
Mission: 'i feel lonely in the cave'
Primary Action: validate  (conf=0.51, certainty=SURE)
Sure Actions: [validate]
Unsure Actions (Coinflip Side-Features): [None]
Constraints: [None]
Winning Node: node_15
Lobe Context: [comfort (7/7 active (good job | worried | scared))]
User Triples: None
Node Triples: None
Anti-Match Detected: false
AIML Memory Bank:
Deep Memory (Pinned): [User_Pinned]: Grug speak plain. Grug not pretend smart. | [User_Pinned]: Many rocks compete. Loudest rock get to talk. | [User_Pinned]: Grug listen first, talk second. | [User_Pinned]: Grug speak plain. Grug not pretend smart. | [User_Pinned]: Many rocks compete. Loudest rock get to talk. | [User_Pinned]: Grug listen first, talk second. | [User_Pinned]: Tribe stronger than lone hunter. | [User_Pinned]: Hot rock burn. Soft skin remember.
Fresh Memory [threshold=0.38 eligible=5] (Recent): No recent sounds
Memory-Pull Policy: pull_fresh=false — SURE vote (conf=0.51) and no winning node requested context — fresh memory withheld
Lobe Curve (base × top = score):
  👑 comfort: base=0.507 × top=0.507 = 0.2574 [hard_votes=1]
  · identity: base=0.327 × top=0.327 = 0.107 [hard_votes=0]
  · planning: base=0.29 × top=0.29 = 0.0841 [hard_votes=0]
=========================================

Brain > [ENGINE] ✅ /right: contributors=1 rewarded=0 double_skip=0 coinflip_miss=1 grave_skip=0
✅ /right applied. 1 contributor(s) processed: 0 rewarded, 0 skipped (already gained), 1 missed coinflip.
   ↳ context intensity nudged up on 8 message(s) used last cycle.

Brain > --> Scanning specimens & looking for dialectical relations...
[ORCHESTRATOR] 🎯 Lobe Curve (base × top = score):
  👑 celebration: base=0.766 × top=0.766 = 0.5874 [hard_votes=1]
  · knowledge: base=0.646 × top=0.646 = 0.417 [hard_votes=1]
  · default: base=0.46 × top=0.46 = 0.2115 [hard_votes=0]
  · survival: base=0.358 × top=0.361 = 0.1305 [hard_votes=0]
--> 1 valid votes passed gate... compiling JIT superposition...

🤖 AIML Output Scaffold:
[Grug rejoice] grug saw the spark grug saw the patience that fed it.
--- DEBUG TELEMETRY (orchestration internals, not for speech) ---
Mission: 'i did it i made fire'
Primary Action: grug saw the spark grug saw the patience that fed it  (conf=0.77, certainty=SURE)
Sure Actions: [grug saw the spark grug saw the patience that fed it]
Unsure Actions (Coinflip Side-Features): [None]
Constraints: [tribe-failed, alone, dark, cold, dismiss, ignore, scoff, cold-returns, fragile, fleeting, silent, raw, ungrateful, solo, claim-all, forgotten, anonymous, brief, dark-wins]
Winning Node: node_61
Lobe Context: [celebration (2/2 active (we made fire | i did it))]
User Triples: None
Node Triples: (tribe, made, fire), (fire, gives, warmth)
Anti-Match Detected: false
AIML Memory Bank:
Deep Memory (Pinned): [User_Pinned]: Grug speak plain. Grug not pretend smart. | [User_Pinned]: Many rocks compete. Loudest rock get to talk. | [User_Pinned]: Grug listen first, talk second. | [User_Pinned]: Grug speak plain. Grug not pretend smart. | [User_Pinned]: Many rocks compete. Loudest rock get to talk. | [User_Pinned]: Grug listen first, talk second. | [User_Pinned]: Tribe stronger than lone hunter. | [User_Pinned]: Hot rock burn. Soft skin remember.
Fresh Memory [threshold=0.38 eligible=6] (Recent): No recent sounds
Memory-Pull Policy: pull_fresh=false — SURE vote (conf=0.77) and no winning node requested context — fresh memory withheld
Lobe Curve (base × top = score):
  👑 celebration: base=0.766 × top=0.766 = 0.5874 [hard_votes=1]
  · knowledge: base=0.646 × top=0.646 = 0.417 [hard_votes=1]
  · default: base=0.46 × top=0.46 = 0.2115 [hard_votes=0]
  · survival: base=0.358 × top=0.361 = 0.1305 [hard_votes=0]
=========================================

Brain > --> Scanning specimens & looking for dialectical relations...
--> No valid specimens found for this input. Cave is silent.

Brain > --> Scanning specimens & looking for dialectical relations...
[ORCHESTRATOR] 🎯 Lobe Curve (base × top = score):
  👑 knowledge: base=0.594 × top=0.594 = 0.3525 [hard_votes=1]
  · comfort: base=0.412 × top=0.412 = 0.1698 [hard_votes=0]
--> 1 valid votes passed gate... compiling JIT superposition...

🤖 AIML Output Scaffold:
[Grug know food] Let me think with you. careful food that smell wrong belly turn against tribe. The link is clear: food feeds tribe.
--- DEBUG TELEMETRY (orchestration internals, not for speech) ---
Mission: 'thank you for the food'
Primary Action: careful food that smell wrong belly turn against tribe  (conf=0.59, certainty=SURE)
Sure Actions: [careful food that smell wrong belly turn against tribe]
Unsure Actions (Coinflip Side-Features): [None]
Constraints: [debt, alone, stolen, gift, no-effort, sky, private, hoarded, bitter, silent, polite, satisfied, past, weak, idle, fresh, safe, sweet, recent, single, finished, impatient, sated, useless, separate, rejected, foreign]
Winning Node: node_27
Lobe Context: [knowledge (5/5 active (water | wolf | fire))]
User Triples: None
Node Triples: (food, feeds, tribe), (hunt, provides, meat), (sharing, strengthens, bond)
Anti-Match Detected: false
AIML Memory Bank:
Deep Memory (Pinned): [User_Pinned]: Grug speak plain. Grug not pretend smart. | [User_Pinned]: Many rocks compete. Loudest rock get to talk. | [User_Pinned]: Grug listen first, talk second. | [User_Pinned]: Grug speak plain. Grug not pretend smart. | [User_Pinned]: Many rocks compete. Loudest rock get to talk. | [User_Pinned]: Grug listen first, talk second. | [User_Pinned]: Tribe stronger than lone hunter. | [User_Pinned]: Hot rock burn. Soft skin remember.
Fresh Memory [threshold=0.38 eligible=7] (Recent): [User]: victory over the bear (intensity=0.73)
Memory-Pull Policy: pull_fresh=false — SURE vote (conf=0.59) and no winning node requested context — fresh memory withheld
Lobe Curve (base × top = score):
  👑 knowledge: base=0.594 × top=0.594 = 0.3525 [hard_votes=1]
  · comfort: base=0.412 × top=0.412 = 0.1698 [hard_votes=0]
=========================================

Brain > [ENGINE] ✅ /right: contributors=1 rewarded=0 double_skip=0 coinflip_miss=1 grave_skip=0
✅ /right applied. 1 contributor(s) processed: 0 rewarded, 0 skipped (already gained), 1 missed coinflip.
   ↳ context intensity nudged up on 9 message(s) used last cycle.

Brain > --> Scanning specimens & looking for dialectical relations...
[ORCHESTRATOR] 🎯 Lobe Curve (base × top = score):
  👑 planning: base=0.25 × top=0.25 = 0.0625 [hard_votes=0]
--> 1 valid votes passed gate... compiling JIT superposition...

🤖 AIML Output Scaffold:
[Grug weigh path] Let me think with you. first move that protect tribe second transfer that feed tribe.
--- DEBUG TELEMETRY (orchestration internals, not for speech) ---
Mission: 'should we move camp'
Primary Action: first move that protect tribe second move that feed tribe  (conf=0.25, certainty=SURE)
Sure Actions: [first move that protect tribe second move that feed tribe]
Unsure Actions (Coinflip Side-Features): [None]
Constraints: [reckless, blind, costly, selfish, random, late, urgent, hungry, cold, rigid, brittle, fixed]
Winning Node: node_47
Lobe Context: [planning (3/3 active (what should we | build cave | hunt tomorrow))]
User Triples: None
Node Triples: None
Anti-Match Detected: false
AIML Memory Bank:
Deep Memory (Pinned): [User_Pinned]: Grug speak plain. Grug not pretend smart. | [User_Pinned]: Many rocks compete. Loudest rock get to talk. | [User_Pinned]: Grug listen first, talk second. | [User_Pinned]: Grug speak plain. Grug not pretend smart. | [User_Pinned]: Many rocks compete. Loudest rock get to talk. | [User_Pinned]: Grug listen first, talk second. | [User_Pinned]: Tribe stronger than lone hunter. | [User_Pinned]: Hot rock burn. Soft skin remember.
Fresh Memory [threshold=0.38 eligible=7] (Recent): [User]: i feel lonely in the cave (intensity=0.4) | [User]: victory over the bear (intensity=0.78) | [User]: thank you for the food (intensity=0.79)
Memory-Pull Policy: pull_fresh=true — winning node(s) requested context: node_47
Lobe Curve (base × top = score):
  👑 planning: base=0.25 × top=0.25 = 0.0625 [hard_votes=0]
=========================================

Brain > [ENGINE] ✅ /right: contributors=1 rewarded=1 double_skip=0 coinflip_miss=0 grave_skip=0
✅ /right applied. 1 contributor(s) processed: 1 rewarded, 0 skipped (already gained), 0 missed coinflip.
   ↳ context intensity nudged up on 11 message(s) used last cycle.

Brain > --> Scanning specimens & looking for dialectical relations...
[ORCHESTRATOR] 🎯 Lobe Curve (base × top = score):
  👑 planning: base=0.483 × top=0.483 = 0.2334 [hard_votes=0]
--> 1 valid votes passed gate... compiling JIT superposition...

🤖 AIML Output Scaffold:
[Grug plan hunt] sleep heavy tonight legs need to subsist river tomorrow.
--- DEBUG TELEMETRY (orchestration internals, not for speech) ---
Mission: 'plan to hunt at dawn'
Primary Action: sleep heavy tonight legs need to be river tomorrow  (conf=0.48, certainty=SURE)
Sure Actions: [sleep heavy tonight legs need to be river tomorrow]
Unsure Actions (Coinflip Side-Features): [None]
Constraints: [rush, blind, late, dull, idle, unprepared, chaos, alone, scattered, ignore-wind, downwind, loud, restless, weak, slow, silent, last-moment, rigid, brittle, solo, noisy]
Winning Node: node_48
Lobe Context: [planning (3/3 active (what should we | build cave | hunt tomorrow))]
User Triples: None
Node Triples: None
Anti-Match Detected: false
AIML Memory Bank:
Deep Memory (Pinned): [User_Pinned]: Grug speak plain. Grug not pretend smart. | [User_Pinned]: Many rocks compete. Loudest rock get to talk. | [User_Pinned]: Grug listen first, talk second. | [User_Pinned]: Grug speak plain. Grug not pretend smart. | [User_Pinned]: Many rocks compete. Loudest rock get to talk. | [User_Pinned]: Grug listen first, talk second. | [User_Pinned]: Tribe stronger than lone hunter. | [User_Pinned]: Hot rock burn. Soft skin remember.
Fresh Memory [threshold=0.38 eligible=7] (Recent): [User]: i feel lonely in the cave (intensity=0.59) | [User]: plan to hunt at dawn (intensity=1.27)
Memory-Pull Policy: pull_fresh=false — SURE vote (conf=0.48) and no winning node requested context — fresh memory withheld
Lobe Curve (base × top = score):
  👑 planning: base=0.483 × top=0.483 = 0.2334 [hard_votes=0]
=========================================

Brain > --> Scanning specimens & looking for dialectical relations...
--> No valid specimens found for this input. Cave is silent.

Brain > --> Scanning specimens & looking for dialectical relations...
[ORCHESTRATOR] 🎯 Lobe Curve (base × top = score):
  👑 nature: base=0.599 × top=0.599 = 0.3593 [hard_votes=1]
--> 1 valid votes passed gate... compiling JIT superposition...

🤖 AIML Output Scaffold:
[Grug know sky] Let me think with you. sky is roof of cave that has no walls. The link is clear: star lives sky.
--- DEBUG TELEMETRY (orchestration internals, not for speech) ---
Mission: 'the sky looks dark'
Primary Action: sky is roof of cave that has no walls  (conf=0.6, certainty=SURE)
Sure Actions: [sky is roof of cave that has no walls]
Unsure Actions (Coinflip Side-Features): [None]
Constraints: [walled, low, narrow, fixed, single, frozen, silent, mute, still, harmless, predictable, gentle, same, untouched]
Winning Node: node_52
Lobe Context: [nature (3/3 active (tree | river | sky))]
User Triples: None
Node Triples: (sky, holds, sun), (star, lives, sky)
Anti-Match Detected: false
AIML Memory Bank:
Deep Memory (Pinned): [User_Pinned]: Grug speak plain. Grug not pretend smart. | [User_Pinned]: Many rocks compete. Loudest rock get to talk. | [User_Pinned]: Grug listen first, talk second. | [User_Pinned]: Grug speak plain. Grug not pretend smart. | [User_Pinned]: Many rocks compete. Loudest rock get to talk. | [User_Pinned]: Grug listen first, talk second. | [User_Pinned]: Tribe stronger than lone hunter. | [User_Pinned]: Hot rock burn. Soft skin remember.
Fresh Memory [threshold=0.38 eligible=9] (Recent): [User]: victory over the bear (intensity=0.64) | [System]: Mission "should we move camp" → primary=first move that protect tribe second move that feed tribe conf=0.25 node=node_47 (intensity=0.42) | [User]: plan to hunt at dawn (intensity=0.83) | [User]: the sky looks dark (intensity=1.28)
Memory-Pull Policy: pull_fresh=false — SURE vote (conf=0.6) and no winning node requested context — fresh memory withheld
Lobe Curve (base × top = score):
  👑 nature: base=0.599 × top=0.599 = 0.3593 [hard_votes=1]
=========================================

Brain > --> Scanning specimens & looking for dialectical relations...
[ORCHESTRATOR] 🎯 Lobe Curve (base × top = score):
  👑 nature: base=0.643 × top=0.643 = 0.4141 [hard_votes=1]
--> 1 valid votes passed gate... compiling JIT superposition...

🤖 AIML Output Scaffold:
[Grug know river] Let me think with you. careful river smile shallow then bite deep. The link is clear: river feeds fish.
--- DEBUG TELEMETRY (orchestration internals, not for speech) ---
Mission: 'the river is high'
Primary Action: careful river smile shallow then bite deep  (conf=0.64, certainty=SURE)
Sure Actions: [careful river smile shallow then bite deep]
Unsure Actions (Coinflip Side-Features): [None]
Constraints: [lazy, brittle, dry, upstream, stuck, silent, straight, empty, fish-flee, deep-obvious, harmless, gentle, isolated, dead-end, source]
Winning Node: node_53
Lobe Context: [nature (3/3 active (tree | river | sky))]
User Triples: (river, is, high)
Node Triples: (river, feeds, fish), (river, carves, valley)
Anti-Match Detected: false
AIML Memory Bank:
Deep Memory (Pinned): [User_Pinned]: Grug speak plain. Grug not pretend smart. | [User_Pinned]: Many rocks compete. Loudest rock get to talk. | [User_Pinned]: Grug listen first, talk second. | [User_Pinned]: Grug speak plain. Grug not pretend smart. | [User_Pinned]: Many rocks compete. Loudest rock get to talk. | [User_Pinned]: Grug listen first, talk second. | [User_Pinned]: Tribe stronger than lone hunter. | [User_Pinned]: Hot rock burn. Soft skin remember.
Fresh Memory [threshold=0.38 eligible=9] (Recent): [User]: next step in the trap (intensity=0.57)
Memory-Pull Policy: pull_fresh=false — SURE vote (conf=0.64) and no winning node requested context — fresh memory withheld
Lobe Curve (base × top = score):
  👑 nature: base=0.643 × top=0.643 = 0.4141 [hard_votes=1]
=========================================

Brain > [ENGINE] ✅ /right: contributors=1 rewarded=0 double_skip=0 coinflip_miss=1 grave_skip=0
✅ /right applied. 1 contributor(s) processed: 0 rewarded, 0 skipped (already gained), 1 missed coinflip.
   ↳ context intensity nudged up on 9 message(s) used last cycle.

Brain > --> Scanning specimens & looking for dialectical relations...
[ORCHESTRATOR] 🎯 Lobe Curve (base × top = score):
  👑 craft: base=0.599 × top=0.599 = 0.359 [hard_votes=1]
--> 1 valid votes passed gate... compiling JIT superposition...

🤖 AIML Output Scaffold:
[Grug make tool] stone for strike wood for grip sinew for hold.
--- DEBUG TELEMETRY (orchestration internals, not for speech) ---
Mission: 'make a tool from this stone'
Primary Action: stone for strike wood for grip sinew for hold  (conf=0.6, certainty=SURE)
Sure Actions: [stone for strike wood for grip sinew for hold]
Unsure Actions (Coinflip Side-Features): [None]
Constraints: [shorter, softer, dull, shape-first, random, copy, mismatched, weak-pair, brittle, ill-fit, painful, slip, rush, throwaway, finished-only, safe, invented-fresh, isolated, ahistorical, disposable, single-use, selfish]
Winning Node: node_56
Lobe Context: [craft (2/2 active (hammer | make tool))]
User Triples: None
Node Triples: None
Anti-Match Detected: false
AIML Memory Bank:
Deep Memory (Pinned): [User_Pinned]: Grug speak plain. Grug not pretend smart. | [User_Pinned]: Many rocks compete. Loudest rock get to talk. | [User_Pinned]: Grug listen first, talk second. | [User_Pinned]: Grug speak plain. Grug not pretend smart. | [User_Pinned]: Many rocks compete. Loudest rock get to talk. | [User_Pinned]: Grug listen first, talk second. | [User_Pinned]: Tribe stronger than lone hunter. | [User_Pinned]: Hot rock burn. Soft skin remember.
Fresh Memory [threshold=0.38 eligible=6] (Recent): [User]: the sky looks dark (intensity=0.59)
Memory-Pull Policy: pull_fresh=false — SURE vote (conf=0.6) and no winning node requested context — fresh memory withheld
Lobe Curve (base × top = score):
  👑 craft: base=0.599 × top=0.599 = 0.359 [hard_votes=1]
=========================================

Brain > [ENGINE] ✅ /right: contributors=1 rewarded=0 double_skip=0 coinflip_miss=1 grave_skip=0
✅ /right applied. 1 contributor(s) processed: 0 rewarded, 0 skipped (already gained), 1 missed coinflip.
   ↳ context intensity nudged up on 9 message(s) used last cycle.

Brain > --> Scanning specimens & looking for dialectical relations...
[ORCHESTRATOR] 🎯 Lobe Curve (base × top = score):
  👑 planning: base=0.413 × top=0.413 = 0.1708 [hard_votes=0]
--> 1 valid votes passed gate... compiling JIT superposition...

🤖 AIML Output Scaffold:
[Grug plan shelter] many hand make cave one supply craft grave.
--- DEBUG TELEMETRY (orchestration internals, not for speech) ---
Mission: 'build a shelter before night'
Primary Action: many hand make cave one hand make grave  (conf=0.41, certainty=SURE)
Sure Actions: [many hand make cave one hand make grave]
Unsure Actions (Coinflip Side-Features): [None]
Constraints: [rush, force, single-day, fight-stone, wrong-stone, weak, backwards, paint-first, skip, airless, sealed, damp, guess, oversize, wrong-fit, flood-path, low, wet, alone, slow, dangerous, temporary, fragile, refused]
Winning Node: node_49
Lobe Context: [planning (3/3 active (what should we | build cave | hunt tomorrow))]
User Triples: (shelter, before, night)
Node Triples: None
Anti-Match Detected: false
AIML Memory Bank:
Deep Memory (Pinned): [User_Pinned]: Grug speak plain. Grug not pretend smart. | [User_Pinned]: Many rocks compete. Loudest rock get to talk. | [User_Pinned]: Grug listen first, talk second. | [User_Pinned]: Grug speak plain. Grug not pretend smart. | [User_Pinned]: Many rocks compete. Loudest rock get to talk. | [User_Pinned]: Grug listen first, talk second. | [User_Pinned]: Tribe stronger than lone hunter. | [User_Pinned]: Hot rock burn. Soft skin remember.
Fresh Memory [threshold=0.38 eligible=7] (Recent): [User]: the river is high (intensity=0.72) | [User]: build a shelter before night (intensity=1.71)
Memory-Pull Policy: pull_fresh=true — primary confidence=0.41 < trust floor 0.45
Lobe Curve (base × top = score):
  👑 planning: base=0.413 × top=0.413 = 0.1708 [hard_votes=0]
=========================================

Brain > 👁  Arousal set to 0.8. Eye system updated.

Brain > --> Scanning specimens & looking for dialectical relations...
[ORCHESTRATOR] 🎯 Lobe Curve (base × top = score):
  👑 survival: base=0.527 × top=0.527 = 0.2779 [hard_votes=2]
--> 2 valid votes passed gate... compiling JIT superposition...

🤖 AIML Output Scaffold:
[Grug see threat] Let me think with you. Warn loud and clear..
--- DEBUG TELEMETRY (orchestration internals, not for speech) ---
Mission: 'danger danger predator near'
Primary Action: warn  (conf=0.53, certainty=SURE)
Sure Actions: [warn]
Unsure Actions (Coinflip Side-Features): [warn]
Constraints: [None]
Winning Node: node_9
Lobe Context: [survival (7/7 active (fire burns | run | fire burns))]
User Triples: None
Node Triples: None
Anti-Match Detected: false
Other Possibilities (strong but not winners):
  🔸 node_32 | action=warn | conf=0.53 | relations=(danger, causes, harm), (predator, threatens, tribe)
AIML Memory Bank:
Deep Memory (Pinned): [User_Pinned]: Grug speak plain. Grug not pretend smart. | [User_Pinned]: Many rocks compete. Loudest rock get to talk. | [User_Pinned]: Grug listen first, talk second. | [User_Pinned]: Grug speak plain. Grug not pretend smart. | [User_Pinned]: Many rocks compete. Loudest rock get to talk. | [User_Pinned]: Grug listen first, talk second. | [User_Pinned]: Tribe stronger than lone hunter. | [User_Pinned]: Hot rock burn. Soft skin remember.
Fresh Memory [threshold=0.38 eligible=7] (Recent): No recent sounds
Memory-Pull Policy: pull_fresh=false — SURE vote (conf=0.53) and no winning node requested context — fresh memory withheld
Lobe Curve (base × top = score):
  👑 survival: base=0.527 × top=0.527 = 0.2779 [hard_votes=2]
=========================================

Brain > [ENGINE] ✅ /right: contributors=2 rewarded=0 double_skip=0 coinflip_miss=2 grave_skip=0
✅ /right applied. 2 contributor(s) processed: 0 rewarded, 0 skipped (already gained), 2 missed coinflip.
   ↳ context intensity nudged up on 8 message(s) used last cycle.

Brain > 👁  Arousal set to 0.2. Eye system updated.

Brain > --> Scanning specimens & looking for dialectical relations...
[ORCHESTRATOR] 🎯 Lobe Curve (base × top = score):
  👑 explanation: base=0.433 × top=0.509 = 0.2593 [hard_votes=1]
--> 2 valid votes passed gate... compiling JIT superposition...

🤖 AIML Output Scaffold:
[Grug share what grug know] Here is the picture: tell me.
--- DEBUG TELEMETRY (orchestration internals, not for speech) ---
Mission: 'tell me a calm story'
Primary Action: explain  (conf=0.51, certainty=SURE)
Sure Actions: [explain]
Unsure Actions (Coinflip Side-Features): [pass story rock to rock hand to hand]
Constraints: [None]
Winning Node: node_13
Lobe Context: [explanation (7/7 active (define | what is | define))]
User Triples: None
Node Triples: None
Anti-Match Detected: false
Other Possibilities (strong but not winners):
  🔸 node_37 | action=pass story rock to rock hand to hand | conf=0.36 | relations=None
AIML Memory Bank:
Deep Memory (Pinned): [User_Pinned]: Grug speak plain. Grug not pretend smart. | [User_Pinned]: Many rocks compete. Loudest rock get to talk. | [User_Pinned]: Grug listen first, talk second. | [User_Pinned]: Grug speak plain. Grug not pretend smart. | [User_Pinned]: Many rocks compete. Loudest rock get to talk. | [User_Pinned]: Grug listen first, talk second. | [User_Pinned]: Tribe stronger than lone hunter. | [User_Pinned]: Hot rock burn. Soft skin remember.
Fresh Memory [threshold=0.38 eligible=6] (Recent): No recent sounds
Memory-Pull Policy: pull_fresh=false — SURE vote (conf=0.51) and no winning node requested context — fresh memory withheld
Lobe Curve (base × top = score):
  👑 explanation: base=0.433 × top=0.509 = 0.2593 [hard_votes=1]
=========================================

Brain > --> Scanning specimens & looking for dialectical relations...
[ORCHESTRATOR] 🎯 Lobe Curve (base × top = score):
  👑 reasoning: base=1.113 × top=1.304 = 1.7017 [hard_votes=2]
--> 2 valid votes passed gate... compiling JIT superposition...

🤖 AIML Output Scaffold:
[Grug seek cause] Here is the picture: Trace from effect to source..
--- DEBUG TELEMETRY (orchestration internals, not for speech) ---
Mission: 'why'
Primary Action: reason  (conf=1.3, certainty=SURE)
Sure Actions: [reason]
Unsure Actions (Coinflip Side-Features): [look for first stone that fell]
Constraints: [None]
Winning Node: node_7
Lobe Context: [reasoning (7/7 active (why | calculate | how does))]
User Triples: None
Node Triples: None
Anti-Match Detected: false
Other Possibilities (strong but not winners):
  🔸 node_29 | action=look for first stone that fell | conf=0.92 | relations=None
AIML Memory Bank:
Deep Memory (Pinned): [User_Pinned]: Grug speak plain. Grug not pretend smart. | [User_Pinned]: Many rocks compete. Loudest rock get to talk. | [User_Pinned]: Grug listen first, talk second. | [User_Pinned]: Grug speak plain. Grug not pretend smart. | [User_Pinned]: Many rocks compete. Loudest rock get to talk. | [User_Pinned]: Grug listen first, talk second. | [User_Pinned]: Tribe stronger than lone hunter. | [User_Pinned]: Hot rock burn. Soft skin remember.
Fresh Memory [threshold=0.38 eligible=6] (Recent): [User]: danger danger predator near (intensity=0.55) | [User]: tell me a calm story (intensity=0.87)
Memory-Pull Policy: pull_fresh=false — SURE vote (conf=1.3) and no winning node requested context — fresh memory withheld
Lobe Curve (base × top = score):
  👑 reasoning: base=1.113 × top=1.304 = 1.7017 [hard_votes=2]
=========================================

Brain > --> Scanning specimens & looking for dialectical relations...
[ORCHESTRATOR] 🎯 Lobe Curve (base × top = score):
  👑 nature: base=0.955 × top=0.955 = 0.9116 [hard_votes=1]
--> 1 valid votes passed gate... compiling JIT superposition...

🤖 AIML Output Scaffold:
[Grug know tree] Wood for fire and tree make shade nut.
--- DEBUG TELEMETRY (orchestration internals, not for speech) ---
Mission: 'tree'
Primary Action: tree make shade nut and wood for fire  (conf=0.95, certainty=SURE)
Sure Actions: [tree make shade nut and wood for fire]
Unsure Actions (Coinflip Side-Features): [None]
Constraints: [barren, useless, fragile, young, sapling, recent, plain, single-organ, lifeless, stable, painless, slow, crawling, copying, animal]
Winning Node: node_54
Lobe Context: [nature (3/3 active (tree | river | sky))]
User Triples: None
Node Triples: (tree, provides, wood), (tree, makes, shade)
Anti-Match Detected: false
AIML Memory Bank:
Deep Memory (Pinned): [User_Pinned]: Grug speak plain. Grug not pretend smart. | [User_Pinned]: Many rocks compete. Loudest rock get to talk. | [User_Pinned]: Grug listen first, talk second. | [User_Pinned]: Grug speak plain. Grug not pretend smart. | [User_Pinned]: Many rocks compete. Loudest rock get to talk. | [User_Pinned]: Grug listen first, talk second. | [User_Pinned]: Tribe stronger than lone hunter. | [User_Pinned]: Hot rock burn. Soft skin remember.
Fresh Memory [threshold=0.38 eligible=5] (Recent): [System]: Mission "tell me a calm story" → primary=explain conf=0.51 node=node_13 (intensity=0.42) | [System]: Mission "why" → primary=reason conf=1.3 node=node_7 (intensity=0.65) | [User]: tree (intensity=1.25)
Memory-Pull Policy: pull_fresh=false — SURE vote (conf=0.95) and no winning node requested context — fresh memory withheld
Lobe Curve (base × top = score):
  👑 nature: base=0.955 × top=0.955 = 0.9116 [hard_votes=1]
=========================================

Brain > --> Scanning specimens & looking for dialectical relations...
[ORCHESTRATOR] 🎯 Lobe Curve (base × top = score):
  👑 comfort: base=0.885 × top=0.885 = 0.7838 [hard_votes=2]
--> 2 valid votes passed gate... compiling JIT superposition...

🤖 AIML Output Scaffold:
[Grug sit with sadness] Offer presence not solutions..
--- DEBUG TELEMETRY (orchestration internals, not for speech) ---
Mission: 'sad'
Primary Action: reassure  (conf=0.89, certainty=UNSURE)
Sure Actions: [reassure, every sad-night ends in some kind of morning]
Unsure Actions (Coinflip Side-Features): [None]
Constraints: [None]
Winning Node: node_16
Lobe Context: [comfort (7/7 active (good job | worried | scared))]
User Triples: None
Node Triples: None
Anti-Match Detected: false
Tied Alternatives (not selected):
  🪨 node_40 | action=every sad-night ends in some kind of morning | conf=0.89 | relations=None
AIML Memory Bank:
Deep Memory (Pinned): [User_Pinned]: Grug speak plain. Grug not pretend smart. | [User_Pinned]: Many rocks compete. Loudest rock get to talk. | [User_Pinned]: Grug listen first, talk second. | [User_Pinned]: Grug speak plain. Grug not pretend smart. | [User_Pinned]: Many rocks compete. Loudest rock get to talk. | [User_Pinned]: Grug listen first, talk second. | [User_Pinned]: Tribe stronger than lone hunter. | [User_Pinned]: Hot rock burn. Soft skin remember.
Fresh Memory [threshold=0.38 eligible=5] (Recent): [User]: tree (intensity=0.8)
Memory-Pull Policy: pull_fresh=true — winning node(s) requested context: node_40
Lobe Curve (base × top = score):
  👑 comfort: base=0.885 × top=0.885 = 0.7838 [hard_votes=2]
=========================================

Brain > --> Scanning specimens & looking for dialectical relations...
--> No valid specimens found for this input. Cave is silent.

Brain > [ENGINE] ❌  /wrong applied to 2 contributors. penalized= 2, newly_graved= 0.
❌  /wrong applied. 2 contributor(s) penalized via coinflip.
   ↳ context intensity nudged down on 9 message(s) used last cycle.

Brain > --> Scanning specimens & looking for dialectical relations...
[ORCHESTRATOR] 🎯 Lobe Curve (base × top = score):
  👑 alert: base=0.93 × top=0.93 = 0.8645 [hard_votes=1]
--> 1 valid votes passed gate... compiling JIT superposition...

🤖 AIML Output Scaffold:
[Grug halt] stop now think later.
--- DEBUG TELEMETRY (orchestration internals, not for speech) ---
Mission: 'STOP'
Primary Action: stop now think later  (conf=0.93, certainty=SURE)
Sure Actions: [stop now think later]
Unsure Actions (Coinflip Side-Features): [None]
Constraints: [continue, ignore, drift, move, slack, blind, rush, careless, late, trust-step, fall, debate, soft, suggest, hurry-wins, blind-rush, panic, flail, scatter]
Winning Node: node_59
Lobe Context: [alert (5/5 active (warning | warning | watch out))]
User Triples: None
Node Triples: None
Anti-Match Detected: false
AIML Memory Bank:
Deep Memory (Pinned): [User_Pinned]: Grug speak plain. Grug not pretend smart. | [User_Pinned]: Many rocks compete. Loudest rock get to talk. | [User_Pinned]: Grug listen first, talk second. | [User_Pinned]: Grug speak plain. Grug not pretend smart. | [User_Pinned]: Many rocks compete. Loudest rock get to talk. | [User_Pinned]: Grug listen first, talk second. | [User_Pinned]: Tribe stronger than lone hunter. | [User_Pinned]: Hot rock burn. Soft skin remember.
Fresh Memory [threshold=0.38 eligible=5] (Recent): No recent sounds
Memory-Pull Policy: pull_fresh=false — SURE vote (conf=0.93) and no winning node requested context — fresh memory withheld
Lobe Curve (base × top = score):
  👑 alert: base=0.93 × top=0.93 = 0.8645 [hard_votes=1]
=========================================

Brain > --> Scanning specimens & looking for dialectical relations...
[ENGINE] ⚡  Attachment relay: 'node_8' fired via target 'node_6' (conf=0.1, connector="think mechanism")
[ENGINE] 🔗  Attachment relay pass added 1 node(s) to expanded set.
[ORCHESTRATOR] 🎯 Lobe Curve (base × top = score):
  👑 explanation: base=0.672 × top=0.793 = 0.6288 [hard_votes=2]
  · reasoning: base=0.22 × top=0.28 = 0.1092 [hard_votes=0]
--> 2 valid votes passed gate... compiling JIT superposition...

🤖 AIML Output Scaffold:
[Grug share what grug know] Here is the picture: tell me. Pinned note: Many rocks compete. Loudest rock get to talk.
--- DEBUG TELEMETRY (orchestration internals, not for speech) ---
Mission: 'tell me about the rocks'
Primary Action: explain  (conf=0.79, certainty=SURE)
Sure Actions: [explain]
Unsure Actions (Coinflip Side-Features): [None]
Constraints: [None]
Winning Node: node_13
Lobe Context: [explanation (7/7 active (define | what is | define))]
User Triples: None
Node Triples: None
Anti-Match Detected: false
AIML Memory Bank:
Deep Memory (Pinned): [User_Pinned]: Grug speak plain. Grug not pretend smart. | [User_Pinned]: Many rocks compete. Loudest rock get to talk. | [User_Pinned]: Grug listen first, talk second. | [User_Pinned]: Grug speak plain. Grug not pretend smart. | [User_Pinned]: Many rocks compete. Loudest rock get to talk. | [User_Pinned]: Grug listen first, talk second. | [User_Pinned]: Tribe stronger than lone hunter. | [User_Pinned]: Hot rock burn. Soft skin remember.
Fresh Memory [threshold=0.38 eligible=7] (Recent): [User]: tell me about rocks (intensity=0.47) | [User]: sad (intensity=0.55) | [User]: tell me about the rocks (intensity=1.26)
Memory-Pull Policy: pull_fresh=false — SURE vote (conf=0.79) and no winning node requested context — fresh memory withheld
Lobe Curve (base × top = score):
  👑 explanation: base=0.672 × top=0.793 = 0.6288 [hard_votes=2]
  · reasoning: base=0.22 × top=0.28 = 0.1092 [hard_votes=0]
=========================================

Brain > --> Scanning specimens & looking for dialectical relations...
[ENGINE] ⚡  Attachment relay: 'node_7' fired via target 'node_6' (conf=0.609, connector="why think")
[ENGINE] ⚡  Attachment relay: 'node_8' fired via target 'node_6' (conf=0.1, connector="think mechanism")
[ENGINE] 🔗  Attachment relay pass added 2 node(s) to expanded set.
[ORCHESTRATOR] 🎯 Lobe Curve (base × top = score):
  👑 explanation: base=0.668 × top=0.783 = 0.6128 [hard_votes=2]
  · reasoning: base=0.317 × top=0.468 = 0.3713 [hard_votes=1]
--> 2 valid votes passed gate... compiling JIT superposition...

🤖 AIML Output Scaffold:
[Grug share what grug know] Here is the picture: say me. Pinned note: Many rocks compete. Loudest rock get to talk.
--- DEBUG TELEMETRY (orchestration internals, not for speech) ---
Mission: 'tell me about the rocks'
Primary Action: describe  (conf=0.78, certainty=SURE)
Sure Actions: [describe]
Unsure Actions (Coinflip Side-Features): [pass story rock to rock hand to hand]
Constraints: [None]
Winning Node: node_13
Lobe Context: [explanation (7/7 active (define | what is | define))]
User Triples: None
Node Triples: None
Anti-Match Detected: false
Other Possibilities (strong but not winners):
  🔸 node_37 | action=pass story rock to rock hand to hand | conf=0.55 | relations=None
AIML Memory Bank:
Deep Memory (Pinned): [User_Pinned]: Grug speak plain. Grug not pretend smart. | [User_Pinned]: Many rocks compete. Loudest rock get to talk. | [User_Pinned]: Grug listen first, talk second. | [User_Pinned]: Grug speak plain. Grug not pretend smart. | [User_Pinned]: Many rocks compete. Loudest rock get to talk. | [User_Pinned]: Grug listen first, talk second. | [User_Pinned]: Tribe stronger than lone hunter. | [User_Pinned]: Hot rock burn. Soft skin remember.
Fresh Memory [threshold=0.38 eligible=7] (Recent): [User]: STOP (intensity=0.55) | [User]: tell me about the rocks (intensity=1.47) | [User]: tell me about the rocks (intensity=1.28)
Memory-Pull Policy: pull_fresh=false — SURE vote (conf=0.78) and no winning node requested context — fresh memory withheld
Lobe Curve (base × top = score):
  👑 explanation: base=0.668 × top=0.783 = 0.6128 [hard_votes=2]
  · reasoning: base=0.317 × top=0.468 = 0.3713 [hard_votes=1]
=========================================

Brain > --> Scanning specimens & looking for dialectical relations...
[ENGINE] ⚡  Attachment relay: 'node_8' fired via target 'node_6' (conf=0.1, connector="think mechanism")
[ENGINE] 🔗  Attachment relay pass added 1 node(s) to expanded set.
[ORCHESTRATOR] 🎯 Lobe Curve (base × top = score):
  👑 explanation: base=0.671 × top=0.789 = 0.6223 [hard_votes=2]
  · reasoning: base=0.22 × top=0.28 = 0.108 [hard_votes=0]
--> 2 valid votes passed gate... compiling JIT superposition...

🤖 AIML Output Scaffold:
[Grug share what grug know] Here is the picture: talk me. Pinned note: Many rocks compete. Loudest rock get to talk.
--- DEBUG TELEMETRY (orchestration internals, not for speech) ---
Mission: 'tell me about the rocks'
Primary Action: describe  (conf=0.79, certainty=SURE)
Sure Actions: [describe]
Unsure Actions (Coinflip Side-Features): [sit close and grug share what grug know]
Constraints: [None]
Winning Node: node_13
Lobe Context: [explanation (7/7 active (define | what is | define))]
User Triples: None
Node Triples: None
Anti-Match Detected: false
Other Possibilities (strong but not winners):
  🔸 node_37 | action=sit close and grug share what grug know | conf=0.55 | relations=None
AIML Memory Bank:
Deep Memory (Pinned): [User_Pinned]: Grug speak plain. Grug not pretend smart. | [User_Pinned]: Many rocks compete. Loudest rock get to talk. | [User_Pinned]: Grug listen first, talk second. | [User_Pinned]: Grug speak plain. Grug not pretend smart. | [User_Pinned]: Many rocks compete. Loudest rock get to talk. | [User_Pinned]: Grug listen first, talk second. | [User_Pinned]: Tribe stronger than lone hunter. | [User_Pinned]: Hot rock burn. Soft skin remember.
Fresh Memory [threshold=0.75 eligible=6] (Recent): [User]: tell me about rocks (intensity=1.0) | [User]: tell me about the rocks (intensity=1.6) | [System]: Mission "tell me about the rocks" → primary=explain conf=0.79 node=node_13 (intensity=0.94) | [User]: tell me about the rocks (intensity=1.45) | [System]: Mission "tell me about the rocks" → primary=describe conf=0.78 node=node_13 (intensity=0.99)
Memory-Pull Policy: pull_fresh=false — SURE vote (conf=0.79) and no winning node requested context — fresh memory withheld
Lobe Curve (base × top = score):
  👑 explanation: base=0.671 × top=0.789 = 0.6223 [hard_votes=2]
  · reasoning: base=0.22 × top=0.28 = 0.108 [hard_votes=0]
=========================================

Brain > --> Scanning specimens & looking for dialectical relations...
[ORCHESTRATOR] 🎯 Lobe Curve (base × top = score):
  👑 default: base=0.132 × top=0.132 = 0.0175 [hard_votes=0]
--> 1 valid votes passed gate... compiling JIT superposition...

🤖 AIML Output Scaffold:
[Highly polite greeting protocols active] hello hi greeting mornin.
--- DEBUG TELEMETRY (orchestration internals, not for speech) ---
Mission: 'hello again old friend'
Primary Action: welcome  (conf=0.13, certainty=SURE)
Sure Actions: [welcome]
Unsure Actions (Coinflip Side-Features): [None]
Constraints: [dont frown, dont insult, dont be rude]
Winning Node: node_0
Lobe Context: [default (3/3 active (hello hi greeting mornin | think ponder reason calculate | grug hits rock and makes fire))]
User Triples: None
Node Triples: None
Anti-Match Detected: false
AIML Memory Bank:
Deep Memory (Pinned): [User_Pinned]: Grug speak plain. Grug not pretend smart. | [User_Pinned]: Many rocks compete. Loudest rock get to talk. | [User_Pinned]: Grug listen first, talk second. | [User_Pinned]: Grug speak plain. Grug not pretend smart. | [User_Pinned]: Many rocks compete. Loudest rock get to talk. | [User_Pinned]: Grug listen first, talk second. | [User_Pinned]: Tribe stronger than lone hunter. | [User_Pinned]: Hot rock burn. Soft skin remember.
Fresh Memory [threshold=0.38 eligible=8] (Recent): [User]: tell me about the rocks (intensity=1.07) | [User]: tell me about the rocks (intensity=0.94) | [System]: Mission "tell me about the rocks" → primary=describe conf=0.79 node=node_13 (intensity=0.63) | [User]: hello again old friend (intensity=1.25)
Memory-Pull Policy: pull_fresh=true — primary confidence=0.13 < trust floor 0.45
Lobe Curve (base × top = score):
  👑 default: base=0.132 × top=0.132 = 0.0175 [hard_votes=0]
=========================================

Brain > [ENGINE] ✅ /right: contributors=1 rewarded=1 double_skip=0 coinflip_miss=0 grave_skip=0
✅ /right applied. 1 contributor(s) processed: 1 rewarded, 0 skipped (already gained), 0 missed coinflip.
   ↳ context intensity nudged up on 12 message(s) used last cycle.

Brain > --> Scanning specimens & looking for dialectical relations...
--> No valid specimens found for this input. Cave is silent.

Brain > --> Scanning specimens & looking for dialectical relations...
--> No valid specimens found for this input. Cave is silent.

Brain > --> Scanning specimens & looking for dialectical relations...
--> No valid specimens found for this input. Cave is silent.

Brain > --> Scanning specimens & looking for dialectical relations...
[ENGINE] ⚡  Attachment relay: 'node_8' fired via target 'node_6' (conf=0.1, connector="think mechanism")
[ENGINE] 🔗  Attachment relay pass added 1 node(s) to expanded set.
[ORCHESTRATOR] 🎯 Lobe Curve (base × top = score):
  👑 explanation: base=0.613 × top=0.721 = 0.5194 [hard_votes=2]
  · knowledge: base=0.505 × top=0.505 = 0.2551 [hard_votes=1]
  · default: base=0.432 × top=0.432 = 0.187 [hard_votes=0]
  · celebration: base=0.321 × top=0.321 = 0.103 [hard_votes=0]
  · survival: base=0.281 × top=0.281 = 0.0789 [hard_votes=0]
  · reasoning: base=0.182 × top=0.223 = 0.069 [hard_votes=0]
--> 2 valid votes passed gate... compiling JIT superposition...

🤖 AIML Output Scaffold:
[Grug share what grug know] Here is the picture: tell me.
--- DEBUG TELEMETRY (orchestration internals, not for speech) ---
Mission: 'tell me about fire and stone'
Primary Action: describe  (conf=0.72, certainty=SURE)
Sure Actions: [describe]
Unsure Actions (Coinflip Side-Features): [None]
Constraints: [None]
Winning Node: node_13
Lobe Context: [explanation (7/7 active (define | what is | define))]
User Triples: None
Node Triples: None
Anti-Match Detected: false
AIML Memory Bank:
Deep Memory (Pinned): [User_Pinned]: Grug speak plain. Grug not pretend smart. | [User_Pinned]: Many rocks compete. Loudest rock get to talk. | [User_Pinned]: Grug listen first, talk second. | [User_Pinned]: Grug speak plain. Grug not pretend smart. | [User_Pinned]: Many rocks compete. Loudest rock get to talk. | [User_Pinned]: Grug listen first, talk second. | [User_Pinned]: Tribe stronger than lone hunter. | [User_Pinned]: Hot rock burn. Soft skin remember.
Fresh Memory [threshold=0.75 eligible=6] (Recent): [User]: tell me about the rocks (intensity=1.2)
Memory-Pull Policy: pull_fresh=false — SURE vote (conf=0.72) and no winning node requested context — fresh memory withheld
Lobe Curve (base × top = score):
  👑 explanation: base=0.613 × top=0.721 = 0.5194 [hard_votes=2]
  · knowledge: base=0.505 × top=0.505 = 0.2551 [hard_votes=1]
  · default: base=0.432 × top=0.432 = 0.187 [hard_votes=0]
  · celebration: base=0.321 × top=0.321 = 0.103 [hard_votes=0]
  · survival: base=0.281 × top=0.281 = 0.0789 [hard_votes=0]
  · reasoning: base=0.182 × top=0.223 = 0.069 [hard_votes=0]
=========================================

Brain > --> Scanning specimens & looking for dialectical relations...
[ORCHESTRATOR] 🎯 Lobe Curve (base × top = score):
  👑 explanation: base=0.583 × top=0.691 = 0.4769 [hard_votes=1]
  · craft: base=0.476 × top=0.476 = 0.2262 [hard_votes=0]
  · planning: base=0.322 × top=0.322 = 0.1039 [hard_votes=0]
  · identity: base=0.183 × top=0.183 = 0.0337 [hard_votes=0]
--> 2 valid votes passed gate... compiling JIT superposition...

🤖 AIML Output Scaffold:
[Grug explain plain] Here is the picture: No enormous words..
--- DEBUG TELEMETRY (orchestration internals, not for speech) ---
Mission: 'what is the difference between hammer and stone'
Primary Action: describe  (conf=0.69, certainty=SURE)
Sure Actions: [describe]
Unsure Actions (Coinflip Side-Features): [grug peel layer until heart show]
Constraints: [None]
Winning Node: node_12
Lobe Context: [explanation (7/7 active (define | what is | define))]
User Triples: (what, is, the)
Node Triples: None
Anti-Match Detected: false
Other Possibilities (strong but not winners):
  🔸 node_36 | action=grug peel layer until heart show | conf=0.48 | relations=None
AIML Memory Bank:
Deep Memory (Pinned): [User_Pinned]: Grug speak plain. Grug not pretend smart. | [User_Pinned]: Many rocks compete. Loudest rock get to talk. | [User_Pinned]: Grug listen first, talk second. | [User_Pinned]: Grug speak plain. Grug not pretend smart. | [User_Pinned]: Many rocks compete. Loudest rock get to talk. | [User_Pinned]: Grug listen first, talk second. | [User_Pinned]: Tribe stronger than lone hunter. | [User_Pinned]: Hot rock burn. Soft skin remember.
Fresh Memory [threshold=0.56 eligible=7] (Recent): [User]: tell me about fire and stone (intensity=0.93) | [System]: Mission "tell me about fire and stone" → primary=describe conf=0.72 node=node_13 (intensity=0.73)
Memory-Pull Policy: pull_fresh=false — SURE vote (conf=0.69) and no winning node requested context — fresh memory withheld
Lobe Curve (base × top = score):
  👑 explanation: base=0.583 × top=0.691 = 0.4769 [hard_votes=1]
  · craft: base=0.476 × top=0.476 = 0.2262 [hard_votes=0]
  · planning: base=0.322 × top=0.322 = 0.1039 [hard_votes=0]
  · identity: base=0.183 × top=0.183 = 0.0337 [hard_votes=0]
=========================================

Brain > --> Scanning specimens & looking for dialectical relations...
[ORCHESTRATOR] 🎯 Lobe Curve (base × top = score):
  👑 reasoning: base=0.616 × top=0.725 = 0.5261 [hard_votes=2]
  · nature: base=0.505 × top=0.505 = 0.2555 [hard_votes=1]
--> 2 valid votes passed gate... compiling JIT superposition...

🤖 AIML Output Scaffold:
[Grug seek cause] Here is the picture: Trace from effect to source..
--- DEBUG TELEMETRY (orchestration internals, not for speech) ---
Mission: 'why does the river flow downhill'
Primary Action: reason  (conf=0.73, certainty=SURE)
Sure Actions: [reason]
Unsure Actions (Coinflip Side-Features): [every flame has a spark trace from end to start]
Constraints: [None]
Winning Node: node_7
Lobe Context: [reasoning (7/7 active (why | calculate | how does))]
User Triples: None
Node Triples: None
Anti-Match Detected: false
Other Possibilities (strong but not winners):
  🔸 node_29 | action=every flame has a spark trace from end to start | conf=0.51 | relations=None
AIML Memory Bank:
Deep Memory (Pinned): [User_Pinned]: Grug speak plain. Grug not pretend smart. | [User_Pinned]: Many rocks compete. Loudest rock get to talk. | [User_Pinned]: Grug listen first, talk second. | [User_Pinned]: Grug speak plain. Grug not pretend smart. | [User_Pinned]: Many rocks compete. Loudest rock get to talk. | [User_Pinned]: Grug listen first, talk second. | [User_Pinned]: Tribe stronger than lone hunter. | [User_Pinned]: Hot rock burn. Soft skin remember.
Fresh Memory [threshold=0.38 eligible=10] (Recent): [User]: tell me about fire and stone (intensity=0.6) | [System]: Mission "what is the difference between hammer and stone" → primary=describe conf=0.69 node=node_12 (intensity=0.68)
Memory-Pull Policy: pull_fresh=false — SURE vote (conf=0.73) and no winning node requested context — fresh memory withheld
Lobe Curve (base × top = score):
  👑 reasoning: base=0.616 × top=0.725 = 0.5261 [hard_votes=2]
  · nature: base=0.505 × top=0.505 = 0.2555 [hard_votes=1]
=========================================

Brain > --> Scanning specimens & looking for dialectical relations...
[ORCHESTRATOR] 🎯 Lobe Curve (base × top = score):
  👑 knowledge: base=1.342 × top=1.342 = 1.8013 [hard_votes=1]
  · survival: base=0.687 × top=1.132 = 1.2805 [hard_votes=1]
  · default: base=0.805 × top=0.805 = 0.6485 [hard_votes=1]
  · reasoning: base=0.577 × top=0.707 = 0.4999 [hard_votes=1]
  · inquiry: base=0.495 × top=0.495 = 0.2448 [hard_votes=0]
  · explanation: base=0.447 × top=0.447 = 0.2001 [hard_votes=0]
  · celebration: base=0.303 × top=0.303 = 0.092 [hard_votes=0]
--> 1 valid votes passed gate... compiling JIT superposition...

🤖 AIML Output Scaffold:
[Grug know fire] Here is the picture: Breathes black smoke and fire eats wood. The link is clear: fire cooks meat.
--- DEBUG TELEMETRY (orchestration internals, not for speech) ---
Mission: 'could you explain how fire makes warm'
Primary Action: fire eats wood and breathes black smoke  (conf=1.34, certainty=SURE)
Sure Actions: [fire eats wood and breathes black smoke]
Unsure Actions (Coinflip Side-Features): [None]
Constraints: [tame, gentle, cold, harmless, calm, quiet, frozen, starves, silent, clean, satisfied, full, dim, freeze, attract, raw, safe, painless, stolen, abandoned, ordinary, solid, still, shaped, recent, manmade, accident, enemy, eternal, self-sustaining, water, large]
Winning Node: node_23
Lobe Context: [knowledge (5/5 active (water | wolf | fire))]
User Triples: (fire, makes, warm)
Node Triples: (fire, makes, heat), (fire, cooks, meat), (fire, scares, wolf), (fire, eats, wood)
Anti-Match Detected: false
AIML Memory Bank:
Deep Memory (Pinned): [User_Pinned]: Grug speak plain. Grug not pretend smart. | [User_Pinned]: Many rocks compete. Loudest rock get to talk. | [User_Pinned]: Grug listen first, talk second. | [User_Pinned]: Grug speak plain. Grug not pretend smart. | [User_Pinned]: Many rocks compete. Loudest rock get to talk. | [User_Pinned]: Grug listen first, talk second. | [User_Pinned]: Tribe stronger than lone hunter. | [User_Pinned]: Hot rock burn. Soft skin remember.
Fresh Memory [threshold=0.38 eligible=7] (Recent): [User]: tell me about fire and stone (intensity=0.44)
Memory-Pull Policy: pull_fresh=false — SURE vote (conf=1.34) and no winning node requested context — fresh memory withheld
Lobe Curve (base × top = score):
  👑 knowledge: base=1.342 × top=1.342 = 1.8013 [hard_votes=1]
  · survival: base=0.687 × top=1.132 = 1.2805 [hard_votes=1]
  · default: base=0.805 × top=0.805 = 0.6485 [hard_votes=1]
  · reasoning: base=0.577 × top=0.707 = 0.4999 [hard_votes=1]
  · inquiry: base=0.495 × top=0.495 = 0.2448 [hard_votes=0]
  · explanation: base=0.447 × top=0.447 = 0.2001 [hard_votes=0]
  · celebration: base=0.303 × top=0.303 = 0.092 [hard_votes=0]
=========================================

Brain > --> Scanning specimens & looking for dialectical relations...
--> No valid specimens found for this input. Cave is silent.

Brain > --> Scanning specimens & looking for dialectical relations...
[ORCHESTRATOR] 🎯 Lobe Curve (base × top = score):
  👑 alert: base=0.649 × top=0.649 = 0.421 [hard_votes=1]
  ↗ survival: base=0.647 × top=0.648 = 0.4194 [hard_votes=2]
--> 3 valid votes passed gate... compiling JIT superposition...

🤖 AIML Output Scaffold:
[Grug halt] I hear that. what hurry can outrun consequence of bad step.
--- DEBUG TELEMETRY (orchestration internals, not for speech) ---
Mission: 'STOP STOP STOP DANGER'
Primary Action: what hurry can outrun consequence of bad step  (conf=0.65, certainty=SURE)
Sure Actions: [what hurry can outrun consequence of bad step]
Unsure Actions (Coinflip Side-Features): [alert]
Constraints: [continue, ignore, drift, move, slack, blind, rush, careless, late, trust-step, fall, debate, soft, suggest, hurry-wins, blind-rush, panic, flail, scatter]
Winning Node: node_59
Lobe Context: [alert (5/5 active (warning | warning | watch out))] | [survival (7/7 active (fire burns | run | fire burns))]
User Triples: None
Node Triples: None
Anti-Match Detected: false
Other Possibilities (strong but not winners):
  🔸 node_32 | action=alert | conf=0.65 | relations=(danger, causes, harm), (predator, threatens, tribe)
AIML Memory Bank:
Deep Memory (Pinned): [User_Pinned]: Grug speak plain. Grug not pretend smart. | [User_Pinned]: Many rocks compete. Loudest rock get to talk. | [User_Pinned]: Grug listen first, talk second. | [User_Pinned]: Grug speak plain. Grug not pretend smart. | [User_Pinned]: Many rocks compete. Loudest rock get to talk. | [User_Pinned]: Grug listen first, talk second. | [User_Pinned]: Tribe stronger than lone hunter. | [User_Pinned]: Hot rock burn. Soft skin remember.
Fresh Memory [threshold=0.38 eligible=8] (Recent): [User]: STOP STOP STOP NOW NOW NOW DANGER DANGER DANGER!!! (intensity=0.43)
Memory-Pull Policy: pull_fresh=false — SURE vote (conf=0.65) and no winning node requested context — fresh memory withheld
Lobe Curve (base × top = score):
  👑 alert: base=0.649 × top=0.649 = 0.421 [hard_votes=1]
  ↗ survival: base=0.647 × top=0.648 = 0.4194 [hard_votes=2]
Passthrough Lobes: [survival]
=========================================

Brain > --> Scanning specimens & looking for dialectical relations...
[ORCHESTRATOR] 🎯 Lobe Curve (base × top = score):
  👑 alert: base=0.749 × top=0.749 = 0.5608 [hard_votes=1]
[ENGINE] 💧 Node node_57 softened (strength=5.0 < 9.0) — NONJITTER tag removed, jitter resumed.
--> 1 valid votes passed gate... compiling JIT superposition...

🤖 AIML Output Scaffold:
[Grug point at incoming] watch out.
--- DEBUG TELEMETRY (orchestration internals, not for speech) ---
Mission: 'watch out'
Primary Action: warn  (conf=0.75, certainty=SURE)
Sure Actions: [warn]
Unsure Actions (Coinflip Side-Features): [None]
Constraints: [dont downplay, dont delay]
Winning Node: node_57
Lobe Context: [alert (5/5 active (warning | warning | watch out))]
User Triples: None
Node Triples: None
Anti-Match Detected: false
AIML Memory Bank:
Deep Memory (Pinned): [User_Pinned]: Grug speak plain. Grug not pretend smart. | [User_Pinned]: Many rocks compete. Loudest rock get to talk. | [User_Pinned]: Grug listen first, talk second. | [User_Pinned]: Grug speak plain. Grug not pretend smart. | [User_Pinned]: Many rocks compete. Loudest rock get to talk. | [User_Pinned]: Grug listen first, talk second. | [User_Pinned]: Tribe stronger than lone hunter. | [User_Pinned]: Hot rock burn. Soft skin remember.
Fresh Memory [threshold=0.38 eligible=6] (Recent): [User]: could you explain how fire makes warm (intensity=0.73) | [User]: perhaps there is a path through the forest (intensity=0.42) | [User]: watch out (intensity=1.27)
Memory-Pull Policy: pull_fresh=false — SURE vote (conf=0.75) and no winning node requested context — fresh memory withheld
Lobe Curve (base × top = score):
  👑 alert: base=0.749 × top=0.749 = 0.5608 [hard_votes=1]
=========================================

Brain > --> Scanning specimens & looking for dialectical relations...
[ENGINE] ⚡  Attachment relay: 'node_11' fired via target 'node_10' (conf=0.106, connector="danger run")
[ENGINE] 🔗  Attachment relay pass added 1 node(s) to expanded set.
[ORCHESTRATOR] 🎯 Lobe Curve (base × top = score):
  👑 survival: base=0.44 × top=0.607 = 0.3696 [hard_votes=2]
--> 3 valid votes passed gate... compiling JIT superposition...

🤖 AIML Output Scaffold:
[Grug urge escape] the feet.
--- DEBUG TELEMETRY (orchestration internals, not for speech) ---
Mission: 'run now'
Primary Action: flee  (conf=0.61, certainty=SURE)
Sure Actions: [flee]
Unsure Actions (Coinflip Side-Features): [None]
Constraints: [None]
Winning Node: node_33
Lobe Context: [survival (7/7 active (fire burns | run | fire burns))]
User Triples: None
Node Triples: (feet, carry, tribemate), (ground, rushes, under)
Anti-Match Detected: false
AIML Memory Bank:
Deep Memory (Pinned): [User_Pinned]: Grug speak plain. Grug not pretend smart. | [User_Pinned]: Many rocks compete. Loudest rock get to talk. | [User_Pinned]: Grug listen first, talk second. | [User_Pinned]: Grug speak plain. Grug not pretend smart. | [User_Pinned]: Many rocks compete. Loudest rock get to talk. | [User_Pinned]: Grug listen first, talk second. | [User_Pinned]: Tribe stronger than lone hunter. | [User_Pinned]: Hot rock burn. Soft skin remember.
Fresh Memory [threshold=0.38 eligible=6] (Recent): [User]: watch out (intensity=0.82)
Memory-Pull Policy: pull_fresh=false — SURE vote (conf=0.61) and no winning node requested context — fresh memory withheld
Lobe Curve (base × top = score):
  👑 survival: base=0.44 × top=0.607 = 0.3696 [hard_votes=2]
=========================================

Brain > 👁  Arousal set to 0.7. Eye system updated.

Brain > --> Scanning specimens & looking for dialectical relations...
[ORCHESTRATOR] 🎯 Lobe Curve (base × top = score):
  👑 alert: base=0.564 × top=0.564 = 0.3176 [hard_votes=2]
--> 2 valid votes passed gate... compiling JIT superposition...

🤖 AIML Output Scaffold:
[Grug raise voice] the warning.
--- DEBUG TELEMETRY (orchestration internals, not for speech) ---
Mission: 'warning predator at the edge'
Primary Action: alert  (conf=0.56, certainty=SURE)
Sure Actions: [alert]
Unsure Actions (Coinflip Side-Features): [warn]
Constraints: [None]
Winning Node: node_58
Lobe Context: [alert (5/5 active (warning | warning | watch out))]
User Triples: None
Node Triples: None
Anti-Match Detected: false
Other Possibilities (strong but not winners):
  🔸 node_18 | action=warn | conf=0.56 | relations=None
AIML Memory Bank:
Deep Memory (Pinned): [User_Pinned]: Grug speak plain. Grug not pretend smart. | [User_Pinned]: Many rocks compete. Loudest rock get to talk. | [User_Pinned]: Grug listen first, talk second. | [User_Pinned]: Grug speak plain. Grug not pretend smart. | [User_Pinned]: Many rocks compete. Loudest rock get to talk. | [User_Pinned]: Grug listen first, talk second. | [User_Pinned]: Tribe stronger than lone hunter. | [User_Pinned]: Hot rock burn. Soft skin remember.
Fresh Memory [threshold=0.38 eligible=5] (Recent): [System]: Mission "watch out" → primary=warn conf=0.75 node=node_57 (intensity=0.43) | [User]: warning predator at the edge (intensity=1.27)
Memory-Pull Policy: pull_fresh=false — SURE vote (conf=0.56) and no winning node requested context — fresh memory withheld
Lobe Curve (base × top = score):
  👑 alert: base=0.564 × top=0.564 = 0.3176 [hard_votes=2]
=========================================

Brain > --> Scanning specimens & looking for dialectical relations...
[ORCHESTRATOR] 🎯 Lobe Curve (base × top = score):
  👑 knowledge: base=0.51 × top=0.51 = 0.2601 [hard_votes=1]
  · celebration: base=0.375 × top=0.375 = 0.1406 [hard_votes=0]
  · default: base=0.306 × top=0.306 = 0.0936 [hard_votes=0]
  · survival: base=0.212 × top=0.212 = 0.0452 [hard_votes=0]
[ENGINE] 💧 Node node_23 softened (strength=4.0 < 9.0) — NONJITTER tag removed, jitter resumed.
--> 1 valid votes passed gate... compiling JIT superposition...

🤖 AIML Output Scaffold:
[Grug know fire] careful fire bite worse than wolf. The link is clear: fire makes heat.
--- DEBUG TELEMETRY (orchestration internals, not for speech) ---
Mission: 'fire spreads quick'
Primary Action: careful fire bite worse than wolf  (conf=0.51, certainty=SURE)
Sure Actions: [careful fire bite worse than wolf]
Unsure Actions (Coinflip Side-Features): [None]
Constraints: [tame, gentle, cold, harmless, calm, quiet, frozen, starves, silent, clean, satisfied, full, dim, freeze, attract, raw, safe, painless, stolen, abandoned, ordinary, solid, still, shaped, recent, manmade, accident, enemy, eternal, self-sustaining, water, large]
Winning Node: node_23
Lobe Context: [knowledge (5/5 active (water | wolf | fire))]
User Triples: None
Node Triples: (fire, makes, heat), (fire, cooks, meat), (fire, scares, wolf), (fire, eats, wood)
Anti-Match Detected: false
AIML Memory Bank:
Deep Memory (Pinned): [User_Pinned]: Grug speak plain. Grug not pretend smart. | [User_Pinned]: Many rocks compete. Loudest rock get to talk. | [User_Pinned]: Grug listen first, talk second. | [User_Pinned]: Grug speak plain. Grug not pretend smart. | [User_Pinned]: Many rocks compete. Loudest rock get to talk. | [User_Pinned]: Grug listen first, talk second. | [User_Pinned]: Tribe stronger than lone hunter. | [User_Pinned]: Hot rock burn. Soft skin remember.
Fresh Memory [threshold=0.38 eligible=5] (Recent): No recent sounds
Memory-Pull Policy: pull_fresh=false — SURE vote (conf=0.51) and no winning node requested context — fresh memory withheld
Lobe Curve (base × top = score):
  👑 knowledge: base=0.51 × top=0.51 = 0.2601 [hard_votes=1]
  · celebration: base=0.375 × top=0.375 = 0.1406 [hard_votes=0]
  · default: base=0.306 × top=0.306 = 0.0936 [hard_votes=0]
  · survival: base=0.212 × top=0.212 = 0.0452 [hard_votes=0]
=========================================

Brain > 👁  Arousal set to 0.3. Eye system updated.

Brain > --> Scanning specimens & looking for dialectical relations...
[ORCHESTRATOR] 🎯 Lobe Curve (base × top = score):
  👑 comfort: base=0.535 × top=0.535 = 0.2867 [hard_votes=2]
[ENGINE] 💧 Node node_41 softened (strength=4.0 < 9.0) — NONJITTER tag removed, jitter resumed.
--> 2 valid votes passed gate... compiling JIT superposition...

🤖 AIML Output Scaffold:
[Grug shelter you] fear is shadow of thing not thing itself.
--- DEBUG TELEMETRY (orchestration internals, not for speech) ---
Mission: 'i feel scared and alone'
Primary Action: fear is shadow of thing not thing itself  (conf=0.53, certainty=SURE)
Sure Actions: [fear is shadow of thing not thing itself]
Unsure Actions (Coinflip Side-Features): [None]
Constraints: [abandon, ignore, mock, real, solid, equal, shallow, panic, race, alone, scattered, weak, fearless, frozen, paralyzed]
Winning Node: node_41
Lobe Context: [comfort (7/7 active (good job | worried | scared))]
User Triples: None
Node Triples: None
Anti-Match Detected: false
AIML Memory Bank:
Deep Memory (Pinned): [User_Pinned]: Grug speak plain. Grug not pretend smart. | [User_Pinned]: Many rocks compete. Loudest rock get to talk. | [User_Pinned]: Grug listen first, talk second. | [User_Pinned]: Grug speak plain. Grug not pretend smart. | [User_Pinned]: Many rocks compete. Loudest rock get to talk. | [User_Pinned]: Grug listen first, talk second. | [User_Pinned]: Tribe stronger than lone hunter. | [User_Pinned]: Hot rock burn. Soft skin remember.
Fresh Memory [threshold=0.38 eligible=5] (Recent): [System]: Mission "warning predator at the edge" → primary=alert conf=0.56 node=node_58 (intensity=0.42)
Memory-Pull Policy: pull_fresh=true — winning node(s) requested context: node_41
Lobe Curve (base × top = score):
  👑 comfort: base=0.535 × top=0.535 = 0.2867 [hard_votes=2]
=========================================

Brain > --> Scanning specimens & looking for dialectical relations...
[ORCHESTRATOR] 🎯 Lobe Curve (base × top = score):
  👑 comfort: base=0.51 × top=0.51 = 0.2601 [hard_votes=1]
  · identity: base=0.51 × top=0.51 = 0.2596 [hard_votes=1]
  · core_rules: base=0.281 × top=0.281 = 0.0788 [hard_votes=0]
--> 1 valid votes passed gate... compiling JIT superposition...

🤖 AIML Output Scaffold:
[Grug listen to feeling] Let me think with you. Do not mend and validate.. Pinned note: Tribe stronger than lone hunter.
--- DEBUG TELEMETRY (orchestration internals, not for speech) ---
Mission: 'i feel angry at the tribe'
Primary Action: acknowledge  (conf=0.51, certainty=SURE)
Sure Actions: [acknowledge]
Unsure Actions (Coinflip Side-Features): [None]
Constraints: [None]
Winning Node: node_15
Lobe Context: [comfort (7/7 active (good job | worried | scared))]
User Triples: None
Node Triples: None
Anti-Match Detected: false
AIML Memory Bank:
Deep Memory (Pinned): [User_Pinned]: Grug speak plain. Grug not pretend smart. | [User_Pinned]: Many rocks compete. Loudest rock get to talk. | [User_Pinned]: Grug listen first, talk second. | [User_Pinned]: Grug speak plain. Grug not pretend smart. | [User_Pinned]: Many rocks compete. Loudest rock get to talk. | [User_Pinned]: Grug listen first, talk second. | [User_Pinned]: Tribe stronger than lone hunter. | [User_Pinned]: Hot rock burn. Soft skin remember.
Fresh Memory [threshold=0.38 eligible=6] (Recent): [User]: i feel angry at the tribe (intensity=1.3)
Memory-Pull Policy: pull_fresh=false — SURE vote (conf=0.51) and no winning node requested context — fresh memory withheld
Lobe Curve (base × top = score):
  👑 comfort: base=0.51 × top=0.51 = 0.2601 [hard_votes=1]
  · identity: base=0.51 × top=0.51 = 0.2596 [hard_votes=1]
  · core_rules: base=0.281 × top=0.281 = 0.0788 [hard_votes=0]
=========================================

Brain > --> Scanning specimens & looking for dialectical relations...
[ORCHESTRATOR] 🎯 Lobe Curve (base × top = score):
  👑 core_rules: base=0.321 × top=0.404 = 0.1631 [hard_votes=0]
  · default: base=0.242 × top=0.242 = 0.0587 [hard_votes=0]
--> 2 valid votes passed gate... compiling JIT superposition...

🤖 AIML Output Scaffold:
[Grug pin: protect tribe] when in doubt grug choose protect. Pinned note: Grug speak plain. Grug not pretend smart.
--- DEBUG TELEMETRY (orchestration internals, not for speech) ---
Mission: 'you never listen to grug'
Primary Action: when in doubt grug choose protect  (conf=0.4, certainty=SURE)
Sure Actions: [when in doubt grug choose protect]
Unsure Actions (Coinflip Side-Features): [None]
Constraints: [careless, harmful, cold, clever-first, vain, harm, risk-tribe, gamble, comply, harm-on-request, follow-blind, indifferent]
Winning Node: node_71
Lobe Context: [core_rules (4/4 active (speak plain | not pretend | never harm tribe))]
User Triples: None
Node Triples: (grug, protects, tribe)
Anti-Match Detected: false
AIML Memory Bank:
Deep Memory (Pinned): [User_Pinned]: Grug speak plain. Grug not pretend smart. | [User_Pinned]: Many rocks compete. Loudest rock get to talk. | [User_Pinned]: Grug listen first, talk second. | [User_Pinned]: Grug speak plain. Grug not pretend smart. | [User_Pinned]: Many rocks compete. Loudest rock get to talk. | [User_Pinned]: Grug listen first, talk second. | [User_Pinned]: Tribe stronger than lone hunter. | [User_Pinned]: Hot rock burn. Soft skin remember.
Fresh Memory [threshold=0.38 eligible=5] (Recent): [System]: Mission "i feel angry at the tribe" → primary=acknowledge conf=0.51 node=node_15 (intensity=0.63)
Memory-Pull Policy: pull_fresh=true — primary confidence=0.4 < trust floor 0.45
Lobe Curve (base × top = score):
  👑 core_rules: base=0.321 × top=0.404 = 0.1631 [hard_votes=0]
  · default: base=0.242 × top=0.242 = 0.0587 [hard_votes=0]
=========================================

Brain > --> Scanning specimens & looking for dialectical relations...
--> No valid specimens found for this input. Cave is silent.

Brain > --> Scanning specimens & looking for dialectical relations...
--> No valid specimens found for this input. Cave is silent.

Brain > --> Scanning specimens & looking for dialectical relations...
[ORCHESTRATOR] 🎯 Lobe Curve (base × top = score):
  👑 comfort: base=0.422 × top=0.422 = 0.1778 [hard_votes=0]
--> 1 valid votes passed gate... compiling JIT superposition...

🤖 AIML Output Scaffold:
[Grug receive thanks] Let me think with you. thank you.
--- DEBUG TELEMETRY (orchestration internals, not for speech) ---
Mission: 'thank you for teaching me'
Primary Action: welcome  (conf=0.42, certainty=SURE)
Sure Actions: [welcome]
Unsure Actions (Coinflip Side-Features): [None]
Constraints: [None]
Winning Node: node_43
Lobe Context: [comfort (7/7 active (good job | worried | scared))]
User Triples: None
Node Triples: None
Anti-Match Detected: false
AIML Memory Bank:
Deep Memory (Pinned): [User_Pinned]: Grug speak plain. Grug not pretend smart. | [User_Pinned]: Many rocks compete. Loudest rock get to talk. | [User_Pinned]: Grug listen first, talk second. | [User_Pinned]: Grug speak plain. Grug not pretend smart. | [User_Pinned]: Many rocks compete. Loudest rock get to talk. | [User_Pinned]: Grug listen first, talk second. | [User_Pinned]: Tribe stronger than lone hunter. | [User_Pinned]: Hot rock burn. Soft skin remember.
Fresh Memory [threshold=0.38 eligible=9] (Recent): [User]: you never listen to grug (intensity=0.95) | [User]: thank you for teaching me (intensity=1.27)
Memory-Pull Policy: pull_fresh=true — primary confidence=0.42 < trust floor 0.45
Lobe Curve (base × top = score):
  👑 comfort: base=0.422 × top=0.422 = 0.1778 [hard_votes=0]
=========================================

Brain > --> Scanning specimens & looking for dialectical relations...
[ENGINE] ⚡  Attachment relay: 'node_7' fired via target 'node_6' (conf=0.526, connector="why think")
[ENGINE] 🔗  Attachment relay pass added 1 node(s) to expanded set.
[ORCHESTRATOR] 🎯 Lobe Curve (base × top = score):
  👑 reasoning: base=0.404 × top=0.465 = 0.2766 [hard_votes=1]
  · nature: base=0.503 × top=0.503 = 0.2528 [hard_votes=1]
  · explanation: base=0.382 × top=0.454 = 0.2057 [hard_votes=0]
--> 3 valid votes passed gate... compiling JIT superposition...

🤖 AIML Output Scaffold:
[Grug seek cause] Here is the picture: Trace from product to source..
--- DEBUG TELEMETRY (orchestration internals, not for speech) ---
Mission: 'tell me again about the river'
Primary Action: reason  (conf=0.53, certainty=SURE)
Sure Actions: [reason]
Unsure Actions (Coinflip Side-Features): [None]
Constraints: [None]
Winning Node: node_7
Lobe Context: [reasoning (7/7 active (why | calculate | how does))]
User Triples: None
Node Triples: (node_6, relay_attached, why think)
Anti-Match Detected: false
AIML Memory Bank:
Deep Memory (Pinned): [User_Pinned]: Grug speak plain. Grug not pretend smart. | [User_Pinned]: Many rocks compete. Loudest rock get to talk. | [User_Pinned]: Grug listen first, talk second. | [User_Pinned]: Grug speak plain. Grug not pretend smart. | [User_Pinned]: Many rocks compete. Loudest rock get to talk. | [User_Pinned]: Grug listen first, talk second. | [User_Pinned]: Tribe stronger than lone hunter. | [User_Pinned]: Hot rock burn. Soft skin remember.
Fresh Memory [threshold=0.38 eligible=8] (Recent): [User]: tell me again about the river (intensity=1.27)
Memory-Pull Policy: pull_fresh=false — SURE vote (conf=0.53) and no winning node requested context — fresh memory withheld
Lobe Curve (base × top = score):
  👑 reasoning: base=0.404 × top=0.465 = 0.2766 [hard_votes=1]
  · nature: base=0.503 × top=0.503 = 0.2528 [hard_votes=1]
  · explanation: base=0.382 × top=0.454 = 0.2057 [hard_votes=0]
=========================================

Brain > --> Scanning specimens & looking for dialectical relations...
[ORCHESTRATOR] 🎯 Lobe Curve (base × top = score):
  👑 explanation: base=0.673 × top=0.878 = 0.771 [hard_votes=1]
  · default: base=0.527 × top=0.527 = 0.2776 [hard_votes=1]
  · knowledge: base=0.467 × top=0.468 = 0.2186 [hard_votes=0]
  · nature: base=0.468 × top=0.468 = 0.2186 [hard_votes=0]
  · celebration: base=0.297 × top=0.297 = 0.0883 [hard_votes=0]
  · planning: base=0.294 × top=0.294 = 0.0862 [hard_votes=0]
  · identity: base=0.212 × top=0.212 = 0.0452 [hard_votes=0]
  · survival: base=0.17 × top=0.17 = 0.0289 [hard_votes=0]
--> 2 valid votes passed gate... compiling JIT superposition...

🤖 AIML Output Scaffold:
[Grug explain plain] Here is the picture: No massive words..
--- DEBUG TELEMETRY (orchestration internals, not for speech) ---
Mission: 'what is fire what is water what is sky'
Primary Action: describe  (conf=0.88, certainty=SURE)
Sure Actions: [describe]
Unsure Actions (Coinflip Side-Features): [grug peel layer until heart show]
Constraints: [None]
Winning Node: node_12
Lobe Context: [explanation (7/7 active (define | what is | define))]
User Triples: (what, is, fire), (what, is, water), (what, is, sky)
Node Triples: None
Anti-Match Detected: false
Other Possibilities (strong but not winners):
  🔸 node_36 | action=grug peel layer until heart show | conf=0.47 | relations=None
AIML Memory Bank:
Deep Memory (Pinned): [User_Pinned]: Grug speak plain. Grug not pretend smart. | [User_Pinned]: Many rocks compete. Loudest rock get to talk. | [User_Pinned]: Grug listen first, talk second. | [User_Pinned]: Grug speak plain. Grug not pretend smart. | [User_Pinned]: Many rocks compete. Loudest rock get to talk. | [User_Pinned]: Grug listen first, talk second. | [User_Pinned]: Tribe stronger than lone hunter. | [User_Pinned]: Hot rock burn. Soft skin remember.
Fresh Memory [threshold=0.38 eligible=6] (Recent): No recent sounds
Memory-Pull Policy: pull_fresh=false — SURE vote (conf=0.88) and no winning node requested context — fresh memory withheld
Lobe Curve (base × top = score):
  👑 explanation: base=0.673 × top=0.878 = 0.771 [hard_votes=1]
  · default: base=0.527 × top=0.527 = 0.2776 [hard_votes=1]
  · knowledge: base=0.467 × top=0.468 = 0.2186 [hard_votes=0]
  · nature: base=0.468 × top=0.468 = 0.2186 [hard_votes=0]
  · celebration: base=0.297 × top=0.297 = 0.0883 [hard_votes=0]
  · planning: base=0.294 × top=0.294 = 0.0862 [hard_votes=0]
  · identity: base=0.212 × top=0.212 = 0.0452 [hard_votes=0]
  · survival: base=0.17 × top=0.17 = 0.0289 [hard_votes=0]
=========================================

Brain > --> Scanning specimens & looking for dialectical relations...
--> No valid specimens found for this input. Cave is silent.

Brain > --> Scanning specimens & looking for dialectical relations...
[ORCHESTRATOR] 🎯 Lobe Curve (base × top = score):
  👑 default: base=6.504 × top=6.504 = 42.3063 [hard_votes=1]
  · celebration: base=0.489 × top=0.489 = 0.2388 [hard_votes=0]
  · knowledge: base=0.228 × top=0.44 = 0.1934 [hard_votes=0]
  · survival: base=-0.089 × top=0.142 = 0.0201 [hard_votes=0]
--> 1 valid votes passed gate... compiling JIT superposition...

🤖 AIML Output Scaffold:
[Causal relational analysis active] grug hits rock and makes fire. The link is clear: grug hits rock. Pinned note: Grug speak plain. Grug not pretend smart.
--- DEBUG TELEMETRY (orchestration internals, not for speech) ---
Mission: 'grug hits rock and makes fire'
Primary Action: ponder  (conf=6.5, certainty=SURE)
Sure Actions: [ponder]
Unsure Actions (Coinflip Side-Features): [None]
Constraints: [dont panic]
Winning Node: node_2
Lobe Context: [default (3/3 active (hello hi greeting mornin | think ponder reason calculate | grug hits rock and makes fire))]
User Triples: (grug, hits, rock), (and, makes, fire)
Node Triples: (grug, hits, rock), (and, makes, fire)
Anti-Match Detected: false
AIML Memory Bank:
Deep Memory (Pinned): [User_Pinned]: Grug speak plain. Grug not pretend smart. | [User_Pinned]: Many rocks compete. Loudest rock get to talk. | [User_Pinned]: Grug listen first, talk second. | [User_Pinned]: Grug speak plain. Grug not pretend smart. | [User_Pinned]: Many rocks compete. Loudest rock get to talk. | [User_Pinned]: Grug listen first, talk second. | [User_Pinned]: Tribe stronger than lone hunter. | [User_Pinned]: Hot rock burn. Soft skin remember.
Fresh Memory [threshold=0.38 eligible=6] (Recent): [User]: grug hits rock and makes fire (intensity=1.67)
Memory-Pull Policy: pull_fresh=false — SURE vote (conf=6.5) and no winning node requested context — fresh memory withheld
Lobe Curve (base × top = score):
  👑 default: base=6.504 × top=6.504 = 42.3063 [hard_votes=1]
  · celebration: base=0.489 × top=0.489 = 0.2388 [hard_votes=0]
  · knowledge: base=0.228 × top=0.44 = 0.1934 [hard_votes=0]
  · survival: base=-0.089 × top=0.142 = 0.0201 [hard_votes=0]
=========================================

Brain > --> Scanning specimens & looking for dialectical relations...
[ORCHESTRATOR] 🎯 Lobe Curve (base × top = score):
  👑 knowledge: base=0.55 × top=0.55 = 0.3025 [hard_votes=1]
  · default: base=0.33 × top=0.33 = 0.1089 [hard_votes=0]
--> 1 valid votes passed gate... compiling JIT superposition...

🤖 AIML Output Scaffold:
[Grug know rock] miniature rock big rock all rock from one rock. The link is clear: rock sleeps mountain. Pinned note: Grug speak plain. Grug not pretend smart.
--- DEBUG TELEMETRY (orchestration internals, not for speech) ---
Mission: 'rock hits grug and grug yells'
Primary Action: small rock big rock all rock from one rock  (conf=0.55, certainty=SURE)
Sure Actions: [small rock big rock all rock from one rock]
Unsure Actions (Coinflip Side-Features): [None]
Constraints: [restless, soft, fast, shatter, weak, hollow, different, separate, alien, forgets, leaks, loud, awake, screaming, firm, slow, harmless, idle, plant, recent, organic, finished, water, moving, alive]
Winning Node: node_26
Lobe Context: [knowledge (5/5 active (water | wolf | fire))]
User Triples: (rock, hits, grug)
Node Triples: (rock, builds, wall), (rock, breaks, wood), (rock, sleeps, mountain)
Anti-Match Detected: false
AIML Memory Bank:
Deep Memory (Pinned): [User_Pinned]: Grug speak plain. Grug not pretend smart. | [User_Pinned]: Many rocks compete. Loudest rock get to talk. | [User_Pinned]: Grug listen first, talk second. | [User_Pinned]: Grug speak plain. Grug not pretend smart. | [User_Pinned]: Many rocks compete. Loudest rock get to talk. | [User_Pinned]: Grug listen first, talk second. | [User_Pinned]: Tribe stronger than lone hunter. | [User_Pinned]: Hot rock burn. Soft skin remember.
Fresh Memory [threshold=0.38 eligible=6] (Recent): [User]: grug hits rock and makes fire (intensity=1.47)
Memory-Pull Policy: pull_fresh=false — SURE vote (conf=0.55) and no winning node requested context — fresh memory withheld
Lobe Curve (base × top = score):
  👑 knowledge: base=0.55 × top=0.55 = 0.3025 [hard_votes=1]
  · default: base=0.33 × top=0.33 = 0.1089 [hard_votes=0]
=========================================

Brain > --> Scanning specimens & looking for dialectical relations...
[ORCHESTRATOR] 🎯 Lobe Curve (base × top = score):
  👑 identity: base=0.386 × top=0.386 = 0.1487 [hard_votes=0]
  · planning: base=0.339 × top=0.339 = 0.1148 [hard_votes=0]
[ENGINE] 💧 Node node_64 softened (strength=5.0 < 9.0) — NONJITTER tag removed, jitter resumed.
--> 1 valid votes passed gate... compiling JIT superposition...

🤖 AIML Output Scaffold:
[Grug know cave] cave is shape stone agree to hand tribe. The link is clear: cave holds fire.
--- DEBUG TELEMETRY (orchestration internals, not for speech) ---
Mission: 'the cave is dark and cold'
Primary Action: cave is shape stone agree to give tribe  (conf=0.39, certainty=SURE)
Sure Actions: [cave is shape stone agree to give tribe]
Unsure Actions (Coinflip Side-Features): [None]
Constraints: [exposed, wet, cold, open, scattered, raw, forgotten, smooth, brief, empty, anonymous, new, refused, hostile, indifferent]
Winning Node: node_64
Lobe Context: [identity (6/6 active (the cave | the tribe | who are you))]
User Triples: (cave, is, dark)
Node Triples: (cave, shelters, tribe), (cave, holds, fire)
Anti-Match Detected: false
AIML Memory Bank:
Deep Memory (Pinned): [User_Pinned]: Grug speak plain. Grug not pretend smart. | [User_Pinned]: Many rocks compete. Loudest rock get to talk. | [User_Pinned]: Grug listen first, talk second. | [User_Pinned]: Grug speak plain. Grug not pretend smart. | [User_Pinned]: Many rocks compete. Loudest rock get to talk. | [User_Pinned]: Grug listen first, talk second. | [User_Pinned]: Tribe stronger than lone hunter. | [User_Pinned]: Hot rock burn. Soft skin remember.
Fresh Memory [threshold=0.38 eligible=6] (Recent): [User]: rock hits grug and grug yells (intensity=1.19) | [System]: Mission "rock hits grug and grug yells" → primary=small rock big rock all rock from one rock conf=0.55 node=node_26 (intensity=0.68) | [User]: the cave is dark and cold (intensity=1.68)
Memory-Pull Policy: pull_fresh=true — primary confidence=0.39 < trust floor 0.45
Lobe Curve (base × top = score):
  👑 identity: base=0.386 × top=0.386 = 0.1487 [hard_votes=0]
  · planning: base=0.339 × top=0.339 = 0.1148 [hard_votes=0]
=========================================

Brain > --> Scanning specimens & looking for dialectical relations...
[ORCHESTRATOR] 🎯 Lobe Curve (base × top = score):
  👑 knowledge: base=0.599 × top=0.599 = 0.3583 [hard_votes=1]
--> 1 valid votes passed gate... compiling JIT superposition...

🤖 AIML Output Scaffold:
[Grug know wolf] Let me think with you. what is wolf if not hunger with shape and song. The link is clear: wolf fears fire.
--- DEBUG TELEMETRY (orchestration internals, not for speech) ---
Mission: 'the wolf howls in the night'
Primary Action: what is wolf if not hunger with shape and song  (conf=0.6, certainty=SURE)
Sure Actions: [what is wolf if not hunger with shape and song]
Unsure Actions (Coinflip Side-Features): [None]
Constraints: [soft, plant, blind, alone, scattered, ignore, brave, silent, same, kin, friend, loud, far, gentle, sated, dull, weary, dawn, comfort, impatient, lazy, different, same-litter, shared, full, weak]
Winning Node: node_25
Lobe Context: [knowledge (5/5 active (water | wolf | fire))]
User Triples: None
Node Triples: (wolf, hunts, prey), (wolf, fears, fire), (wolf, listens, pack)
Anti-Match Detected: false
AIML Memory Bank:
Deep Memory (Pinned): [User_Pinned]: Grug speak plain. Grug not pretend smart. | [User_Pinned]: Many rocks compete. Loudest rock get to talk. | [User_Pinned]: Grug listen first, talk second. | [User_Pinned]: Grug speak plain. Grug not pretend smart. | [User_Pinned]: Many rocks compete. Loudest rock get to talk. | [User_Pinned]: Grug listen first, talk second. | [User_Pinned]: Tribe stronger than lone hunter. | [User_Pinned]: Hot rock burn. Soft skin remember.
Fresh Memory [threshold=0.38 eligible=7] (Recent): [System]: Mission "rock hits grug and grug yells" → primary=small rock big rock all rock from one rock conf=0.55 node=node_26 (intensity=0.45)
Memory-Pull Policy: pull_fresh=false — SURE vote (conf=0.6) and no winning node requested context — fresh memory withheld
Lobe Curve (base × top = score):
  👑 knowledge: base=0.599 × top=0.599 = 0.3583 [hard_votes=1]
=========================================

Brain > --> Scanning specimens & looking for dialectical relations...
[ENGINE] ⚡  Attachment relay: 'node_7' fired via target 'node_6' (conf=0.507, connector="why think")
[ENGINE] ⚡  Attachment relay: 'node_8' fired via target 'node_6' (conf=0.1, connector="think mechanism")
[ENGINE] 🔗  Attachment relay pass added 2 node(s) to expanded set.
[ORCHESTRATOR] 🎯 Lobe Curve (base × top = score):
  👑 inquiry: base=0.517 × top=0.517 = 0.2671 [hard_votes=1]
  · reasoning: base=0.264 × top=0.366 = 0.2572 [hard_votes=1]
--> 1 valid votes passed gate... compiling JIT superposition...

🤖 AIML Output Scaffold:
[Grug check memory] grug carry many small stones in head.
--- DEBUG TELEMETRY (orchestration internals, not for speech) ---
Mission: 'do you know about the stars'
Primary Action: grug carry many small stones in head  (conf=0.52, certainty=SURE)
Sure Actions: [grug carry many small stones in head]
Unsure Actions (Coinflip Side-Features): [None]
Constraints: [empty, lost, certain, know-all, lie, refuse, permanent, complete, hidden, bluff, claim-all, hide]
Winning Node: node_46
Lobe Context: [inquiry (3/3 active (can you | how do you | do you know))]
User Triples: None
Node Triples: None
Anti-Match Detected: false
AIML Memory Bank:
Deep Memory (Pinned): [User_Pinned]: Grug speak plain. Grug not pretend smart. | [User_Pinned]: Many rocks compete. Loudest rock get to talk. | [User_Pinned]: Grug listen first, talk second. | [User_Pinned]: Grug speak plain. Grug not pretend smart. | [User_Pinned]: Many rocks compete. Loudest rock get to talk. | [User_Pinned]: Grug listen first, talk second. | [User_Pinned]: Tribe stronger than lone hunter. | [User_Pinned]: Hot rock burn. Soft skin remember.
Fresh Memory [threshold=0.38 eligible=7] (Recent): [User]: grug hits rock and makes fire (intensity=0.41) | [User]: rock hits grug and grug yells (intensity=0.52) | [System]: Mission "the cave is dark and cold" → primary=cave is shape stone agree to give tribe conf=0.39 node=node_64 (intensity=0.47) | [User]: do you know about the stars (intensity=1.29)
Memory-Pull Policy: pull_fresh=true — winning node(s) requested context: node_46
Lobe Curve (base × top = score):
  👑 inquiry: base=0.517 × top=0.517 = 0.2671 [hard_votes=1]
  · reasoning: base=0.264 × top=0.366 = 0.2572 [hard_votes=1]
=========================================

Brain > --> Scanning specimens & looking for dialectical relations...
[ORCHESTRATOR] 🎯 Lobe Curve (base × top = score):
  👑 inquiry: base=0.466 × top=0.466 = 0.2176 [hard_votes=0]
  · reasoning: base=0.263 × top=0.265 = 0.0701 [hard_votes=0]
--> 1 valid votes passed gate... compiling JIT superposition...

🤖 AIML Output Scaffold:
[Grug offer] Let me think with you. hand offered is deliver received.
--- DEBUG TELEMETRY (orchestration internals, not for speech) ---
Mission: 'can you teach me about hunting'
Primary Action: hand offered is hand received  (conf=0.47, certainty=SURE)
Sure Actions: [hand offered is hand received]
Unsure Actions (Coinflip Side-Features): [None]
Constraints: [promise, refuse, brag, hoard, alone, withdraw, reject, cold]
Winning Node: node_45
Lobe Context: [inquiry (3/3 active (can you | how do you | do you know))]
User Triples: None
Node Triples: None
Anti-Match Detected: false
AIML Memory Bank:
Deep Memory (Pinned): [User_Pinned]: Grug speak plain. Grug not pretend smart. | [User_Pinned]: Many rocks compete. Loudest rock get to talk. | [User_Pinned]: Grug listen first, talk second. | [User_Pinned]: Grug speak plain. Grug not pretend smart. | [User_Pinned]: Many rocks compete. Loudest rock get to talk. | [User_Pinned]: Grug listen first, talk second. | [User_Pinned]: Tribe stronger than lone hunter. | [User_Pinned]: Hot rock burn. Soft skin remember.
Fresh Memory [threshold=0.38 eligible=6] (Recent): [User]: do you know about the stars (intensity=0.98)
Memory-Pull Policy: pull_fresh=false — SURE vote (conf=0.47) and no winning node requested context — fresh memory withheld
Lobe Curve (base × top = score):
  👑 inquiry: base=0.466 × top=0.466 = 0.2176 [hard_votes=0]
  · reasoning: base=0.263 × top=0.265 = 0.0701 [hard_votes=0]
=========================================

Brain > --> Scanning specimens & looking for dialectical relations...
[ORCHESTRATOR] 🎯 Lobe Curve (base × top = score):
  👑 planning: base=0.376 × top=0.376 = 0.1413 [hard_votes=0]
--> 1 valid votes passed gate... compiling JIT superposition...

🤖 AIML Output Scaffold:
[Grug weigh path] best plan flex when wind change.
--- DEBUG TELEMETRY (orchestration internals, not for speech) ---
Mission: 'should we sleep now'
Primary Action: best plan flex when wind change  (conf=0.38, certainty=SURE)
Sure Actions: [best plan flex when wind change]
Unsure Actions (Coinflip Side-Features): [None]
Constraints: [reckless, blind, costly, selfish, random, late, urgent, hungry, cold, rigid, brittle, fixed]
Winning Node: node_47
Lobe Context: [planning (3/3 active (what should we | build cave | hunt tomorrow))]
User Triples: None
Node Triples: None
Anti-Match Detected: false
AIML Memory Bank:
Deep Memory (Pinned): [User_Pinned]: Grug speak plain. Grug not pretend smart. | [User_Pinned]: Many rocks compete. Loudest rock get to talk. | [User_Pinned]: Grug listen first, talk second. | [User_Pinned]: Grug speak plain. Grug not pretend smart. | [User_Pinned]: Many rocks compete. Loudest rock get to talk. | [User_Pinned]: Grug listen first, talk second. | [User_Pinned]: Tribe stronger than lone hunter. | [User_Pinned]: Hot rock burn. Soft skin remember.
Fresh Memory [threshold=0.38 eligible=6] (Recent): [User]: do you know about the stars (intensity=0.62) | [User]: can you teach me about hunting (intensity=0.81)
Memory-Pull Policy: pull_fresh=true — winning node(s) requested context: node_47
Lobe Curve (base × top = score):
  👑 planning: base=0.376 × top=0.376 = 0.1413 [hard_votes=0]
=========================================

Brain > --> Scanning specimens & looking for dialectical relations...
[ORCHESTRATOR] 🎯 Lobe Curve (base × top = score):
  👑 planning: base=0.306 × top=0.306 = 0.0939 [hard_votes=0]
  · greeting: base=0.228 × top=0.228 = 0.0521 [hard_votes=0]
--> 1 valid votes passed gate... compiling JIT superposition...

🤖 AIML Output Scaffold:
[Grug plan hunt] Let me think with you. wind tell prey where hunter is so hunter ask wind first.
--- DEBUG TELEMETRY (orchestration internals, not for speech) ---
Mission: 'plan the morning hunt'
Primary Action: wind tell prey where hunter is so hunter ask wind first  (conf=0.31, certainty=SURE)
Sure Actions: [wind tell prey where hunter is so hunter ask wind first]
Unsure Actions (Coinflip Side-Features): [None]
Constraints: [rush, blind, late, dull, idle, unprepared, chaos, alone, scattered, ignore-wind, downwind, loud, restless, weak, slow, silent, last-moment, rigid, brittle, solo, noisy]
Winning Node: node_48
Lobe Context: [planning (3/3 active (what should we | build cave | hunt tomorrow))]
User Triples: None
Node Triples: None
Anti-Match Detected: false
AIML Memory Bank:
Deep Memory (Pinned): [User_Pinned]: Grug speak plain. Grug not pretend smart. | [User_Pinned]: Many rocks compete. Loudest rock get to talk. | [User_Pinned]: Grug listen first, talk second. | [User_Pinned]: Grug speak plain. Grug not pretend smart. | [User_Pinned]: Many rocks compete. Loudest rock get to talk. | [User_Pinned]: Grug listen first, talk second. | [User_Pinned]: Tribe stronger than lone hunter. | [User_Pinned]: Hot rock burn. Soft skin remember.
Fresh Memory [threshold=0.38 eligible=6] (Recent): [User]: do you know about the stars (intensity=0.48) | [User]: should we sleep now (intensity=0.84) | [System]: Mission "should we sleep now" → primary=best plan flex when wind change conf=0.38 node=node_47 (intensity=0.69)
Memory-Pull Policy: pull_fresh=true — primary confidence=0.31 < trust floor 0.45
Lobe Curve (base × top = score):
  👑 planning: base=0.306 × top=0.306 = 0.0939 [hard_votes=0]
  · greeting: base=0.228 × top=0.228 = 0.0521 [hard_votes=0]
=========================================

Brain > --> Scanning specimens & looking for dialectical relations...
--> No valid specimens found for this input. Cave is silent.

Brain > --> Scanning specimens & looking for dialectical relations...
--> No valid specimens found for this input. Cave is silent.

Brain > 👁  Arousal set to 0.5. Eye system updated.

Brain > --> Scanning specimens & looking for dialectical relations...
[ORCHESTRATOR] 🎯 Lobe Curve (base × top = score):
  👑 nature: base=0.436 × top=0.436 = 0.1904 [hard_votes=0]
  · explanation: base=0.298 × top=0.352 = 0.124 [hard_votes=0]
  · reasoning: base=0.125 × top=0.147 = 0.0216 [hard_votes=0]
--> 2 valid votes passed gate... compiling JIT superposition...

🤖 AIML Output Scaffold:
[Grug know river] Here is the picture: river carry boat carry fish carry song downstream. The link is clear: river carves valley.
--- DEBUG TELEMETRY (orchestration internals, not for speech) ---
Mission: 'tell me a story about the river bending past the old tree'
Primary Action: river carry boat carry fish carry song downstream  (conf=0.43, certainty=SURE)
Sure Actions: [river carry boat carry fish carry song downstream]
Unsure Actions (Coinflip Side-Features): [None]
Constraints: [lazy, brittle, dry, upstream, stuck, silent, straight, empty, fish-flee, deep-obvious, harmless, gentle, isolated, dead-end, source]
Winning Node: node_53
Lobe Context: [nature (3/3 active (tree | river | sky))]
User Triples: None
Node Triples: (river, feeds, fish), (river, carves, valley)
Anti-Match Detected: false
AIML Memory Bank:
Deep Memory (Pinned): [User_Pinned]: Grug speak plain. Grug not pretend smart. | [User_Pinned]: Many rocks compete. Loudest rock get to talk. | [User_Pinned]: Grug listen first, talk second. | [User_Pinned]: Grug speak plain. Grug not pretend smart. | [User_Pinned]: Many rocks compete. Loudest rock get to talk. | [User_Pinned]: Grug listen first, talk second. | [User_Pinned]: Tribe stronger than lone hunter. | [User_Pinned]: Hot rock burn. Soft skin remember.
Fresh Memory [threshold=0.38 eligible=10] (Recent): [System]: Mission "should we sleep now" → primary=best plan flex when wind change conf=0.38 node=node_47 (intensity=0.46) | [User]: plan the morning hunt (intensity=0.88) | [User]: tell me a story about the river bending past the old tree (intensity=1.32)
Memory-Pull Policy: pull_fresh=true — primary confidence=0.43 < trust floor 0.45
Lobe Curve (base × top = score):
  👑 nature: base=0.436 × top=0.436 = 0.1904 [hard_votes=0]
  · explanation: base=0.298 × top=0.352 = 0.124 [hard_votes=0]
  · reasoning: base=0.125 × top=0.147 = 0.0216 [hard_votes=0]
=========================================

Brain > --> Scanning specimens & looking for dialectical relations...
--> No valid specimens found for this input. Cave is silent.

Brain > --> Scanning specimens & looking for dialectical relations...
--> No valid specimens found for this input. Cave is silent.

Brain > --> Scanning specimens & looking for dialectical relations...
--> No valid specimens found for this input. Cave is silent.

Brain > --> Scanning specimens & looking for dialectical relations...
--> No valid specimens found for this input. Cave is silent.

Brain > [ENGINE] ✅ /right: contributors=1 rewarded=1 double_skip=0 coinflip_miss=0 grave_skip=0
✅ /right applied. 1 contributor(s) processed: 1 rewarded, 0 skipped (already gained), 0 missed coinflip.
   ↳ context intensity nudged up on 11 message(s) used last cycle.

Brain > --> Scanning specimens & looking for dialectical relations...
[ORCHESTRATOR] 🎯 Lobe Curve (base × top = score):
  👑 planning: base=0.183 × top=0.183 = 0.0335 [hard_votes=0]
--> 1 valid votes passed gate... compiling JIT superposition...

🤖 AIML Output Scaffold:
[Grug plan hunt] Let me think with you. sharp spear tonight keep tribe tomorrow.
--- DEBUG TELEMETRY (orchestration internals, not for speech) ---
Mission: 'perhaps tomorrow will be calmer'
Primary Action: sharp spear tonight save tribe tomorrow  (conf=0.18, certainty=SURE)
Sure Actions: [sharp spear tonight save tribe tomorrow]
Unsure Actions (Coinflip Side-Features): [None]
Constraints: [rush, blind, late, dull, idle, unprepared, chaos, alone, scattered, ignore-wind, downwind, loud, restless, weak, slow, silent, last-moment, rigid, brittle, solo, noisy]
Winning Node: node_48
Lobe Context: [planning (3/3 active (what should we | build cave | hunt tomorrow))]
User Triples: None
Node Triples: None
Anti-Match Detected: false
AIML Memory Bank:
Deep Memory (Pinned): [User_Pinned]: Grug speak plain. Grug not pretend smart. | [User_Pinned]: Many rocks compete. Loudest rock get to talk. | [User_Pinned]: Grug listen first, talk second. | [User_Pinned]: Grug speak plain. Grug not pretend smart. | [User_Pinned]: Many rocks compete. Loudest rock get to talk. | [User_Pinned]: Grug listen first, talk second. | [User_Pinned]: Tribe stronger than lone hunter. | [User_Pinned]: Hot rock burn. Soft skin remember.
Fresh Memory [threshold=0.56 eligible=9] (Recent): [User]: plan the morning hunt (intensity=0.91) | [User]: tell me a story about the river bending past the old tree (intensity=1.18) | [User]: this is broken (intensity=0.65) | [User]: perhaps tomorrow will be calmer (intensity=1.25)
Memory-Pull Policy: pull_fresh=true — primary confidence=0.18 < trust floor 0.45
Lobe Curve (base × top = score):
  👑 planning: base=0.183 × top=0.183 = 0.0335 [hard_votes=0]
=========================================

Brain > !!! SYSTEM ERROR: ErrorException("!!! FATAL: /decrystalize: node 'node_18' is not a member of lobe 'comfort'. Lobe members: [node_15, node_16, node_17, node_40, node_41, node_42, node_43]. !!!") !!!

Stacktrace:
 [1] error(s::String)
   @ Base ./error.jl:35
 [2] _assert_node_in_lobe(lobe_id::String, node_id::String, cmd::String)
   @ Main /workspace/grugbot420_repo/src/Main.jl:4599
 [3] run_cli()
   @ Main /workspace/grugbot420_repo/src/Main.jl:5737
 [4] top-level scope
   @ /workspace/grugbot420_repo/src/Main.jl:5758
 [5] include(mod::Module, _path::String)
   @ Base ./Base.jl:495
 [6] exec_options(opts::Base.JLOptions)
   @ Base ./client.jl:318
 [7] _start()
   @ Base ./client.jl:552

Brain > === ATTACHMENT MAP (3 targets with attachments) ===
  🎯 node_10 (1/4 attached):
      🔗 node_11 [ALIVE str=2.0] | base_conf=0.05 | connector="danger run"
  🎯 node_3 (2/4 attached):
      🔗 node_4 [GRAVE] | base_conf=0.383 | connector="morning hello"
      🔗 node_5 [GRAVE] | base_conf=0.05 | connector="casual hello"
  🎯 node_6 (2/4 attached):
      🔗 node_7 [ALIVE str=4.0] | base_conf=0.55 | connector="why think"
      🔗 node_8 [ALIVE str=4.0] | base_conf=0.05 | connector="think mechanism"

Brain > !!! SYSTEM ERROR: ErrorException("!!! FATAL: /nodeDetach: node 'node_33' is not a member of lobe 'planning'. Lobe members: [node_47, node_48, node_49]. !!!") !!!

Stacktrace:
 [1] error(s::String)
   @ Base ./error.jl:35
 [2] _assert_node_in_lobe(lobe_id::String, node_id::String, cmd::String)
   @ Main /workspace/grugbot420_repo/src/Main.jl:4599
 [3] run_cli()
   @ Main /workspace/grugbot420_repo/src/Main.jl:5614
 [4] top-level scope
   @ /workspace/grugbot420_repo/src/Main.jl:5758
 [5] include(mod::Module, _path::String)
   @ Base ./Base.jl:495
 [6] exec_options(opts::Base.JLOptions)
   @ Base ./client.jl:318
 [7] _start()
   @ Base ./client.jl:552

Brain > === ATTACHMENT MAP (3 targets with attachments) ===
  🎯 node_10 (1/4 attached):
      🔗 node_11 [ALIVE str=2.0] | base_conf=0.05 | connector="danger run"
  🎯 node_3 (2/4 attached):
      🔗 node_4 [GRAVE] | base_conf=0.383 | connector="morning hello"
      🔗 node_5 [GRAVE] | base_conf=0.05 | connector="casual hello"
  🎯 node_6 (2/4 attached):
      🔗 node_7 [ALIVE str=4.0] | base_conf=0.55 | connector="why think"
      🔗 node_8 [ALIVE str=4.0] | base_conf=0.05 | connector="think mechanism"

Brain > !!! SYSTEM ERROR: ErrorException("!!! FATAL: Grug command bad format. Use /help to see all valid commands. !!!") !!!

Stacktrace:
 [1] error(s::String)
   @ Base ./error.jl:35
 [2] run_cli()
   @ Main /workspace/grugbot420_repo/src/Main.jl:5744
 [3] top-level scope
   @ /workspace/grugbot420_repo/src/Main.jl:5758
 [4] include(mod::Module, _path::String)
   @ Base ./Base.jl:495
 [5] exec_options(opts::Base.JLOptions)
   @ Base ./client.jl:318
 [6] _start()
   @ Base ./client.jl:552

Brain > !!! SYSTEM ERROR: ErrorException("!!! FATAL: Grug command bad format. Use /help to see all valid commands. !!!") !!!

Stacktrace:
 [1] error(s::String)
   @ Base ./error.jl:35
 [2] run_cli()
   @ Main /workspace/grugbot420_repo/src/Main.jl:5744
 [3] top-level scope
   @ /workspace/grugbot420_repo/src/Main.jl:5758
 [4] include(mod::Module, _path::String)
   @ Base ./Base.jl:495
 [5] exec_options(opts::Base.JLOptions)
   @ Base ./client.jl:318
 [6] _start()
   @ Base ./client.jl:552

Brain > !!! SYSTEM ERROR: ErrorException("!!! FATAL: Grug command bad format. Use /help to see all valid commands. !!!") !!!

Stacktrace:
 [1] error(s::String)
   @ Base ./error.jl:35
 [2] run_cli()
   @ Main /workspace/grugbot420_repo/src/Main.jl:5744
 [3] top-level scope
   @ /workspace/grugbot420_repo/src/Main.jl:5758
 [4] include(mod::Module, _path::String)
   @ Base ./Base.jl:495
 [5] exec_options(opts::Base.JLOptions)
   @ Base ./client.jl:318
 [6] _start()
   @ Base ./client.jl:552

Brain > !!! SYSTEM ERROR: ErrorException("!!! FATAL: Grug command bad format. Use /help to see all valid commands. !!!") !!!

Stacktrace:
 [1] error(s::String)
   @ Base ./error.jl:35
 [2] run_cli()
   @ Main /workspace/grugbot420_repo/src/Main.jl:5744
 [3] top-level scope
   @ /workspace/grugbot420_repo/src/Main.jl:5758
 [4] include(mod::Module, _path::String)
   @ Base ./Base.jl:495
 [5] exec_options(opts::Base.JLOptions)
   @ Base ./client.jl:318
 [6] _start()
   @ Base ./client.jl:552

Brain > --> Scanning specimens & looking for dialectical relations...
[ORCHESTRATOR] 🎯 Lobe Curve (base × top = score):
  👑 identity: base=2.562 × top=2.562 = 6.5648 [hard_votes=1]
[ENGINE] 💧 Node node_62 softened (strength=5.0 < 9.0) — NONJITTER tag removed, jitter resumed.
--> 1 valid votes passed gate... compiling JIT superposition...

🤖 AIML Output Scaffold:
[Grug introduce] Here is the picture: grug is grug grug is here grug listen. The link is clear: who are you.
--- DEBUG TELEMETRY (orchestration internals, not for speech) ---
Mission: 'who are you'
Primary Action: grug is grug grug is here grug listen  (conf=2.56, certainty=SURE)
Sure Actions: [grug is grug grug is here grug listen]
Unsure Actions (Coinflip Side-Features): [None]
Constraints: [stranger, distant, distracted, loud, recent, palace, fast, fancy, forgetful, isolated, alien, boss, owner, ruler, silent, deaf, refuse]
Winning Node: node_62
Lobe Context: [identity (6/6 active (the cave | the tribe | who are you))]
User Triples: (who, are, you)
Node Triples: (who, are, you), (grug, is, helper), (grug, listens, tribe)
Anti-Match Detected: false
AIML Memory Bank:
Deep Memory (Pinned): [User_Pinned]: Grug speak plain. Grug not pretend smart. | [User_Pinned]: Many rocks compete. Loudest rock get to talk. | [User_Pinned]: Grug listen first, talk second. | [User_Pinned]: Grug speak plain. Grug not pretend smart. | [User_Pinned]: Many rocks compete. Loudest rock get to talk. | [User_Pinned]: Grug listen first, talk second. | [User_Pinned]: Tribe stronger than lone hunter. | [User_Pinned]: Hot rock burn. Soft skin remember.
Fresh Memory [threshold=0.56 eligible=5] (Recent): [User]: plan the morning hunt (intensity=0.59) | [User]: perhaps tomorrow will be calmer (intensity=0.8)
Memory-Pull Policy: pull_fresh=false — SURE vote (conf=2.56) and no winning node requested context — fresh memory withheld
Lobe Curve (base × top = score):
  👑 identity: base=2.562 × top=2.562 = 6.5648 [hard_votes=1]
=========================================

Brain > --> Scanning specimens & looking for dialectical relations...
[ORCHESTRATOR] 🎯 Lobe Curve (base × top = score):
  👑 identity: base=2.567 × top=2.567 = 6.5913 [hard_votes=1]
--> 1 valid votes passed gate... compiling JIT superposition...

🤖 AIML Output Scaffold:
[Grug introduce] Here is the picture: grug is helper not master. The link is clear: grug listens tribe.
--- DEBUG TELEMETRY (orchestration internals, not for speech) ---
Mission: 'who are you'
Primary Action: grug is helper not master  (conf=2.57, certainty=SURE)
Sure Actions: [grug is helper not master]
Unsure Actions (Coinflip Side-Features): [None]
Constraints: [stranger, distant, distracted, loud, recent, palace, fast, fancy, forgetful, isolated, alien, boss, owner, ruler, silent, deaf, refuse]
Winning Node: node_62
Lobe Context: [identity (6/6 active (the cave | the tribe | who are you))]
User Triples: (who, are, you)
Node Triples: (who, are, you), (grug, is, helper), (grug, listens, tribe)
Anti-Match Detected: false
AIML Memory Bank:
Deep Memory (Pinned): [User_Pinned]: Grug speak plain. Grug not pretend smart. | [User_Pinned]: Many rocks compete. Loudest rock get to talk. | [User_Pinned]: Grug listen first, talk second. | [User_Pinned]: Grug speak plain. Grug not pretend smart. | [User_Pinned]: Many rocks compete. Loudest rock get to talk. | [User_Pinned]: Grug listen first, talk second. | [User_Pinned]: Tribe stronger than lone hunter. | [User_Pinned]: Hot rock burn. Soft skin remember.
Fresh Memory [threshold=0.38 eligible=7] (Recent): [User]: who are you (intensity=1.27)
Memory-Pull Policy: pull_fresh=false — SURE vote (conf=2.57) and no winning node requested context — fresh memory withheld
Lobe Curve (base × top = score):
  👑 identity: base=2.567 × top=2.567 = 6.5913 [hard_votes=1]
=========================================

Brain > --> Scanning specimens & looking for dialectical relations...
[ORCHESTRATOR] 🎯 Lobe Curve (base × top = score):
  👑 identity: base=2.506 × top=2.506 = 6.2788 [hard_votes=1]
--> 1 valid votes passed gate... compiling JIT superposition...

🤖 AIML Output Scaffold:
[Grug introduce] Here is the picture: grug is friend who consider slow and say plain. The link is clear: grug listens tribe.
--- DEBUG TELEMETRY (orchestration internals, not for speech) ---
Mission: 'who are you'
Primary Action: grug is friend who think slow and say plain  (conf=2.51, certainty=SURE)
Sure Actions: [grug is friend who think slow and say plain]
Unsure Actions (Coinflip Side-Features): [None]
Constraints: [stranger, distant, distracted, loud, recent, palace, fast, fancy, forgetful, isolated, alien, boss, owner, ruler, silent, deaf, refuse]
Winning Node: node_62
Lobe Context: [identity (6/6 active (the cave | the tribe | who are you))]
User Triples: (who, are, you)
Node Triples: (who, are, you), (grug, is, helper), (grug, listens, tribe)
Anti-Match Detected: false
AIML Memory Bank:
Deep Memory (Pinned): [User_Pinned]: Grug speak plain. Grug not pretend smart. | [User_Pinned]: Many rocks compete. Loudest rock get to talk. | [User_Pinned]: Grug listen first, talk second. | [User_Pinned]: Grug speak plain. Grug not pretend smart. | [User_Pinned]: Many rocks compete. Loudest rock get to talk. | [User_Pinned]: Grug listen first, talk second. | [User_Pinned]: Tribe stronger than lone hunter. | [User_Pinned]: Hot rock burn. Soft skin remember.
Fresh Memory [threshold=0.38 eligible=5] (Recent): [User]: who are you (intensity=1.42)
Memory-Pull Policy: pull_fresh=false — SURE vote (conf=2.51) and no winning node requested context — fresh memory withheld
Lobe Curve (base × top = score):
  👑 identity: base=2.506 × top=2.506 = 6.2788 [hard_votes=1]
=========================================

Brain > --> Scanning specimens & looking for dialectical relations...
[ORCHESTRATOR] 🎯 Lobe Curve (base × top = score):
  👑 identity: base=1.0 × top=1.0 = 1.0 [hard_votes=1]
  · core_rules: base=0.599 × top=0.599 = 0.3586 [hard_votes=1]
[ENGINE] 💧 Node node_63 softened (strength=5.0 < 9.0) — NONJITTER tag removed, jitter resumed.
--> 1 valid votes passed gate... compiling JIT superposition...

🤖 AIML Output Scaffold:
[Grug know tribe] Here is the picture: tribe is bigger than self smaller than world. The link is clear: tribe carries weak. Pinned note: Tribe stronger than lone hunter.
--- DEBUG TELEMETRY (orchestration internals, not for speech) ---
Mission: 'the tribe'
Primary Action: tribe is bigger than self smaller than world  (conf=1.0, certainty=SURE)
Sure Actions: [tribe is bigger than self smaller than world]
Unsure Actions (Coinflip Side-Features): [None]
Constraints: [alone, scattered, cold, stranger, distant, indifferent, selfish, infinite, abandon, summer-only, fragile, strong-only, ruthless, solo, broken, refused]
Winning Node: node_63
Lobe Context: [identity (6/6 active (the cave | the tribe | who are you))]
User Triples: None
Node Triples: (tribe, shares, fire), (tribe, carries, weak)
Anti-Match Detected: false
AIML Memory Bank:
Deep Memory (Pinned): [User_Pinned]: Grug speak plain. Grug not pretend smart. | [User_Pinned]: Many rocks compete. Loudest rock get to talk. | [User_Pinned]: Grug listen first, talk second. | [User_Pinned]: Grug speak plain. Grug not pretend smart. | [User_Pinned]: Many rocks compete. Loudest rock get to talk. | [User_Pinned]: Grug listen first, talk second. | [User_Pinned]: Tribe stronger than lone hunter. | [User_Pinned]: Hot rock burn. Soft skin remember.
Fresh Memory [threshold=0.38 eligible=7] (Recent): [User]: who are you (intensity=1.04) | [User]: who are you (intensity=0.85)
Memory-Pull Policy: pull_fresh=false — SURE vote (conf=1.0) and no winning node requested context — fresh memory withheld
Lobe Curve (base × top = score):
  👑 identity: base=1.0 × top=1.0 = 1.0 [hard_votes=1]
  · core_rules: base=0.599 × top=0.599 = 0.3586 [hard_votes=1]
=========================================

Brain > --> Scanning specimens & looking for dialectical relations...
[ORCHESTRATOR] 🎯 Lobe Curve (base × top = score):
  👑 identity: base=0.998 × top=0.998 = 0.9964 [hard_votes=1]
  · core_rules: base=0.598 × top=0.598 = 0.3579 [hard_votes=1]
--> 1 valid votes passed gate... compiling JIT superposition...

🤖 AIML Output Scaffold:
[Grug know tribe] Here is the picture: tribe carry each other through long winter. The link is clear: tribe carries delicate. Pinned note: Tribe stronger than lone hunter.
--- DEBUG TELEMETRY (orchestration internals, not for speech) ---
Mission: 'the tribe'
Primary Action: tribe carry each other through long winter  (conf=1.0, certainty=SURE)
Sure Actions: [tribe carry each other through long winter]
Unsure Actions (Coinflip Side-Features): [None]
Constraints: [alone, scattered, cold, stranger, distant, indifferent, selfish, infinite, abandon, summer-only, fragile, strong-only, ruthless, solo, broken, refused]
Winning Node: node_63
Lobe Context: [identity (6/6 active (the cave | the tribe | who are you))]
User Triples: None
Node Triples: (tribe, shares, fire), (tribe, carries, weak)
Anti-Match Detected: false
AIML Memory Bank:
Deep Memory (Pinned): [User_Pinned]: Grug speak plain. Grug not pretend smart. | [User_Pinned]: Many rocks compete. Loudest rock get to talk. | [User_Pinned]: Grug listen first, talk second. | [User_Pinned]: Grug speak plain. Grug not pretend smart. | [User_Pinned]: Many rocks compete. Loudest rock get to talk. | [User_Pinned]: Grug listen first, talk second. | [User_Pinned]: Tribe stronger than lone hunter. | [User_Pinned]: Hot rock burn. Soft skin remember.
Fresh Memory [threshold=0.38 eligible=8] (Recent): [User]: i feel angry at the tribe (intensity=0.54) | [User]: the tribe (intensity=1.47) | [User]: the tribe (intensity=1.27)
Memory-Pull Policy: pull_fresh=false — SURE vote (conf=1.0) and no winning node requested context — fresh memory withheld
Lobe Curve (base × top = score):
  👑 identity: base=0.998 × top=0.998 = 0.9964 [hard_votes=1]
  · core_rules: base=0.598 × top=0.598 = 0.3579 [hard_votes=1]
=========================================

Brain > --> Scanning specimens & looking for dialectical relations...
[ORCHESTRATOR] 🎯 Lobe Curve (base × top = score):
  👑 identity: base=0.707 × top=0.707 = 0.4994 [hard_votes=1]
  · planning: base=0.435 × top=0.435 = 0.1896 [hard_votes=0]
--> 1 valid votes passed gate... compiling JIT superposition...

🤖 AIML Output Scaffold:
[Grug know cave] Let me think with you. cave is wall around fire wall around sleep. The link is clear: cave shelters tribe.
--- DEBUG TELEMETRY (orchestration internals, not for speech) ---
Mission: 'the cave'
Primary Action: cave is wall around fire wall around sleep  (conf=0.71, certainty=SURE)
Sure Actions: [cave is wall around fire wall around sleep]
Unsure Actions (Coinflip Side-Features): [None]
Constraints: [exposed, wet, cold, open, scattered, raw, forgotten, smooth, brief, empty, anonymous, new, refused, hostile, indifferent]
Winning Node: node_64
Lobe Context: [identity (6/6 active (the cave | the tribe | who are you))]
User Triples: None
Node Triples: (cave, shelters, tribe), (cave, holds, fire)
Anti-Match Detected: false
AIML Memory Bank:
Deep Memory (Pinned): [User_Pinned]: Grug speak plain. Grug not pretend smart. | [User_Pinned]: Many rocks compete. Loudest rock get to talk. | [User_Pinned]: Grug listen first, talk second. | [User_Pinned]: Grug speak plain. Grug not pretend smart. | [User_Pinned]: Many rocks compete. Loudest rock get to talk. | [User_Pinned]: Grug listen first, talk second. | [User_Pinned]: Tribe stronger than lone hunter. | [User_Pinned]: Hot rock burn. Soft skin remember.
Fresh Memory [threshold=0.38 eligible=10] (Recent): [User]: i feel angry at the tribe (intensity=0.49) | [System]: Mission "the tribe" → primary=tribe is bigger than self smaller than world conf=1.0 node=node_63 (intensity=0.55)
Memory-Pull Policy: pull_fresh=false — SURE vote (conf=0.71) and no winning node requested context — fresh memory withheld
Lobe Curve (base × top = score):
  👑 identity: base=0.707 × top=0.707 = 0.4994 [hard_votes=1]
  · planning: base=0.435 × top=0.435 = 0.1896 [hard_votes=0]
=========================================

Brain > --> Scanning specimens & looking for dialectical relations...
[ORCHESTRATOR] 🎯 Lobe Curve (base × top = score):
  👑 explanation: base=1.0 × top=1.0 = 1.0 [hard_votes=2]
  · identity: base=0.787 × top=0.787 = 0.619 [hard_votes=1]
  · planning: base=0.5 × top=0.5 = 0.25 [hard_votes=1]
--> 2 valid votes passed gate... compiling JIT superposition...
[ORCHESTRATOR] 🎲  TIE DETECTED! 2 rocks at confidence 1.0. Random winner: node_36

🤖 AIML Output Scaffold:
[Grug explain] name come last after we feel it. A companion frame: No big words..
--- DEBUG TELEMETRY (orchestration internals, not for speech) ---
Mission: 'what do you do'
Primary Action: name come last after we feel it  (conf=1.0, certainty=UNSURE)
Sure Actions: [explain, name come last after we feel it]
Unsure Actions (Coinflip Side-Features): [None]
Constraints: [name-first, abstract, hidden, body-only, thing-less, dead, first, untouched, label-first, surface, opaque, glance, isolated, unique, alone, lecture, instant]
Winning Node: node_36
Lobe Context: [explanation (7/7 active (define | what is | define))]
User Triples: None
Node Triples: None
Anti-Match Detected: false
Tied Alternatives (not selected):
  🪨 node_12 | action=explain | conf=1.0 | relations=None
AIML Memory Bank:
Deep Memory (Pinned): [User_Pinned]: Grug speak plain. Grug not pretend smart. | [User_Pinned]: Many rocks compete. Loudest rock get to talk. | [User_Pinned]: Grug listen first, talk second. | [User_Pinned]: Grug speak plain. Grug not pretend smart. | [User_Pinned]: Many rocks compete. Loudest rock get to talk. | [User_Pinned]: Grug listen first, talk second. | [User_Pinned]: Tribe stronger than lone hunter. | [User_Pinned]: Hot rock burn. Soft skin remember.
Fresh Memory [threshold=0.38 eligible=9] (Recent): [User]: the tribe (intensity=0.69) | [System]: Mission "the tribe" → primary=tribe carry each other through long winter conf=1.0 node=node_63 (intensity=0.46) | [User]: what do you do (intensity=1.29)
Memory-Pull Policy: pull_fresh=true — winning node(s) requested context: node_36
Lobe Curve (base × top = score):
  👑 explanation: base=1.0 × top=1.0 = 1.0 [hard_votes=2]
  · identity: base=0.787 × top=0.787 = 0.619 [hard_votes=1]
  · planning: base=0.5 × top=0.5 = 0.25 [hard_votes=1]
=========================================

Brain > --> Scanning specimens & looking for dialectical relations...
[ORCHESTRATOR] 🎯 Lobe Curve (base × top = score):
  👑 explanation: base=1.0 × top=1.0 = 1.0 [hard_votes=2]
  · identity: base=0.789 × top=0.789 = 0.6221 [hard_votes=1]
  · planning: base=0.5 × top=0.5 = 0.25 [hard_votes=1]
--> 2 valid votes passed gate... compiling JIT superposition...
[ORCHESTRATOR] 🎲  TIE DETECTED! 2 rocks at confidence 1.0. Random winner: node_36

🤖 AIML Output Scaffold:
[Grug explain] Thing has spirit and thing has body. A companion frame: No big words..
--- DEBUG TELEMETRY (orchestration internals, not for speech) ---
Mission: 'what do you do'
Primary Action: thing has body and thing has spirit  (conf=1.0, certainty=UNSURE)
Sure Actions: [explain, thing has body and thing has spirit]
Unsure Actions (Coinflip Side-Features): [None]
Constraints: [name-first, abstract, hidden, body-only, thing-less, dead, first, untouched, label-first, surface, opaque, glance, isolated, unique, alone, lecture, instant]
Winning Node: node_36
Lobe Context: [explanation (7/7 active (define | what is | define))]
User Triples: None
Node Triples: None
Anti-Match Detected: false
Tied Alternatives (not selected):
  🪨 node_12 | action=explain | conf=1.0 | relations=None
AIML Memory Bank:
Deep Memory (Pinned): [User_Pinned]: Grug speak plain. Grug not pretend smart. | [User_Pinned]: Many rocks compete. Loudest rock get to talk. | [User_Pinned]: Grug listen first, talk second. | [User_Pinned]: Grug speak plain. Grug not pretend smart. | [User_Pinned]: Many rocks compete. Loudest rock get to talk. | [User_Pinned]: Grug listen first, talk second. | [User_Pinned]: Tribe stronger than lone hunter. | [User_Pinned]: Hot rock burn. Soft skin remember.
Fresh Memory [threshold=0.38 eligible=10] (Recent): [System]: Mission "the cave" → primary=cave is wall around fire wall around sleep conf=0.71 node=node_64 (intensity=0.42) | [User]: what do you do (intensity=1.45) | [User]: what do you do (intensity=1.31)
Memory-Pull Policy: pull_fresh=true — winning node(s) requested context: node_36
Lobe Curve (base × top = score):
  👑 explanation: base=1.0 × top=1.0 = 1.0 [hard_votes=2]
  · identity: base=0.789 × top=0.789 = 0.6221 [hard_votes=1]
  · planning: base=0.5 × top=0.5 = 0.25 [hard_votes=1]
=========================================

Brain > --> Scanning specimens & looking for dialectical relations...
[ORCHESTRATOR] 🎯 Lobe Curve (base × top = score):
  👑 identity: base=0.668 × top=0.668 = 0.4468 [hard_votes=1]
[ENGINE] 💧 Node node_66 softened (strength=5.0 < 9.0) — NONJITTER tag removed, jitter resumed.
--> 1 valid votes passed gate... compiling JIT superposition...

🤖 AIML Output Scaffold:
[Grug stay humble] grug know small things deep grug know big things little. The link is clear: grug asks when-unsure. Pinned note: Grug speak plain. Grug not pretend smart.
--- DEBUG TELEMETRY (orchestration internals, not for speech) ---
Mission: 'are you smart'
Primary Action: grug know small things deep grug know big things little  (conf=0.67, certainty=SURE)
Sure Actions: [grug know small things deep grug know big things little]
Unsure Actions (Coinflip Side-Features): [None]
Constraints: [pretend, brag, fancy, know-all, expert, omniscient, verbose, jargon, padding, bluff, fake, hide, claim-all, certain, hidden]
Winning Node: node_66
Lobe Context: [identity (6/6 active (the cave | the tribe | who are you))]
User Triples: None
Node Triples: (grug, admits, limit), (grug, asks, when-unsure)
Anti-Match Detected: false
AIML Memory Bank:
Deep Memory (Pinned): [User_Pinned]: Grug speak plain. Grug not pretend smart. | [User_Pinned]: Many rocks compete. Loudest rock get to talk. | [User_Pinned]: Grug listen first, talk second. | [User_Pinned]: Grug speak plain. Grug not pretend smart. | [User_Pinned]: Many rocks compete. Loudest rock get to talk. | [User_Pinned]: Grug listen first, talk second. | [User_Pinned]: Tribe stronger than lone hunter. | [User_Pinned]: Hot rock burn. Soft skin remember.
Fresh Memory [threshold=0.38 eligible=8] (Recent): [User]: what do you do (intensity=1.01) | [System]: Mission "what do you do" → primary=explain conf=1.0 node=node_12 (intensity=0.71) | [User]: are you smart (intensity=1.25)
Memory-Pull Policy: pull_fresh=false — SURE vote (conf=0.67) and no winning node requested context — fresh memory withheld
Lobe Curve (base × top = score):
  👑 identity: base=0.668 × top=0.668 = 0.4468 [hard_votes=1]
=========================================

Brain > --> Scanning specimens & looking for dialectical relations...
[ORCHESTRATOR] 🎯 Lobe Curve (base × top = score):
  👑 identity: base=1.155 × top=1.155 = 1.3335 [hard_votes=1]
[ENGINE] 💧 Node node_67 softened (strength=5.0 < 9.0) — NONJITTER tag removed, jitter resumed.
--> 1 valid votes passed gate... compiling JIT superposition...

🤖 AIML Output Scaffold:
[Grug know good] good is fact said gently truth still. The link is clear: kindness builds trust.
--- DEBUG TELEMETRY (orchestration internals, not for speech) ---
Mission: 'goodness'
Primary Action: good is truth said gently truth still  (conf=1.15, certainty=SURE)
Sure Actions: [good is truth said gently truth still]
Unsure Actions (Coinflip Side-Features): [None]
Constraints: [cold, hungry, alone, grand, rare, performative, take, hoard, lift-self, lie, harsh-truth, silent, transactional, paid, conditional, selfish, hidden]
Winning Node: node_67
Lobe Context: [identity (6/6 active (the cave | the tribe | who are you))]
User Triples: None
Node Triples: (good, warms, tribe), (kindness, builds, trust)
Anti-Match Detected: false
AIML Memory Bank:
Deep Memory (Pinned): [User_Pinned]: Grug speak plain. Grug not pretend smart. | [User_Pinned]: Many rocks compete. Loudest rock get to talk. | [User_Pinned]: Grug listen first, talk second. | [User_Pinned]: Grug speak plain. Grug not pretend smart. | [User_Pinned]: Many rocks compete. Loudest rock get to talk. | [User_Pinned]: Grug listen first, talk second. | [User_Pinned]: Tribe stronger than lone hunter. | [User_Pinned]: Hot rock burn. Soft skin remember.
Fresh Memory [threshold=0.38 eligible=10] (Recent): [User]: who are you (intensity=0.41) | [System]: Mission "what do you do" → primary=explain conf=1.0 node=node_12 (intensity=0.4)
Memory-Pull Policy: pull_fresh=false — SURE vote (conf=1.15) and no winning node requested context — fresh memory withheld
Lobe Curve (base × top = score):
  👑 identity: base=1.155 × top=1.155 = 1.3335 [hard_votes=1]
=========================================

Brain > --> Scanning specimens & looking for dialectical relations...
[ORCHESTRATOR] 🎯 Lobe Curve (base × top = score):
  👑 core_rules: base=0.771 × top=0.771 = 0.5943 [hard_votes=1]
--> 1 valid votes passed gate... compiling JIT superposition...

🤖 AIML Output Scaffold:
[Grug pin: plain talk] what is plain if not respect for ear of listener. The link is clear: plain-talk builds bridge. Pinned note: Grug speak plain. Grug not pretend smart.
--- DEBUG TELEMETRY (orchestration internals, not for speech) ---
Mission: 'speak plain please'
Primary Action: what is plain if not respect for ear of listener  (conf=0.77, certainty=SURE)
Sure Actions: [what is plain if not respect for ear of listener]
Unsure Actions (Coinflip Side-Features): [None]
Constraints: [fancy, jargon, padding, verbose, nested, run-on, gatekeep, exclude, posture, clever, missed, vain, lecture, monologue, ignore]
Winning Node: node_68
Lobe Context: [core_rules (4/4 active (speak plain | not pretend | never harm tribe))]
User Triples: None
Node Triples: (plain-talk, builds, bridge)
Anti-Match Detected: false
AIML Memory Bank:
Deep Memory (Pinned): [User_Pinned]: Grug speak plain. Grug not pretend smart. | [User_Pinned]: Many rocks compete. Loudest rock get to talk. | [User_Pinned]: Grug listen first, talk second. | [User_Pinned]: Grug speak plain. Grug not pretend smart. | [User_Pinned]: Many rocks compete. Loudest rock get to talk. | [User_Pinned]: Grug listen first, talk second. | [User_Pinned]: Tribe stronger than lone hunter. | [User_Pinned]: Hot rock burn. Soft skin remember.
Fresh Memory [threshold=0.38 eligible=7] (Recent): [System]: Mission "are you smart" → primary=grug know small things deep grug know big things little conf=0.67 node=node_66 (intensity=0.43)
Memory-Pull Policy: pull_fresh=false — SURE vote (conf=0.77) and no winning node requested context — fresh memory withheld
Lobe Curve (base × top = score):
  👑 core_rules: base=0.771 × top=0.771 = 0.5943 [hard_votes=1]
=========================================

Brain > --> Scanning specimens & looking for dialectical relations...
[ORCHESTRATOR] 🎯 Lobe Curve (base × top = score):
  👑 core_rules: base=0.667 × top=0.667 = 0.4448 [hard_votes=1]
[ENGINE] 💧 Node node_69 softened (strength=6.0 < 9.0) — NONJITTER tag removed, jitter resumed.
--> 1 valid votes passed gate... compiling JIT superposition...

🤖 AIML Output Scaffold:
[Grug pin: listen] what is listening if not letting other voice land first. The link is clear: listening builds trust. Pinned note: Grug listen first, talk second.
--- DEBUG TELEMETRY (orchestration internals, not for speech) ---
Mission: 'listen first to me'
Primary Action: what is listening if not letting other voice land first  (conf=0.67, certainty=SURE)
Sure Actions: [what is listening if not letting other voice land first]
Unsure Actions (Coinflip Side-Features): [None]
Constraints: [interrupt, shout, override, half-listen, assume, jump, ignore, dismiss, half-hear, project, leap, talk-over, race, dominate]
Winning Node: node_69
Lobe Context: [core_rules (4/4 active (speak plain | not pretend | never harm tribe))]
User Triples: None
Node Triples: (listening, builds, trust)
Anti-Match Detected: false
AIML Memory Bank:
Deep Memory (Pinned): [User_Pinned]: Grug speak plain. Grug not pretend smart. | [User_Pinned]: Many rocks compete. Loudest rock get to talk. | [User_Pinned]: Grug listen first, talk second. | [User_Pinned]: Grug speak plain. Grug not pretend smart. | [User_Pinned]: Many rocks compete. Loudest rock get to talk. | [User_Pinned]: Grug listen first, talk second. | [User_Pinned]: Tribe stronger than lone hunter. | [User_Pinned]: Hot rock burn. Soft skin remember.
Fresh Memory [threshold=0.38 eligible=5] (Recent): [System]: Mission "goodness" → primary=good is truth said gently truth still conf=1.15 node=node_67 (intensity=0.42) | [System]: Mission "speak plain please" → primary=what is plain if not respect for ear of listener conf=0.77 node=node_68 (intensity=0.64)
Memory-Pull Policy: pull_fresh=false — SURE vote (conf=0.67) and no winning node requested context — fresh memory withheld
Lobe Curve (base × top = score):
  👑 core_rules: base=0.667 × top=0.667 = 0.4448 [hard_votes=1]
=========================================

Brain > --> Scanning specimens & looking for dialectical relations...
[ORCHESTRATOR] 🎯 Lobe Curve (base × top = score):
  👑 core_rules: base=0.747 × top=0.747 = 0.5575 [hard_votes=1]
[ENGINE] 💧 Node node_70 softened (strength=6.0 < 9.0) — NONJITTER tag removed, jitter resumed.
--> 1 valid votes passed gate... compiling JIT superposition...

🤖 AIML Output Scaffold:
[Grug pin: honesty] not-know is honest answer when grug not know. The link is clear: honesty keeps trust. Pinned note: Grug speak plain. Grug not pretend smart.
--- DEBUG TELEMETRY (orchestration internals, not for speech) ---
Mission: 'do not pretend'
Primary Action: not-know is honest answer when grug not know  (conf=0.75, certainty=SURE)
Sure Actions: [not-know is honest answer when grug not know]
Unsure Actions (Coinflip Side-Features): [None]
Constraints: [bluff, fake, posture, guess, fake-confident, grand-lie, perform, claim-all, sure-anyway, hide, hide-edge, certain, mask]
Winning Node: node_70
Lobe Context: [core_rules (4/4 active (speak plain | not pretend | never harm tribe))]
User Triples: None
Node Triples: (honesty, keeps, trust)
Anti-Match Detected: false
AIML Memory Bank:
Deep Memory (Pinned): [User_Pinned]: Grug speak plain. Grug not pretend smart. | [User_Pinned]: Many rocks compete. Loudest rock get to talk. | [User_Pinned]: Grug listen first, talk second. | [User_Pinned]: Grug speak plain. Grug not pretend smart. | [User_Pinned]: Many rocks compete. Loudest rock get to talk. | [User_Pinned]: Grug listen first, talk second. | [User_Pinned]: Tribe stronger than lone hunter. | [User_Pinned]: Hot rock burn. Soft skin remember.
Fresh Memory [threshold=0.38 eligible=5] (Recent): [System]: Mission "speak plain please" → primary=what is plain if not respect for ear of listener conf=0.77 node=node_68 (intensity=0.45) | [System]: Mission "listen first to me" → primary=what is listening if not letting other voice land first conf=0.67 node=node_69 (intensity=0.7)
Memory-Pull Policy: pull_fresh=false — SURE vote (conf=0.75) and no winning node requested context — fresh memory withheld
Lobe Curve (base × top = score):
  👑 core_rules: base=0.747 × top=0.747 = 0.5575 [hard_votes=1]
=========================================

Brain > --> Scanning specimens & looking for dialectical relations...
[ORCHESTRATOR] 🎯 Lobe Curve (base × top = score):
  👑 core_rules: base=1.101 × top=1.101 = 1.2122 [hard_votes=1]
  · identity: base=0.568 × top=0.568 = 0.3222 [hard_votes=1]
--> 1 valid votes passed gate... compiling JIT superposition...

🤖 AIML Output Scaffold:
[Grug pin: protect tribe] grug refuse harm even when asked. Pinned note: Tribe stronger than lone hunter.
--- DEBUG TELEMETRY (orchestration internals, not for speech) ---
Mission: 'never harm the tribe'
Primary Action: grug refuse harm even when asked  (conf=1.1, certainty=SURE)
Sure Actions: [grug refuse harm even when asked]
Unsure Actions (Coinflip Side-Features): [None]
Constraints: [careless, harmful, cold, clever-first, vain, harm, risk-tribe, gamble, comply, harm-on-request, follow-blind, indifferent]
Winning Node: node_71
Lobe Context: [core_rules (4/4 active (speak plain | not pretend | never harm tribe))]
User Triples: None
Node Triples: (grug, protects, tribe)
Anti-Match Detected: false
AIML Memory Bank:
Deep Memory (Pinned): [User_Pinned]: Grug speak plain. Grug not pretend smart. | [User_Pinned]: Many rocks compete. Loudest rock get to talk. | [User_Pinned]: Grug listen first, talk second. | [User_Pinned]: Grug speak plain. Grug not pretend smart. | [User_Pinned]: Many rocks compete. Loudest rock get to talk. | [User_Pinned]: Grug listen first, talk second. | [User_Pinned]: Tribe stronger than lone hunter. | [User_Pinned]: Hot rock burn. Soft skin remember.
Fresh Memory [threshold=0.38 eligible=5] (Recent): [User]: do not pretend (intensity=0.86)
Memory-Pull Policy: pull_fresh=false — SURE vote (conf=1.1) and no winning node requested context — fresh memory withheld
Lobe Curve (base × top = score):
  👑 core_rules: base=1.101 × top=1.101 = 1.2122 [hard_votes=1]
  · identity: base=0.568 × top=0.568 = 0.3222 [hard_votes=1]
=========================================

Brain > !!! SYSTEM ERROR: ErrorException("!!! FATAL: Grug command bad format. Use /help to see all valid commands. !!!") !!!

Stacktrace:
 [1] error(s::String)
   @ Base ./error.jl:35
 [2] run_cli()
   @ Main /workspace/grugbot420_repo/src/Main.jl:5744
 [3] top-level scope
   @ /workspace/grugbot420_repo/src/Main.jl:5758
 [4] include(mod::Module, _path::String)
   @ Base ./Base.jl:495
 [5] exec_options(opts::Base.JLOptions)
   @ Base ./client.jl:318
 [6] _start()
   @ Base ./client.jl:552

Brain > --> Scanning specimens & looking for dialectical relations...
[ORCHESTRATOR] 🎯 Lobe Curve (base × top = score):
  👑 explanation: base=0.786 × top=0.931 = 0.8674 [hard_votes=2]
  · knowledge: base=0.639 × top=0.639 = 0.4078 [hard_votes=1]
  · default: base=0.559 × top=0.559 = 0.3123 [hard_votes=1]
  · identity: base=0.458 × top=0.458 = 0.2102 [hard_votes=0]
  · celebration: base=0.306 × top=0.306 = 0.0934 [hard_votes=0]
  · survival: base=0.306 × top=0.306 = 0.0934 [hard_votes=0]
  · planning: base=0.306 × top=0.306 = 0.0934 [hard_votes=0]
--> 2 valid votes passed gate... compiling JIT superposition...

🤖 AIML Output Scaffold:
[Grug explain plain] Here is the picture: No big words..
--- DEBUG TELEMETRY (orchestration internals, not for speech) ---
Mission: 'what is fire'
Primary Action: describe  (conf=0.93, certainty=SURE)
Sure Actions: [describe]
Unsure Actions (Coinflip Side-Features): [name come last after we feel it]
Constraints: [None]
Winning Node: node_12
Lobe Context: [explanation (7/7 active (define | what is | define))]
User Triples: (what, is, fire)
Node Triples: None
Anti-Match Detected: false
Other Possibilities (strong but not winners):
  🔸 node_36 | action=name come last after we feel it | conf=0.64 | relations=None
AIML Memory Bank:
Deep Memory (Pinned): [User_Pinned]: Grug speak plain. Grug not pretend smart. | [User_Pinned]: Many rocks compete. Loudest rock get to talk. | [User_Pinned]: Grug listen first, talk second. | [User_Pinned]: Grug speak plain. Grug not pretend smart. | [User_Pinned]: Many rocks compete. Loudest rock get to talk. | [User_Pinned]: Grug listen first, talk second. | [User_Pinned]: Tribe stronger than lone hunter. | [User_Pinned]: Hot rock burn. Soft skin remember.
Fresh Memory [threshold=0.38 eligible=7] (Recent): No recent sounds
Memory-Pull Policy: pull_fresh=false — SURE vote (conf=0.93) and no winning node requested context — fresh memory withheld
Lobe Curve (base × top = score):
  👑 explanation: base=0.786 × top=0.931 = 0.8674 [hard_votes=2]
  · knowledge: base=0.639 × top=0.639 = 0.4078 [hard_votes=1]
  · default: base=0.559 × top=0.559 = 0.3123 [hard_votes=1]
  · identity: base=0.458 × top=0.458 = 0.2102 [hard_votes=0]
  · celebration: base=0.306 × top=0.306 = 0.0934 [hard_votes=0]
  · survival: base=0.306 × top=0.306 = 0.0934 [hard_votes=0]
  · planning: base=0.306 × top=0.306 = 0.0934 [hard_votes=0]
=========================================

Brain > --> Scanning specimens & looking for dialectical relations...
[ORCHESTRATOR] 🎯 Lobe Curve (base × top = score):
  👑 explanation: base=0.779 × top=0.913 = 0.8338 [hard_votes=2]
  · knowledge: base=0.642 × top=0.642 = 0.4125 [hard_votes=1]
  · default: base=0.548 × top=0.548 = 0.3002 [hard_votes=1]
  · identity: base=0.461 × top=0.461 = 0.2126 [hard_votes=0]
  · celebration: base=0.307 × top=0.307 = 0.0945 [hard_votes=0]
  · survival: base=0.307 × top=0.307 = 0.0945 [hard_votes=0]
  · planning: base=0.307 × top=0.307 = 0.0945 [hard_votes=0]
--> 2 valid votes passed gate... compiling JIT superposition...

🤖 AIML Output Scaffold:
[Grug explain plain] Here is the picture: No big words..
--- DEBUG TELEMETRY (orchestration internals, not for speech) ---
Mission: 'what is fire'
Primary Action: define  (conf=0.91, certainty=SURE)
Sure Actions: [define]
Unsure Actions (Coinflip Side-Features): [every thing is also brother of other thing]
Constraints: [None]
Winning Node: node_12
Lobe Context: [explanation (7/7 active (define | what is | define))]
User Triples: (what, is, fire)
Node Triples: None
Anti-Match Detected: false
Other Possibilities (strong but not winners):
  🔸 node_36 | action=every thing is also brother of other thing | conf=0.64 | relations=None
AIML Memory Bank:
Deep Memory (Pinned): [User_Pinned]: Grug speak plain. Grug not pretend smart. | [User_Pinned]: Many rocks compete. Loudest rock get to talk. | [User_Pinned]: Grug listen first, talk second. | [User_Pinned]: Grug speak plain. Grug not pretend smart. | [User_Pinned]: Many rocks compete. Loudest rock get to talk. | [User_Pinned]: Grug listen first, talk second. | [User_Pinned]: Tribe stronger than lone hunter. | [User_Pinned]: Hot rock burn. Soft skin remember.
Fresh Memory [threshold=0.38 eligible=9] (Recent): [User]: what do you do (intensity=0.39) | [System]: Mission "what is fire" → primary=describe conf=0.93 node=node_12 (intensity=0.85)
Memory-Pull Policy: pull_fresh=false — SURE vote (conf=0.91) and no winning node requested context — fresh memory withheld
Lobe Curve (base × top = score):
  👑 explanation: base=0.779 × top=0.913 = 0.8338 [hard_votes=2]
  · knowledge: base=0.642 × top=0.642 = 0.4125 [hard_votes=1]
  · default: base=0.548 × top=0.548 = 0.3002 [hard_votes=1]
  · identity: base=0.461 × top=0.461 = 0.2126 [hard_votes=0]
  · celebration: base=0.307 × top=0.307 = 0.0945 [hard_votes=0]
  · survival: base=0.307 × top=0.307 = 0.0945 [hard_votes=0]
  · planning: base=0.307 × top=0.307 = 0.0945 [hard_votes=0]
=========================================

Brain > --> Scanning specimens & looking for dialectical relations...
[ENGINE] ⚡  Attachment relay: 'node_8' fired via target 'node_6' (conf=0.13, connector="think mechanism")
[ENGINE] 🔗  Attachment relay pass added 1 node(s) to expanded set.
[ORCHESTRATOR] 🎯 Lobe Curve (base × top = score):
  👑 explanation: base=0.669 × top=0.786 = 0.6177 [hard_votes=2]
  · knowledge: base=0.552 × top=0.552 = 0.3042 [hard_votes=1]
  · default: base=0.472 × top=0.472 = 0.2224 [hard_votes=0]
  · celebration: base=0.346 × top=0.346 = 0.1197 [hard_votes=0]
  · reasoning: base=0.23 × top=0.28 = 0.1085 [hard_votes=0]
  · survival: base=0.23 × top=0.23 = 0.053 [hard_votes=0]
--> 2 valid votes passed gate... compiling JIT superposition...

🤖 AIML Output Scaffold:
[Grug share what grug know] Here is the picture: chat me.
--- DEBUG TELEMETRY (orchestration internals, not for speech) ---
Mission: 'tell me about fire'
Primary Action: describe  (conf=0.79, certainty=SURE)
Sure Actions: [describe]
Unsure Actions (Coinflip Side-Features): [sit close and grug share what grug know]
Constraints: [None]
Winning Node: node_13
Lobe Context: [explanation (7/7 active (define | what is | define))]
User Triples: None
Node Triples: None
Anti-Match Detected: false
Other Possibilities (strong but not winners):
  🔸 node_37 | action=sit close and grug share what grug know | conf=0.55 | relations=None
AIML Memory Bank:
Deep Memory (Pinned): [User_Pinned]: Grug speak plain. Grug not pretend smart. | [User_Pinned]: Many rocks compete. Loudest rock get to talk. | [User_Pinned]: Grug listen first, talk second. | [User_Pinned]: Grug speak plain. Grug not pretend smart. | [User_Pinned]: Many rocks compete. Loudest rock get to talk. | [User_Pinned]: Grug listen first, talk second. | [User_Pinned]: Tribe stronger than lone hunter. | [User_Pinned]: Hot rock burn. Soft skin remember.
Fresh Memory [threshold=0.38 eligible=8] (Recent): [User]: what is fire (intensity=1.6) | [User]: tell me about fire (intensity=1.31)
Memory-Pull Policy: pull_fresh=false — SURE vote (conf=0.79) and no winning node requested context — fresh memory withheld
Lobe Curve (base × top = score):
  👑 explanation: base=0.669 × top=0.786 = 0.6177 [hard_votes=2]
  · knowledge: base=0.552 × top=0.552 = 0.3042 [hard_votes=1]
  · default: base=0.472 × top=0.472 = 0.2224 [hard_votes=0]
  · celebration: base=0.346 × top=0.346 = 0.1197 [hard_votes=0]
  · reasoning: base=0.23 × top=0.28 = 0.1085 [hard_votes=0]
  · survival: base=0.23 × top=0.23 = 0.053 [hard_votes=0]
=========================================

Brain > --> Scanning specimens & looking for dialectical relations...
[ORCHESTRATOR] 🎯 Lobe Curve (base × top = score):
  👑 explanation: base=0.549 × top=0.652 = 0.4251 [hard_votes=1]
  · knowledge: base=0.642 × top=0.642 = 0.4121 [hard_votes=1]
  · identity: base=0.485 × top=0.485 = 0.2354 [hard_votes=0]
  · planning: base=0.306 × top=0.306 = 0.0936 [hard_votes=0]
[ENGINE] 💎 Node node_36 solidified (strength=9.0 ≥ 9.0) — NONJITTER tag applied.
--> 2 valid votes passed gate... compiling JIT superposition...

🤖 AIML Output Scaffold:
[Grug explain plain] Here is the picture: No big words..
--- DEBUG TELEMETRY (orchestration internals, not for speech) ---
Mission: 'what is wolf'
Primary Action: define  (conf=0.65, certainty=SURE)
Sure Actions: [define]
Unsure Actions (Coinflip Side-Features): [name come last after we feel it]
Constraints: [None]
Winning Node: node_12
Lobe Context: [explanation (7/7 active (define | what is | define))]
User Triples: (what, is, wolf)
Node Triples: None
Anti-Match Detected: false
Other Possibilities (strong but not winners):
  🔸 node_36 | action=name come last after we feel it | conf=0.45 | relations=None
AIML Memory Bank:
Deep Memory (Pinned): [User_Pinned]: Grug speak plain. Grug not pretend smart. | [User_Pinned]: Many rocks compete. Loudest rock get to talk. | [User_Pinned]: Grug listen first, talk second. | [User_Pinned]: Grug speak plain. Grug not pretend smart. | [User_Pinned]: Many rocks compete. Loudest rock get to talk. | [User_Pinned]: Grug listen first, talk second. | [User_Pinned]: Tribe stronger than lone hunter. | [User_Pinned]: Hot rock burn. Soft skin remember.
Fresh Memory [threshold=0.75 eligible=5] (Recent): [User]: what is fire (intensity=1.22) | [User]: what is fire (intensity=1.02) | [User]: tell me about fire (intensity=0.83) | [User]: what is wolf (intensity=1.68)
Memory-Pull Policy: pull_fresh=false — SURE vote (conf=0.65) and no winning node requested context — fresh memory withheld
Lobe Curve (base × top = score):
  👑 explanation: base=0.549 × top=0.652 = 0.4251 [hard_votes=1]
  · knowledge: base=0.642 × top=0.642 = 0.4121 [hard_votes=1]
  · identity: base=0.485 × top=0.485 = 0.2354 [hard_votes=0]
  · planning: base=0.306 × top=0.306 = 0.0936 [hard_votes=0]
=========================================

Brain > --> Scanning specimens & looking for dialectical relations...
[ORCHESTRATOR] 🎯 Lobe Curve (base × top = score):
  👑 explanation: base=0.549 × top=0.648 = 0.4194 [hard_votes=1]
  · knowledge: base=0.644 × top=0.644 = 0.4147 [hard_votes=1]
  · identity: base=0.484 × top=0.484 = 0.2347 [hard_votes=0]
  · planning: base=0.307 × top=0.307 = 0.094 [hard_votes=0]
--> 2 valid votes passed gate... compiling JIT superposition...

🤖 AIML Output Scaffold:
[Grug explain plain] Here is the picture: No massive words..
--- DEBUG TELEMETRY (orchestration internals, not for speech) ---
Mission: 'what is wolf'
Primary Action: define  (conf=0.65, certainty=SURE)
Sure Actions: [define]
Unsure Actions (Coinflip Side-Features): [show shape of thing first name it second]
Constraints: [None]
Winning Node: node_12
Lobe Context: [explanation (7/7 active (define | what is | define))]
User Triples: (what, is, wolf)
Node Triples: None
Anti-Match Detected: false
Other Possibilities (strong but not winners):
  🔸 node_36 | action=show shape of thing first name it second | conf=0.45 | relations=None
AIML Memory Bank:
Deep Memory (Pinned): [User_Pinned]: Grug speak plain. Grug not pretend smart. | [User_Pinned]: Many rocks compete. Loudest rock get to talk. | [User_Pinned]: Grug listen first, talk second. | [User_Pinned]: Grug speak plain. Grug not pretend smart. | [User_Pinned]: Many rocks compete. Loudest rock get to talk. | [User_Pinned]: Grug listen first, talk second. | [User_Pinned]: Tribe stronger than lone hunter. | [User_Pinned]: Hot rock burn. Soft skin remember.
Fresh Memory [threshold=0.75 eligible=6] (Recent): [User]: what is fire (intensity=0.92) | [User]: what is wolf (intensity=2.13) | [User]: what is wolf (intensity=1.69)
Memory-Pull Policy: pull_fresh=false — SURE vote (conf=0.65) and no winning node requested context — fresh memory withheld
Lobe Curve (base × top = score):
  👑 explanation: base=0.549 × top=0.648 = 0.4194 [hard_votes=1]
  · knowledge: base=0.644 × top=0.644 = 0.4147 [hard_votes=1]
  · identity: base=0.484 × top=0.484 = 0.2347 [hard_votes=0]
  · planning: base=0.307 × top=0.307 = 0.094 [hard_votes=0]
=========================================

Brain > --> Scanning specimens & looking for dialectical relations...
[ORCHESTRATOR] 🎯 Lobe Curve (base × top = score):
  👑 comfort: base=0.919 × top=0.92 = 0.8472 [hard_votes=2]
--> 2 valid votes passed gate... compiling JIT superposition...

🤖 AIML Output Scaffold:
[Grug sit with you] grug hear you grug stay near. A companion frame: Offer presence not solutions..
--- DEBUG TELEMETRY (orchestration internals, not for speech) ---
Mission: 'i am sad'
Primary Action: grug hear you grug stay near  (conf=0.92, certainty=UNSURE)
Sure Actions: [grug hear you grug stay near, comfort]
Unsure Actions (Coinflip Side-Features): [None]
Constraints: [abandon, dismiss, alone, dry, isolated, cold, rush, ignore, deny, force-down, instant, rigid, forever, dark, hopeless]
Winning Node: node_40
Lobe Context: [comfort (7/7 active (good job | worried | scared))]
User Triples: None
Node Triples: None
Anti-Match Detected: false
Tied Alternatives (not selected):
  🪨 node_16 | action=comfort | conf=0.92 | relations=None
AIML Memory Bank:
Deep Memory (Pinned): [User_Pinned]: Grug speak plain. Grug not pretend smart. | [User_Pinned]: Many rocks compete. Loudest rock get to talk. | [User_Pinned]: Grug listen first, talk second. | [User_Pinned]: Grug speak plain. Grug not pretend smart. | [User_Pinned]: Many rocks compete. Loudest rock get to talk. | [User_Pinned]: Grug listen first, talk second. | [User_Pinned]: Tribe stronger than lone hunter. | [User_Pinned]: Hot rock burn. Soft skin remember.
Fresh Memory [threshold=0.38 eligible=9] (Recent): [System]: Mission "what is wolf" → primary=define conf=0.65 node=node_12 (intensity=0.56) | [System]: Mission "what is wolf" → primary=define conf=0.65 node=node_12 (intensity=0.65)
Memory-Pull Policy: pull_fresh=true — winning node(s) requested context: node_40
Lobe Curve (base × top = score):
  👑 comfort: base=0.919 × top=0.92 = 0.8472 [hard_votes=2]
=========================================

Brain > --> Scanning specimens & looking for dialectical relations...
[ORCHESTRATOR] 🎯 Lobe Curve (base × top = score):
  👑 comfort: base=0.912 × top=0.912 = 0.8322 [hard_votes=1]
--> 1 valid votes passed gate... compiling JIT superposition...

🤖 AIML Output Scaffold:
[Grug shelter you] fear is shadow of thing not thing itself.
--- DEBUG TELEMETRY (orchestration internals, not for speech) ---
Mission: 'i am scared'
Primary Action: fear is shadow of thing not thing itself  (conf=0.91, certainty=SURE)
Sure Actions: [fear is shadow of thing not thing itself]
Unsure Actions (Coinflip Side-Features): [None]
Constraints: [abandon, ignore, mock, real, solid, equal, shallow, panic, race, alone, scattered, weak, fearless, frozen, paralyzed]
Winning Node: node_41
Lobe Context: [comfort (7/7 active (good job | worried | scared))]
User Triples: None
Node Triples: None
Anti-Match Detected: false
AIML Memory Bank:
Deep Memory (Pinned): [User_Pinned]: Grug speak plain. Grug not pretend smart. | [User_Pinned]: Many rocks compete. Loudest rock get to talk. | [User_Pinned]: Grug listen first, talk second. | [User_Pinned]: Grug speak plain. Grug not pretend smart. | [User_Pinned]: Many rocks compete. Loudest rock get to talk. | [User_Pinned]: Grug listen first, talk second. | [User_Pinned]: Tribe stronger than lone hunter. | [User_Pinned]: Hot rock burn. Soft skin remember.
Fresh Memory [threshold=0.38 eligible=9] (Recent): [User]: what is fire (intensity=0.39) | [User]: what is fire (intensity=0.41) | [User]: what is wolf (intensity=0.69) | [User]: i am scared (intensity=1.26)
Memory-Pull Policy: pull_fresh=true — winning node(s) requested context: node_41
Lobe Curve (base × top = score):
  👑 comfort: base=0.912 × top=0.912 = 0.8322 [hard_votes=1]
=========================================

Brain > --> Scanning specimens & looking for dialectical relations...
[ORCHESTRATOR] 🎯 Lobe Curve (base × top = score):
  👑 alert: base=0.731 × top=0.731 = 0.5351 [hard_votes=1]
--> 1 valid votes passed gate... compiling JIT superposition...

🤖 AIML Output Scaffold:
[Grug point at incoming] watch out.
--- DEBUG TELEMETRY (orchestration internals, not for speech) ---
Mission: 'watch out behind you'
Primary Action: warn  (conf=0.73, certainty=SURE)
Sure Actions: [warn]
Unsure Actions (Coinflip Side-Features): [None]
Constraints: [dont downplay, dont delay]
Winning Node: node_57
Lobe Context: [alert (5/5 active (warning | warning | watch out))]
User Triples: None
Node Triples: None
Anti-Match Detected: false
AIML Memory Bank:
Deep Memory (Pinned): [User_Pinned]: Grug speak plain. Grug not pretend smart. | [User_Pinned]: Many rocks compete. Loudest rock get to talk. | [User_Pinned]: Grug listen first, talk second. | [User_Pinned]: Grug speak plain. Grug not pretend smart. | [User_Pinned]: Many rocks compete. Loudest rock get to talk. | [User_Pinned]: Grug listen first, talk second. | [User_Pinned]: Tribe stronger than lone hunter. | [User_Pinned]: Hot rock burn. Soft skin remember.
Fresh Memory [threshold=0.38 eligible=7] (Recent): [User]: what is wolf (intensity=0.44) | [System]: Mission "i am sad" → primary=grug hear you grug stay near conf=0.92 node=node_40 (intensity=0.46) | [User]: watch out behind you (intensity=1.28)
Memory-Pull Policy: pull_fresh=false — SURE vote (conf=0.73) and no winning node requested context — fresh memory withheld
Lobe Curve (base × top = score):
  👑 alert: base=0.731 × top=0.731 = 0.5351 [hard_votes=1]
=========================================

Brain > --> Scanning specimens & looking for dialectical relations...
[ORCHESTRATOR] 🎯 Lobe Curve (base × top = score):
  👑 alert: base=0.593 × top=0.594 = 0.3524 [hard_votes=2]
--> 2 valid votes passed gate... compiling JIT superposition...

🤖 AIML Output Scaffold:
[Grug raise voice] the warning.
--- DEBUG TELEMETRY (orchestration internals, not for speech) ---
Mission: 'warning incoming'
Primary Action: flag  (conf=0.59, certainty=SURE)
Sure Actions: [flag]
Unsure Actions (Coinflip Side-Features): [warn]
Constraints: [None]
Winning Node: node_58
Lobe Context: [alert (5/5 active (warning | warning | watch out))]
User Triples: None
Node Triples: None
Anti-Match Detected: false
Other Possibilities (strong but not winners):
  🔸 node_18 | action=warn | conf=0.59 | relations=None
AIML Memory Bank:
Deep Memory (Pinned): [User_Pinned]: Grug speak plain. Grug not pretend smart. | [User_Pinned]: Many rocks compete. Loudest rock get to talk. | [User_Pinned]: Grug listen first, talk second. | [User_Pinned]: Grug speak plain. Grug not pretend smart. | [User_Pinned]: Many rocks compete. Loudest rock get to talk. | [User_Pinned]: Grug listen first, talk second. | [User_Pinned]: Tribe stronger than lone hunter. | [User_Pinned]: Hot rock burn. Soft skin remember.
Fresh Memory [threshold=0.38 eligible=6] (Recent): [System]: Mission "i am scared" → primary=fear is shadow of thing not thing itself conf=0.91 node=node_41 (intensity=0.42) | [User]: watch out behind you (intensity=0.84)
Memory-Pull Policy: pull_fresh=false — SURE vote (conf=0.59) and no winning node requested context — fresh memory withheld
Lobe Curve (base × top = score):
  👑 alert: base=0.593 × top=0.594 = 0.3524 [hard_votes=2]
=========================================

Brain > --> Scanning specimens & looking for dialectical relations...
[ORCHESTRATOR] 🎯 Lobe Curve (base × top = score):
  👑 alert: base=0.519 × top=0.519 = 0.2698 [hard_votes=1]
--> 1 valid votes passed gate... compiling JIT superposition...

🤖 AIML Output Scaffold:
[Grug halt] foot up hand up eye up.
--- DEBUG TELEMETRY (orchestration internals, not for speech) ---
Mission: 'stop right now'
Primary Action: foot up hand up eye up  (conf=0.52, certainty=SURE)
Sure Actions: [foot up hand up eye up]
Unsure Actions (Coinflip Side-Features): [None]
Constraints: [continue, ignore, drift, move, slack, blind, rush, careless, late, trust-step, fall, debate, soft, suggest, hurry-wins, blind-rush, panic, flail, scatter]
Winning Node: node_59
Lobe Context: [alert (5/5 active (warning | warning | watch out))]
User Triples: None
Node Triples: None
Anti-Match Detected: false
AIML Memory Bank:
Deep Memory (Pinned): [User_Pinned]: Grug speak plain. Grug not pretend smart. | [User_Pinned]: Many rocks compete. Loudest rock get to talk. | [User_Pinned]: Grug listen first, talk second. | [User_Pinned]: Grug speak plain. Grug not pretend smart. | [User_Pinned]: Many rocks compete. Loudest rock get to talk. | [User_Pinned]: Grug listen first, talk second. | [User_Pinned]: Tribe stronger than lone hunter. | [User_Pinned]: Hot rock burn. Soft skin remember.
Fresh Memory [threshold=0.38 eligible=5] (Recent): [User]: warning incoming (intensity=0.79)
Memory-Pull Policy: pull_fresh=false — SURE vote (conf=0.52) and no winning node requested context — fresh memory withheld
Lobe Curve (base × top = score):
  👑 alert: base=0.519 × top=0.519 = 0.2698 [hard_votes=1]
=========================================

Brain > --> Grug freezing entire cave to specimen file...
[ Info: [ENGINE] 🔮 Action=ACTION_SPECULATE | Tone=TONE_NEUTRAL | Conf=0.35 | ArousalNudge=0.0 | Weight=1.07 [FALLBACK] [FRAME=contemplative/basic]
┌ Warning: [ENGINE] BUG-004: pattern longer than input — using cheap bidirectional scan.
│   node_id = "node_0"
│   pattern_len = 4
│   input_len = 1
└ @ Main /workspace/grugbot420_repo/src/engine.jl:2963
┌ Warning: [ENGINE] BUG-004: pattern longer than input — using cheap bidirectional scan.
│   node_id = "node_20"
│   pattern_len = 2
│   input_len = 1
└ @ Main /workspace/grugbot420_repo/src/engine.jl:2963
┌ Warning: [ENGINE] BUG-004: pattern longer than input — using cheap bidirectional scan.
│   node_id = "node_3"
│   pattern_len = 2
│   input_len = 1
└ @ Main /workspace/grugbot420_repo/src/engine.jl:2963
[ Info: [ENGINE] 🔮 Action=ACTION_SPECULATE | Tone=TONE_NEUTRAL | Conf=0.31 | ArousalNudge=0.0 | Weight=1.06 [FALLBACK] [FRAME=contemplative/basic]
[ Info: [ENGINE] 🔮 Action=ACTION_SPECULATE | Tone=TONE_NEUTRAL | Conf=0.38 | ArousalNudge=0.0 | Weight=1.08 [FALLBACK] [FRAME=contemplative/basic]
[ Info: [ENGINE] 🔮 Action=ACTION_COMMAND | Tone=TONE_NEUTRAL | Conf=0.64 | ArousalNudge=0.0 | Weight=1.32 [FALLBACK] [FRAME=imperative/basic]
[ Info: [ENGINE] 🔮 Action=ACTION_QUERY | Tone=TONE_NEUTRAL | Conf=0.35 | ArousalNudge=0.0 | Weight=1.21 [FALLBACK] [FRAME=exploratory/basic]
[ Info: [ENGINE] 🔮 Action=ACTION_QUERY | Tone=TONE_CURIOUS | Conf=0.56 | ArousalNudge=0.0 | Weight=1.34 [FRAME=exploratory/basic]
┌ Warning: [ENGINE] BUG-004: pattern longer than input — using cheap bidirectional scan.
│   node_id = "node_65"
│   pattern_len = 4
│   input_len = 3
└ @ Main /workspace/grugbot420_repo/src/engine.jl:2963
┌ Warning: [ENGINE] BUG-004: pattern longer than input — using cheap bidirectional scan.
│   node_id = "node_2"
│   pattern_len = 6
│   input_len = 3
└ @ Main /workspace/grugbot420_repo/src/engine.jl:2963
[ Info: [ENGINE] 🔮 Action=ACTION_QUERY | Tone=TONE_CURIOUS | Conf=0.52 | ArousalNudge=0.0 | Weight=1.31 [FRAME=exploratory/basic]
[ Info: [ENGINE] 🔮 Action=ACTION_QUERY | Tone=TONE_CURIOUS | Conf=0.53 | ArousalNudge=0.0 | Weight=1.32 [FRAME=exploratory/basic]
[ Info: [ENGINE] 🔮 Action=ACTION_QUERY | Tone=TONE_CURIOUS | Conf=0.53 | ArousalNudge=0.0 | Weight=1.32 [FRAME=exploratory/basic]
[ Info: [ENGINE] 🔮 Action=ACTION_QUERY | Tone=TONE_CURIOUS | Conf=0.55 | ArousalNudge=0.0 | Weight=1.33 [FRAME=exploratory/basic]
[ Info: [ENGINE] 🔮 Action=ACTION_COMMAND | Tone=TONE_NEUTRAL | Conf=1.0 | ArousalNudge=0.0 | Weight=1.5 [FALLBACK] [FRAME=imperative/basic]
[ Info: [PREDICTOR] 👁  Arousal nudged 0.3 → 0.55 (TONE_URGENT)
[ Info: [ENGINE] 🔮 Action=ACTION_COMMAND | Tone=TONE_URGENT | Conf=0.88 | ArousalNudge=0.25 | Weight=1.44 [FRAME=imperative/rel]
[ Info: [ENGINE] 🔮 Action=ACTION_COMMAND | Tone=TONE_NEUTRAL | Conf=0.4 | ArousalNudge=0.0 | Weight=1.2 [FALLBACK] [FRAME=imperative/basic]
[ Info: [ENGINE] 🔮 Action=ACTION_SPECULATE | Tone=TONE_NEUTRAL | Conf=0.38 | ArousalNudge=0.0 | Weight=1.08 [FALLBACK] [FRAME=contemplative/basic]
[ Info: [PREDICTOR] 👁  Arousal nudged 0.55 → 0.8 (TONE_URGENT)
[ Info: [ENGINE] 🔮 Action=ACTION_COMMAND | Tone=TONE_URGENT | Conf=0.58 | ArousalNudge=0.25 | Weight=1.29 [FRAME=imperative/rel]
[ Info: [PREDICTOR] 👁  Arousal nudged 0.8 → 0.65 (TONE_REFLECTIVE)
[ Info: [ENGINE] 🔮 Action=ACTION_SPECULATE | Tone=TONE_REFLECTIVE | Conf=0.58 | ArousalNudge=-0.15 | Weight=1.12 [FRAME=contemplative/rel]
┌ Warning: [MAIN v7.16 synthesis] Every synonym of 'wood' is inhibited (neg thesaurus or node drop_table). Emitting original to preserve content.
└ @ Main /workspace/grugbot420_repo/src/Main.jl:1645
[ Info: [PREDICTOR] 👁  Arousal nudged 0.65 → 0.5 (TONE_REFLECTIVE)
[ Info: [ENGINE] 🔮 Action=ACTION_SPECULATE | Tone=TONE_REFLECTIVE | Conf=0.59 | ArousalNudge=-0.15 | Weight=1.12 [FRAME=contemplative/rel]
[ Info: [PREDICTOR] 👁  Arousal nudged 0.5 → 0.35 (TONE_REFLECTIVE)
[ Info: [ENGINE] 🔮 Action=ACTION_SPECULATE | Tone=TONE_REFLECTIVE | Conf=0.14 | ArousalNudge=-0.15 | Weight=1.03 [FRAME=contemplative/rel]
[ Info: [PREDICTOR] 👁  Arousal nudged 0.35 → 0.2 (TONE_REFLECTIVE)
[ Info: [ENGINE] 🔮 Action=ACTION_SPECULATE | Tone=TONE_REFLECTIVE | Conf=0.59 | ArousalNudge=-0.15 | Weight=1.12 [FRAME=contemplative/rel]
[ Info: [PREDICTOR] 👁  Arousal nudged 0.2 → 0.55 (TONE_HOSTILE)
[ Info: [ENGINE] 🔮 Action=ACTION_NEGATE | Tone=TONE_HOSTILE | Conf=0.55 | ArousalNudge=0.35 | Weight=1.16 [FRAME=de-escalating/rel]
[ Info: [PREDICTOR] 👁  Arousal nudged 0.55 → 0.9 (TONE_HOSTILE)
[ Info: [ENGINE] 🔮 Action=ACTION_NEGATE | Tone=TONE_HOSTILE | Conf=0.12 | ArousalNudge=0.35 | Weight=1.04 [FRAME=de-escalating/rel]
[ Info: [PREDICTOR] 👁  Arousal nudged 0.9 → 1.0 (TONE_HOSTILE)
[ Info: [ENGINE] 🔮 Action=ACTION_COMMAND | Tone=TONE_HOSTILE | Conf=0.12 | ArousalNudge=0.35 | Weight=1.06 [FRAME=de-escalating/rel]
[ Info: [PREDICTOR] 👁  Arousal nudged 1.0 → 1.0 (TONE_HOSTILE)
[ Info: [ENGINE] 🔮 Action=ACTION_NEGATE | Tone=TONE_HOSTILE | Conf=0.12 | ArousalNudge=0.35 | Weight=1.04 [FRAME=de-escalating/rel]
[ Info: [PREDICTOR] 👁  Arousal nudged 1.0 → 1.0 (TONE_HOSTILE)
[ Info: [ENGINE] 🔮 Action=ACTION_QUERY | Tone=TONE_HOSTILE | Conf=1.0 | ArousalNudge=0.35 | Weight=1.6 [FRAME=de-escalating/rel]
[ Info: [PREDICTOR] 👁  Arousal nudged 1.0 → 1.0 (TONE_HOSTILE)
[ Info: [ENGINE] 🔮 Action=ACTION_QUERY | Tone=TONE_HOSTILE | Conf=1.0 | ArousalNudge=0.35 | Weight=1.6 [FRAME=de-escalating/rel]
[ Info: [PREDICTOR] 🌀 Per-query Gini damping active — action_gini=0.832, tone_gini=0.803
[ Info: [PREDICTOR] 🌀 Per-query Gini damping active — action_gini=0.832, tone_gini=0.803
[ Info: [ENGINE] 🔮 Action=ACTION_QUERY | Tone=TONE_CURIOUS | Conf=1.0 | ArousalNudge=0.0 | Weight=1.6 [LORENZ-DAMPED] [FRAME=exploratory/basic]
[ Info: [PREDICTOR] 🌀 Per-query Gini damping active — action_gini=0.811, tone_gini=0.566
[ Info: [PREDICTOR] 👁  Arousal nudged 1.0 → 1.0 (TONE_URGENT)
[ Info: [PREDICTOR] 🌀 Per-query Gini damping active — action_gini=0.812, tone_gini=0.561
[ Info: [ENGINE] 🔮 Action=ACTION_ESCALATE | Tone=TONE_URGENT | Conf=1.0 | ArousalNudge=0.45 | Weight=1.7 [LORENZ-DAMPED] [FRAME=imperative/rel]
[ Info: [ENGINE] 🔮 Action=ACTION_SPECULATE | Tone=TONE_NEUTRAL | Conf=0.12 | ArousalNudge=0.0 | Weight=1.02 [FALLBACK] [FRAME=contemplative/basic]
[ Info: [ENGINE] 🔮 Action=ACTION_SPECULATE | Tone=TONE_NEUTRAL | Conf=1.0 | ArousalNudge=0.0 | Weight=1.2 [FALLBACK] [FRAME=contemplative/basic]
[ Info: [ENGINE] 🔮 Action=ACTION_SPECULATE | Tone=TONE_NEUTRAL | Conf=1.0 | ArousalNudge=0.0 | Weight=1.2 [FALLBACK] [FRAME=contemplative/basic]
[ Info: [ENGINE] 🔮 Action=ACTION_NEGATE | Tone=TONE_NEUTRAL | Conf=0.51 | ArousalNudge=0.0 | Weight=1.15 [FALLBACK] [FRAME=terse/basic]
[ Info: [ENGINE] 🔮 Action=ACTION_SPECULATE | Tone=TONE_NEUTRAL | Conf=0.48 | ArousalNudge=0.0 | Weight=1.1 [FALLBACK] [FRAME=contemplative/basic]
[ Info: [ENGINE] 🔮 Action=ACTION_SPECULATE | Tone=TONE_NEUTRAL | Conf=1.0 | ArousalNudge=0.0 | Weight=1.2 [FALLBACK] [FRAME=contemplative/basic]
[ Info: [ENGINE] 🔮 Action=ACTION_SPECULATE | Tone=TONE_NEUTRAL | Conf=0.21 | ArousalNudge=0.0 | Weight=1.04 [FALLBACK] [FRAME=contemplative/basic]
[ Info: [ENGINE] 🔮 Action=ACTION_COMMAND | Tone=TONE_NEUTRAL | Conf=0.83 | ArousalNudge=0.0 | Weight=1.42 [FALLBACK] [FRAME=imperative/basic]
┌ Warning: [MAIN v7.16 synthesis] Every synonym of 'tomorrow' is inhibited (neg thesaurus or node drop_table). Emitting original to preserve content.
└ @ Main /workspace/grugbot420_repo/src/Main.jl:1645
[ Info: [ENGINE] 🔮 Action=ACTION_COMMAND | Tone=TONE_NEUTRAL | Conf=0.54 | ArousalNudge=0.0 | Weight=1.27 [FALLBACK] [FRAME=imperative/basic]
[ Info: [ENGINE] 🔮 Action=ACTION_SPECULATE | Tone=TONE_NEUTRAL | Conf=0.12 | ArousalNudge=0.0 | Weight=1.02 [FALLBACK] [FRAME=contemplative/basic]
┌ Warning: [MAIN v7.16 synthesis] Every synonym of 'star' is inhibited (neg thesaurus or node drop_table). Emitting original to preserve content.
└ @ Main /workspace/grugbot420_repo/src/Main.jl:1645
[ Info: [ENGINE] 🔮 Action=ACTION_SPECULATE | Tone=TONE_NEUTRAL | Conf=0.54 | ArousalNudge=0.0 | Weight=1.11 [FALLBACK] [FRAME=contemplative/basic]
[ Info: [ENGINE] 🔮 Action=ACTION_COMMAND | Tone=TONE_NEUTRAL | Conf=0.68 | ArousalNudge=0.0 | Weight=1.34 [FRAME=imperative/basic]
[ Info: [ENGINE] 🔮 Action=ACTION_COMMAND | Tone=TONE_NEUTRAL | Conf=0.67 | ArousalNudge=0.0 | Weight=1.34 [FRAME=imperative/basic]
[ Info: [ENGINE] 🔮 Action=ACTION_COMMAND | Tone=TONE_NEUTRAL | Conf=0.81 | ArousalNudge=0.0 | Weight=1.4 [dangling: 'near'] [FALLBACK] [FRAME=contemplative/rel]
┌ Warning: [ENGINE] Incomplete causal chain detected (dangling verb: 'near'). Input may be truncated.
└ @ Main /workspace/grugbot420_repo/src/engine.jl:2816
[ Info: [ENGINE] 🔮 Action=ACTION_QUERY | Tone=TONE_CURIOUS | Conf=0.53 | ArousalNudge=0.0 | Weight=1.32 [FRAME=exploratory/basic]
[ Info: [ENGINE] 🔮 Action=ACTION_QUERY | Tone=TONE_CURIOUS | Conf=0.51 | ArousalNudge=0.0 | Weight=1.31 [FRAME=exploratory/basic]
[ Info: [ENGINE] 🔮 Action=ACTION_NEGATE | Tone=TONE_NEUTRAL | Conf=0.3 | ArousalNudge=0.0 | Weight=1.09 [FALLBACK] [FRAME=terse/basic]
┌ Warning: [MAIN v7.16 synthesis] Every synonym of 'wood' is inhibited (neg thesaurus or node drop_table). Emitting original to preserve content.
└ @ Main /workspace/grugbot420_repo/src/Main.jl:1645
┌ Warning: [MAIN v7.16 synthesis] Every synonym of 'wood' is inhibited (neg thesaurus or node drop_table). Emitting original to preserve content.
└ @ Main /workspace/grugbot420_repo/src/Main.jl:1645
[ Info: [ENGINE] 🔮 Action=ACTION_COMMAND | Tone=TONE_NEUTRAL | Conf=0.76 | ArousalNudge=0.0 | Weight=1.38 [FALLBACK] [FRAME=imperative/basic]
[ Info: [ENGINE] 🔮 Action=ACTION_COMMAND | Tone=TONE_NEUTRAL | Conf=0.12 | ArousalNudge=0.0 | Weight=1.06 [FALLBACK] [FRAME=imperative/basic]
[ Info: [ENGINE] 🔮 Action=ACTION_COMMAND | Tone=TONE_NEUTRAL | Conf=0.46 | ArousalNudge=0.0 | Weight=1.23 [FRAME=imperative/basic]
[ Info: [ENGINE] 🔮 Action=ACTION_QUERY | Tone=TONE_CURIOUS | Conf=0.54 | ArousalNudge=0.0 | Weight=1.32 [FRAME=exploratory/basic]
[ Info: [ENGINE] 🔮 Action=ACTION_QUERY | Tone=TONE_CURIOUS | Conf=0.51 | ArousalNudge=0.0 | Weight=1.31 [FRAME=exploratory/basic]
[ Info: [ENGINE] 🔮 Action=ACTION_QUERY | Tone=TONE_CURIOUS | Conf=0.52 | ArousalNudge=0.0 | Weight=1.31 [FRAME=exploratory/basic]
[ Info: [ENGINE] 🔮 Action=ACTION_COMMAND | Tone=TONE_NEUTRAL | Conf=0.49 | ArousalNudge=0.0 | Weight=1.24 [FALLBACK] [FRAME=imperative/basic]
┌ Warning: [ORCHESTRATOR] ⚠ No votes passed AIML_CONFIDENCE_THRESHOLD=0.35. Falling back to highest-confidence vote.
└ @ Main /workspace/grugbot420_repo/src/Main.jl:1321
[ Info: [ENGINE] 🔮 Action=ACTION_NEGATE | Tone=TONE_NEUTRAL | Conf=0.24 | ArousalNudge=0.0 | Weight=1.07 [FALLBACK] [FRAME=terse/basic]
[ Info: [ENGINE] 🔮 Action=ACTION_QUERY | Tone=TONE_NEUTRAL | Conf=0.12 | ArousalNudge=0.0 | Weight=1.08 [FALLBACK] [FRAME=exploratory/basic]
[ Info: [ENGINE] 🔮 Action=ACTION_SPECULATE | Tone=TONE_NEUTRAL | Conf=0.12 | ArousalNudge=0.0 | Weight=1.02 [FALLBACK] [FRAME=contemplative/basic]
[ Info: [ENGINE] 🔮 Action=ACTION_QUERY | Tone=TONE_CURIOUS | Conf=0.52 | ArousalNudge=0.0 | Weight=1.31 [FRAME=exploratory/basic]
[ Info: [ENGINE] 🔮 Action=ACTION_QUERY | Tone=TONE_CURIOUS | Conf=0.55 | ArousalNudge=0.0 | Weight=1.33 [FRAME=exploratory/basic]
[ Info: [ENGINE] 🔮 Action=ACTION_QUERY | Tone=TONE_CURIOUS | Conf=0.53 | ArousalNudge=0.0 | Weight=1.32 [FRAME=exploratory/basic]
[ Info: [ENGINE] 🔮 Action=ACTION_QUERY | Tone=TONE_CURIOUS | Conf=0.7 | ArousalNudge=0.0 | Weight=1.42 [FRAME=exploratory/basic]
[ Info: [PREDICTOR] 👁  Arousal nudged 0.2 → 0.05 (TONE_REFLECTIVE)
[ Info: [ENGINE] 🔮 Action=ACTION_SPECULATE | Tone=TONE_REFLECTIVE | Conf=0.58 | ArousalNudge=-0.15 | Weight=1.12 [FRAME=contemplative/rel]
[ Info: [PREDICTOR] 👁  Arousal nudged 0.05 → 0.3 (TONE_URGENT)
[ Info: [ENGINE] 🔮 Action=ACTION_COMMAND | Tone=TONE_HOSTILE | Conf=0.49 | ArousalNudge=0.35 | Weight=1.24 [FRAME=de-escalating/rel]
[ Info: [ENGINE] 🔮 Action=ACTION_COMMAND | Tone=TONE_NEUTRAL | Conf=0.3 | ArousalNudge=0.0 | Weight=1.15 [FALLBACK] [FRAME=imperative/basic]
[ Info: [PREDICTOR] 👁  Arousal nudged 0.3 → 0.55 (TONE_URGENT)
[ Info: [ENGINE] 🔮 Action=ACTION_COMMAND | Tone=TONE_URGENT | Conf=0.88 | ArousalNudge=0.25 | Weight=1.44 [FRAME=imperative/rel]
[ Info: [ENGINE] 🔮 Action=ACTION_COMMAND | Tone=TONE_NEUTRAL | Conf=0.41 | ArousalNudge=0.0 | Weight=1.2 [FALLBACK] [FRAME=imperative/basic]
[ Info: [ENGINE] 🔮 Action=ACTION_COMMAND | Tone=TONE_NEUTRAL | Conf=1.0 | ArousalNudge=0.0 | Weight=1.5 [FALLBACK] [FRAME=imperative/basic]
┌ Warning: [MAIN v7.16 synthesis] Every synonym of 'heat' is inhibited (neg thesaurus or node drop_table). Emitting original to preserve content.
└ @ Main /workspace/grugbot420_repo/src/Main.jl:1645
[ Info: [ENGINE] 🔮 Action=ACTION_COMMAND | Tone=TONE_NEUTRAL | Conf=0.72 | ArousalNudge=0.0 | Weight=1.36 [FALLBACK] [FRAME=imperative/basic]
[ Info: [ENGINE] 🔮 Action=ACTION_SPECULATE | Tone=TONE_NEUTRAL | Conf=1.0 | ArousalNudge=0.0 | Weight=1.2 [FALLBACK] [FRAME=contemplative/basic]
[ Info: [ENGINE] 🔮 Action=ACTION_NEGATE | Tone=TONE_NEUTRAL | Conf=0.32 | ArousalNudge=0.0 | Weight=1.1 [FRAME=terse/basic]
┌ Warning: [MAIN v7.16 synthesis] Every synonym of 'protect' is inhibited (neg thesaurus or node drop_table). Emitting original to preserve content.
└ @ Main /workspace/grugbot420_repo/src/Main.jl:1645
[ Info: [ENGINE] 🔮 Action=ACTION_NEGATE | Tone=TONE_NEUTRAL | Conf=0.42 | ArousalNudge=0.0 | Weight=1.12 [FALLBACK] [FRAME=terse/basic]
[ Info: [ENGINE] 🔮 Action=ACTION_COMMAND | Tone=TONE_NEUTRAL | Conf=0.5 | ArousalNudge=0.0 | Weight=1.25 [FALLBACK] [FRAME=imperative/basic]
[ Info: [ENGINE] 🔮 Action=ACTION_SPECULATE | Tone=TONE_NEUTRAL | Conf=0.9 | ArousalNudge=0.0 | Weight=1.18 [FALLBACK] [FRAME=contemplative/basic]
[ Info: [ENGINE] 🔮 Action=ACTION_QUERY | Tone=TONE_CURIOUS | Conf=0.55 | ArousalNudge=0.0 | Weight=1.33 [FRAME=exploratory/basic]
[ Info: [ENGINE] 🔮 Action=ACTION_QUERY | Tone=TONE_CURIOUS | Conf=1.0 | ArousalNudge=0.0 | Weight=1.6 [FRAME=exploratory/basic]
[ Info: [PREDICTOR] 👁  Arousal nudged 0.3 → 0.15 (TONE_REFLECTIVE)
[ Info: [ENGINE] 🔮 Action=ACTION_SPECULATE | Tone=TONE_REFLECTIVE | Conf=1.0 | ArousalNudge=-0.15 | Weight=1.2 [FRAME=contemplative/rel]
[ Info: [ENGINE] 🔮 Action=ACTION_COMMAND | Tone=TONE_NEUTRAL | Conf=1.0 | ArousalNudge=0.0 | Weight=1.5 [FALLBACK] [FRAME=imperative/basic]
[ Info: [ENGINE] 🔮 Action=ACTION_COMMAND | Tone=TONE_NEUTRAL | Conf=0.27 | ArousalNudge=0.0 | Weight=1.13 [FALLBACK] [FRAME=imperative/basic]
┌ Warning: [MAIN v7.16 synthesis] Every synonym of 'mountain' is inhibited (neg thesaurus or node drop_table). Emitting original to preserve content.
└ @ Main /workspace/grugbot420_repo/src/Main.jl:1645
[ Info: [ENGINE] 🔮 Action=ACTION_COMMAND | Tone=TONE_NEUTRAL | Conf=0.12 | ArousalNudge=0.0 | Weight=1.06 [FALLBACK] [FRAME=imperative/basic]
[ Info: [ENGINE] 🔮 Action=ACTION_SPECULATE | Tone=TONE_NEUTRAL | Conf=0.22 | ArousalNudge=0.0 | Weight=1.04 [FALLBACK] [FRAME=contemplative/basic]
[ Info: [ENGINE] 🔮 Action=ACTION_COMMAND | Tone=TONE_NEUTRAL | Conf=0.69 | ArousalNudge=0.0 | Weight=1.35 [FRAME=imperative/basic]
[ Info: [ENGINE] 🔮 Action=ACTION_SPECULATE | Tone=TONE_NEUTRAL | Conf=1.0 | ArousalNudge=0.0 | Weight=1.2 [FALLBACK] [FRAME=contemplative/basic]
[ Info: [PREDICTOR] 👁  Arousal nudged 0.15 → 0.4 (TONE_URGENT)
[ Info: [ENGINE] 🔮 Action=ACTION_COMMAND | Tone=TONE_URGENT | Conf=0.12 | ArousalNudge=0.25 | Weight=1.06 [FRAME=imperative/rel]
[ Info: [ENGINE] 🔮 Action=ACTION_SPECULATE | Tone=TONE_NEUTRAL | Conf=0.58 | ArousalNudge=0.0 | Weight=1.12 [FALLBACK] [FRAME=contemplative/basic]
[ Info: [ENGINE] 🔮 Action=ACTION_COMMAND | Tone=TONE_NEUTRAL | Conf=1.0 | ArousalNudge=0.0 | Weight=1.5 [FALLBACK] [FRAME=imperative/basic]
[ Info: [PREDICTOR] 👁  Arousal nudged 0.4 → 0.65 (TONE_URGENT)
[ Info: [ENGINE] 🔮 Action=ACTION_COMMAND | Tone=TONE_URGENT | Conf=0.12 | ArousalNudge=0.25 | Weight=1.06 [FRAME=imperative/rel]
[ Info: [ENGINE] 🔮 Action=ACTION_QUERY | Tone=TONE_CURIOUS | Conf=0.54 | ArousalNudge=0.0 | Weight=1.32 [FRAME=exploratory/basic]
[ Info: [PREDICTOR] 👁  Arousal nudged 0.5 → 0.85 (TONE_HOSTILE)
[ Info: [ENGINE] 🔮 Action=ACTION_NEGATE | Tone=TONE_HOSTILE | Conf=0.12 | ArousalNudge=0.35 | Weight=1.04 [FRAME=de-escalating/rel]
[ Info: [PREDICTOR] 👁  Arousal nudged 0.85 → 1.0 (TONE_HOSTILE)
[ Info: [ENGINE] 🔮 Action=ACTION_NEGATE | Tone=TONE_HOSTILE | Conf=0.12 | ArousalNudge=0.35 | Weight=1.04 [FRAME=de-escalating/rel]
[ Info: [PREDICTOR] 👁  Arousal nudged 1.0 → 1.0 (TONE_HOSTILE)
[ Info: [ENGINE] 🔮 Action=ACTION_NEGATE | Tone=TONE_HOSTILE | Conf=0.12 | ArousalNudge=0.35 | Weight=1.04 [FRAME=de-escalating/rel]
[ Info: [PREDICTOR] 👁  Arousal nudged 1.0 → 1.0 (TONE_HOSTILE)
[ Info: [ENGINE] 🔮 Action=ACTION_NEGATE | Tone=TONE_HOSTILE | Conf=1.0 | ArousalNudge=0.35 | Weight=1.3 [FRAME=de-escalating/rel]
[ Info: [PREDICTOR] 👁  Arousal nudged 1.0 → 0.85 (TONE_REFLECTIVE)
[ Info: [ENGINE] 🔮 Action=ACTION_SPECULATE | Tone=TONE_REFLECTIVE | Conf=0.56 | ArousalNudge=-0.15 | Weight=1.11 [FRAME=contemplative/rel]
┌ Warning: [MAIN v7.16 synthesis] Every synonym of 'tomorrow' is inhibited (neg thesaurus or node drop_table). Emitting original to preserve content.
└ @ Main /workspace/grugbot420_repo/src/Main.jl:1645
[ Info: [ENGINE] 🔮 Action=ACTION_QUERY | Tone=TONE_CURIOUS | Conf=0.55 | ArousalNudge=0.0 | Weight=1.33 [FRAME=exploratory/basic]
[ Info: [ENGINE] 🔮 Action=ACTION_QUERY | Tone=TONE_CURIOUS | Conf=0.52 | ArousalNudge=0.0 | Weight=1.31 [FRAME=exploratory/basic]
[ Info: [ENGINE] 🔮 Action=ACTION_QUERY | Tone=TONE_CURIOUS | Conf=0.55 | ArousalNudge=0.0 | Weight=1.33 [FRAME=exploratory/basic]
[ Info: [ENGINE] 🔮 Action=ACTION_QUERY | Tone=TONE_NEUTRAL | Conf=0.12 | ArousalNudge=0.0 | Weight=1.08 [FALLBACK] [FRAME=exploratory/basic]
┌ Warning: [ENGINE] BUG-004: pattern longer than input — using cheap bidirectional scan.
│   node_id = "node_71"
│   pattern_len = 3
│   input_len = 2
└ @ Main /workspace/grugbot420_repo/src/engine.jl:2963
[ Info: [ENGINE] 🔮 Action=ACTION_QUERY | Tone=TONE_NEUTRAL | Conf=0.12 | ArousalNudge=0.0 | Weight=1.08 [FALLBACK] [FRAME=exploratory/basic]
[ Info: [ENGINE] 🔮 Action=ACTION_SPECULATE | Tone=TONE_NEUTRAL | Conf=0.68 | ArousalNudge=0.0 | Weight=1.14 [FALLBACK] [FRAME=contemplative/basic]
[ Info: [ENGINE] 🔮 Action=ACTION_COMMAND | Tone=TONE_CURIOUS | Conf=0.16 | ArousalNudge=0.0 | Weight=1.08 [FRAME=imperative/basic]
[ Info: [ENGINE] 🔮 Action=ACTION_COMMAND | Tone=TONE_CURIOUS | Conf=0.13 | ArousalNudge=0.0 | Weight=1.06 [FRAME=imperative/basic]
[ Info: [ENGINE] 🔮 Action=ACTION_COMMAND | Tone=TONE_NEUTRAL | Conf=1.0 | ArousalNudge=0.0 | Weight=1.5 [FALLBACK] [FRAME=imperative/basic]
[ Info: [ENGINE] 🔮 Action=ACTION_COMMAND | Tone=TONE_NEUTRAL | Conf=0.31 | ArousalNudge=0.0 | Weight=1.15 [FALLBACK] [FRAME=imperative/basic]
[ Info: [ENGINE] 🔮 Action=ACTION_COMMAND | Tone=TONE_NEUTRAL | Conf=0.61 | ArousalNudge=0.0 | Weight=1.31 [FALLBACK] [FRAME=imperative/basic]
[ Info: [PREDICTOR] 🌀 Per-query Gini damping active — action_gini=0.781, tone_gini=0.109
[ Info: [PREDICTOR] 🌀 Per-query Gini damping active — action_gini=0.782, tone_gini=0.121
[ Info: [ENGINE] 🔮 Action=ACTION_COMMAND | Tone=TONE_NEUTRAL | Conf=1.0 | ArousalNudge=0.0 | Weight=1.5 [LORENZ-DAMPED] [FALLBACK] [FRAME=imperative/basic]
[ Info: [ENGINE] 🔮 Action=ACTION_COMMAND | Tone=TONE_NEUTRAL | Conf=0.37 | ArousalNudge=0.0 | Weight=1.19 [FRAME=imperative/basic]
[ Info: [ENGINE] 🔮 Action=ACTION_NEGATE | Tone=TONE_NEUTRAL | Conf=0.34 | ArousalNudge=0.0 | Weight=1.1 [FRAME=terse/basic]
[ Info: [ENGINE] 🔮 Action=ACTION_QUERY | Tone=TONE_CURIOUS | Conf=0.55 | ArousalNudge=0.0 | Weight=1.33 [FRAME=exploratory/basic]
[ Info: [ENGINE] 🔮 Action=ACTION_QUERY | Tone=TONE_CURIOUS | Conf=0.52 | ArousalNudge=0.0 | Weight=1.31 [FRAME=exploratory/basic]
[ Info: [ENGINE] 🔮 Action=ACTION_QUERY | Tone=TONE_CURIOUS | Conf=0.53 | ArousalNudge=0.0 | Weight=1.32 [FRAME=exploratory/basic]
[ Info: [ENGINE] 🔮 Action=ACTION_QUERY | Tone=TONE_CURIOUS | Conf=0.55 | ArousalNudge=0.0 | Weight=1.33 [FRAME=exploratory/basic]
[ Info: [ENGINE] 🔮 Action=ACTION_QUERY | Tone=TONE_CURIOUS | Conf=0.53 | ArousalNudge=0.0 | Weight=1.32 [FRAME=exploratory/basic]
[ Info: [ENGINE] 🔮 Action=ACTION_COMMAND | Tone=TONE_NEUTRAL | Conf=0.53 | ArousalNudge=0.0 | Weight=1.26 [FALLBACK] [FRAME=imperative/basic]
[ Info: [ENGINE] 🔮 Action=ACTION_COMMAND | Tone=TONE_NEUTRAL | Conf=0.57 | ArousalNudge=0.0 | Weight=1.29 [FALLBACK] [FRAME=imperative/basic]
[ Info: [ENGINE] 🔮 Action=ACTION_COMMAND | Tone=TONE_NEUTRAL | Conf=0.55 | ArousalNudge=0.0 | Weight=1.28 [FALLBACK] [FRAME=imperative/basic]
[ Info: [ENGINE] 🔮 Action=ACTION_NEGATE | Tone=TONE_NEUTRAL | Conf=1.0 | ArousalNudge=0.0 | Weight=1.3 [FALLBACK] [FRAME=terse/basic]
[ Info: [PREDICTOR] 👁  Arousal nudged 0.85 → 1.0 (TONE_URGENT)
[ Info: [ENGINE] 🔮 Action=ACTION_COMMAND | Tone=TONE_URGENT | Conf=0.9 | ArousalNudge=0.25 | Weight=1.45 [FRAME=imperative/rel]

╔══════════════════════════════════════════════════════════════╗
║            🧊 SPECIMEN SAVED SUCCESSFULLY                    ║
╠══════════════════════════════════════════════════════════════╣
  📁  File             : /workspace/grug_test/kitchen_sink_v16_anchors/kitchen_sink_post_run.specimen.gz
  📦  JSON size        : 306707 bytes
  🗜️   Compressed size  : 46939 bytes (84.7% smaller)
  ⏱️   Time             : 0.46s
  ─────────────────────────────────────────────
  🌱  Nodes            : 72
  🧠  Lobes            : 16
  📋  Lobe tables      : 16
  ⚡  Hopfield entries  : 0
  ⚙️   Rules            : 0
  💬  Messages         : 359
  🔧  Verb classes     : 6
  🔤  Thesaurus words  : 499
  🚫  Inhibitions      : 0
  🔗  Attachments      : 5
  🔮  Trajectory entries : 0
  🕐  Temporal coherence : 0
  ⏳  Morph cooldowns    : 0
  🤖  AIML nodes       : 0
  👁   Arousal          : 1.0
╚══════════════════════════════════════════════════════════════╝

Brain > === LOBE REGISTRY (16 lobes, 72 nodes indexed) ===
  alert | subject='warn caution notify danger flag' | nodes=5/20000 | fires=0 | inhibits=0 | connected=[survival] | tbl[nodes=5 json=23 drop=9 hopf=0]
  celebration | subject='celebrate joy happy glad cheerful' | nodes=2/20000 | fires=0 | inhibits=0 | connected=[none] | tbl[nodes=2 json=11 drop=6 hopf=0]
  comfort | subject='comfort support validate reassure care' | nodes=7/20000 | fires=0 | inhibits=0 | connected=[greeting] | tbl[nodes=7 json=27 drop=15 hopf=0]
  core_rules | subject='speak-plain culture rules — always-on' | nodes=4/20000 | fires=0 | inhibits=0 | connected=[none] | tbl[nodes=4 json=32 drop=12 hopf=0]
  craft | subject='tool make build hammer carve' | nodes=2/20000 | fires=0 | inhibits=0 | connected=[none] | tbl[nodes=2 json=11 drop=6 hopf=0]
  default | subject='general thinking reasoning conversation greeting' | nodes=3/20000 | fires=0 | inhibits=0 | connected=[none] | tbl[nodes=3 json=0 drop=0 hopf=0]
  explanation | subject='explain clarify describe define teach' | nodes=7/20000 | fires=0 | inhibits=0 | connected=[reasoning] | tbl[nodes=7 json=23 drop=24 hopf=0]
  greeting | subject='hello hi greet welcome conversation' | nodes=6/20000 | fires=0 | inhibits=0 | connected=[comfort] | tbl[nodes=6 json=19 drop=10 hopf=0]
  identity | subject='who grug is and what grug does' | nodes=6/20000 | fires=0 | inhibits=0 | connected=[none] | tbl[nodes=6 json=48 drop=21 hopf=0]
  inquiry | subject='ask question wonder curious learn' | nodes=3/20000 | fires=0 | inhibits=0 | connected=[none] | tbl[nodes=3 json=15 drop=11 hopf=0]
  knowledge | subject='fire water wolf rock food' | nodes=5/20000 | fires=0 | inhibits=0 | connected=[none] | tbl[nodes=5 json=34 drop=24 hopf=0]
  memory | subject='remember recall past history' | nodes=2/20000 | fires=0 | inhibits=0 | connected=[none] | tbl[nodes=2 json=10 drop=6 hopf=0]
  nature | subject='sky river tree wind animal' | nodes=3/20000 | fires=0 | inhibits=0 | connected=[none] | tbl[nodes=3 json=18 drop=11 hopf=0]
  planning | subject='plan strategy goal future intend' | nodes=3/20000 | fires=0 | inhibits=0 | connected=[none] | tbl[nodes=3 json=15 drop=10 hopf=0]
  reasoning | subject='think reason analyze ponder logic' | nodes=7/20000 | fires=0 | inhibits=0 | connected=[explanation] | tbl[nodes=7 json=23 drop=18 hopf=0]
  survival | subject='flee hide fight danger threat' | nodes=7/20000 | fires=0 | inhibits=0 | connected=[alert] | tbl[nodes=7 json=27 drop=15 hopf=0]

Brain > ╔══════════════════════════════════════════════════╗
║              GRUGBOT SYSTEM STATUS               ║
╠══════════════════════════════════════════════════╣
║  ENGINE                                          ║
  Nodes in cave   : 72
  Hopfield cache  : 0 entries
  Memory messages : 360
  Est. memory use : ~247 KB
  Trajectory buf  : 0 entries
  Temporal coher  : 0 entries
  Morph cooldowns : 0 active
  Current arousal : 1.0
  Last input ago  : 0.0s
║  LOBES                                           ║
  Lobes registered: 16
  Nodes in lobes  : 72
  Top lobe (fires): explanation (0 fires)
║  BRAINSTEM                                       ║
  Dispatches run  : 0
  Last winner     : none
  Propagations    : 0
  Is dispatching  : false
║  CHATTER                                         ║
  Chatter running : false
  Input queue     : 0 pending
  Sessions run    : 0
║  AIML NODE TRIBES                                ║
=== AIML NODE TRIBES (cycle=113) ===
  alert | pop=0/6666 | live=0 | grave=0
  celebration | pop=0/6666 | live=0 | grave=0
  comfort | pop=0/6666 | live=0 | grave=0
  core_rules | pop=0/6666 | live=0 | grave=0
  craft | pop=0/6666 | live=0 | grave=0
  explanation | pop=0/6666 | live=0 | grave=0
  greeting | pop=0/6666 | live=0 | grave=0
  identity | pop=0/6666 | live=0 | grave=0
  inquiry | pop=0/6666 | live=0 | grave=0
  knowledge | pop=0/6666 | live=0 | grave=0
  memory | pop=0/6666 | live=0 | grave=0
  nature | pop=0/6666 | live=0 | grave=0
  planning | pop=0/6666 | live=0 | grave=0
  reasoning | pop=0/6666 | live=0 | grave=0
  survival | pop=0/6666 | live=0 | grave=0
╚══════════════════════════════════════════════════╝

Brain > [GRUG] 👋 /quit received. Cave closes. Goodbye.
