🧠 Default specimen detected at /workspace/grugbot420_repo/src/../grug-binary/default.specimen.gz — auto-loading...
  🧹 Wiping current cave state...
  ✅ Cave wiped clean. Beginning restore...
  🔢 ID counters restored (node=20, msg=38)
  🗳  Last voters restored (0 IDs)
  👁  Eye state restored
  🔧 Verb registry restored (5 classes, 22 verbs, 0 synonyms)
  🔤 Thesaurus restored (499 words)
  🧠 Lobes restored (7)
  📋 Lobe tables restored (7)
  🌱 Nodes restored (20)
  ⚡ Hopfield cache restored (0 entries)
  ⚙️  Rules restored (0)
  🚫 Inhibitions restored (0)
  💬 Messages restored (38 total, 3 pinned)
  👁  Arousal restored (level=0.3)
  🧬 BrainStem state restored
  🔗 Attachments restored (0)
  🔮 Trajectory restored (0 entries)
  🕐 Temporal coherence restored (0 entries)
  ⏳ Morph cooldowns restored (0 active)
  🛡 Immune system restored (0 signatures, 0 ledger entries)
  🤖 AIML system restored (0 nodes across 6 lobes)
  ✅ Default specimen restored.
    ╔══════════════════════════════════════════════════════════════╗
    ║            🧬 SPECIMEN LOADED SUCCESSFULLY                   ║
    ╠══════════════════════════════════════════════════════════════╣
      📁  File             : /workspace/grugbot420_repo/src/../grug-binary/default.specimen.gz
      📦  Compressed size  : 12556 bytes
      📄  JSON size        : 92213 bytes
  (Set GRUG_NO_AUTOLOAD=1 to skip this on next boot.)
System Online. Grug waiting at cave entrance for instructions.
Primary  : /mission <input>                    (text or image binary)
Feedback : /wrong                              (penalize last response voters)
Explicit : /explicit <cmd> [<node_id>] <input>
Grow     : /grow <lobe_id> <json_packet>      (plant node(s) into a lobe)
         :   • <lobe_id> is required — use `-` for unassigned pool
         :   • Single node: {"pattern":"...","action_packet":"...","data":{...}}
         :   • Multi node:  {"nodes":[{...},{...}]}
         :   • `data.system_prompt` defaults to "Grug speaks plainly." if absent
Rules    : /addRule <rule text> [prob=0.0-1.0]
           Tags: {MISSION}, {PRIMARY_ACTION}, {SURE_ACTIONS}, {UNSURE_ACTIONS},
                 {ALL_ACTIONS}, {CONFIDENCE}, {NODE_ID}, {MEMORY}, {LOBE_CONTEXT}
Memory   : /pin <text>
Nodes    : /nodes                              (show node map status)
Status   : /status                             (show chatter + system status)
Arousal  : /arousal <0.0-1.0>                 (set eye system arousal level)
Verbs    : /addVerb <verb> <class>             (add verb to relation class)
         : /addRelationClass <name>            (create new verb class bucket)
         : /addSynonym <canonical> <alias>     (normalize alias->canonical)
         : /listVerbs                          (show all verb classes + synonyms)
Lobes    : /newLobe <id> <subject>             (create a new subject lobe)
         : /connectLobes <id_a> <id_b>         (connect two lobes)
         : /lobeGrow <lobe_id> <json_packet>   (DEPRECATED — alias for /grow)
         : /lobes                              (list all lobes + node counts)
         : /tableStatus <lobe_id>              (show hash table chunks for a lobe)
         : /tableMatch <lobe_id> <chunk> <pat> (pattern-activate entries in chunk)
Thesaurus: /thesaurus <word1> | <word2>        (compare words/concepts dimensionally)
         : /thesaurus <w1> | <w2> :: <ctx1> :: <ctx2>  (with context lists)
NegThes  : /negativeThesaurus add|remove|list|check|flush
Attach   : /nodeAttach <lobe> <target> <id> <pat> ...  (attach nodes with relational fire patterns)
         : /nodeDetach <lobe> <target> <id>            (detach a node from target)
ImgAttach: /imgnodeAttach <lobe> <tgt> <id> <b64> [w h] (attach image node with SDF-based fire)
         : /imgnodeDetach <lobe> <target> <id>         (detach image node from target)
         : /attachments                         (show all node attachments)
Crystal  : /crystalize <lobe> <target> <attach>        (💎 mark attachment as sticky/user-locked)
         : /decrystalize <lobe> <target> <attach>      (🔓 remove sticky flag, restore coinflip)
Specimen : /saveSpecimen <filepath>            (save full cave state to compressed file)
         : /loadSpecimen <filepath>            (restore full cave state from compressed file)
Help     : /help                               (full command reference)

╔══════════════════════════════════════════════════════════════════╗
║  SPECIMEN SEEDING GUIDE (read before /grow)                     ║
╠══════════════════════════════════════════════════════════════════╣
║  Automatic neighbor latching is SUPPRESSED below 1000 nodes.   ║
║  Below that threshold, YOU control topology via drop_table.     ║
║                                                                  ║
║  For a coherent specimen from the start:                        ║
║  1. Seed ORTHOGONAL archetypes first - distinct semantic poles. ║
║     Don't plant 50 near-identical nodes up front.               ║
║  2. Use required_relations as semantic GATES from day one.      ║
║     Nodes that demand specific verbs won't fire on noise.       ║
║  3. Name action_packets deliberately - distinct action families ║
║     give the superposition orchestrator something to work with. ║
║  4. Wire drop_tables manually for known co-activation pairs.    ║
║     Don't rely on the latch system to discover semantics.       ║
║  5. Your first ~100 nodes are the specimen's DNA.               ║
║     The engine enforces structure at scale (1000+ nodes).       ║
║     You enforce MEANING at the start.                           ║
╚══════════════════════════════════════════════════════════════════╝

Brain > --> Grug thawing specimen from file...
  🧹 Wiping current cave state...
  ✅ Cave wiped clean. Beginning restore...
  🔢 ID counters restored (node=42, msg=84)
  🗳  Last voters restored (0 IDs)
  👁  Eye state restored
  🔧 Verb registry restored (6 classes, 30 verbs, 5 synonyms)
  🔤 Thesaurus restored (499 words)
  🧠 Lobes restored (13)
  📋 Lobe tables restored (13)
  🌱 Nodes restored (42)
  ⚡ Hopfield cache restored (0 entries)
  ⚙️  Rules restored (0)
  🚫 Inhibitions restored (0)
  💬 Messages restored (84 total, 5 pinned)
  👁  Arousal restored (level=0.3)
  🧬 BrainStem state restored
  🔗 Attachments restored (0)
  🔮 Trajectory restored (0 entries)
  🕐 Temporal coherence restored (0 entries)
  ⏳ Morph cooldowns restored (0 active)
  🛡 Immune system restored (0 signatures, 0 ledger entries)
  🤖 AIML system restored (0 nodes across 12 lobes)

╔══════════════════════════════════════════════════════════════╗
║            🧬 SPECIMEN LOADED SUCCESSFULLY                   ║
╠══════════════════════════════════════════════════════════════╣
  📁  File             : /workspace/grug_test/kitchen_sink_v9_b3a/kitchen_sink.specimen.gz
  📦  Compressed size  : 16162 bytes
  📄  JSON size        : 128045 bytes
  ⏱️   Time             : 0.01s
  ─────────────────────────────────────────────
  🌱  Nodes            : 42
  🧠  Lobes            : 13
  📋  Lobe tables      : 13
  ⚡  Hopfield entries  : 0
  ⚙️   Rules            : 0
  💬  Messages         : 84 (5 pinned)
  🔧  Verb classes     : 6 (30 verbs)
  🔤  Thesaurus words  : 499
  🚫  Inhibitions      : 0
  🔗  Attachments      : 0
  🤖  AIML nodes       : 0 (12 lobes)
  👁   Arousal          : 0.3
  🔢  ID counters      : node=42, msg=84
  ─────────────────────────────────────────────
  🧹  Previous state   : WIPED (full brain transplant)
╚══════════════════════════════════════════════════════════════╝

Brain > === LOBE REGISTRY (13 lobes, 42 nodes indexed) ===
  alert | subject='warn caution notify danger flag urgent' | nodes=3/20000 | fires=0 | inhibits=0 | connected=[survival] | tbl[nodes=3 json=3 drop=0 hopf=0]
  celebration | subject='celebrate joy happy glad cheerful' | nodes=3/20000 | fires=0 | inhibits=0 | connected=[comfort,greeting] | tbl[nodes=3 json=3 drop=0 hopf=0]
  comfort | subject='comfort support validate reassure care' | nodes=4/20000 | fires=0 | inhibits=0 | connected=[celebration,greeting] | tbl[nodes=4 json=4 drop=0 hopf=0]
  craft | subject='tool make build hammer carve' | nodes=3/20000 | fires=0 | inhibits=0 | connected=[explanation] | tbl[nodes=3 json=3 drop=0 hopf=0]
  default | subject='general thinking reasoning conversation greeting' | nodes=3/20000 | fires=0 | inhibits=0 | connected=[none] | tbl[nodes=3 json=0 drop=0 hopf=0]
  explanation | subject='explain clarify describe define teach' | nodes=4/20000 | fires=0 | inhibits=0 | connected=[craft,inquiry,nature,reasoning] | tbl[nodes=4 json=4 drop=0 hopf=0]
  greeting | subject='hello hi greet welcome conversation' | nodes=3/20000 | fires=0 | inhibits=0 | connected=[celebration,comfort] | tbl[nodes=3 json=3 drop=5 hopf=0]
  inquiry | subject='question ask wonder curious investigate' | nodes=3/20000 | fires=0 | inhibits=0 | connected=[explanation] | tbl[nodes=3 json=3 drop=0 hopf=0]
  memory | subject='remember recall past history recollect' | nodes=2/20000 | fires=0 | inhibits=0 | connected=[reasoning] | tbl[nodes=2 json=2 drop=0 hopf=0]
  nature | subject='stone tree water sky weather' | nodes=3/20000 | fires=0 | inhibits=0 | connected=[explanation] | tbl[nodes=3 json=3 drop=0 hopf=0]
  planning | subject='plan strategy goal future intend' | nodes=3/20000 | fires=0 | inhibits=0 | connected=[reasoning] | tbl[nodes=3 json=3 drop=0 hopf=0]
  reasoning | subject='think reason analyze ponder logic' | nodes=4/20000 | fires=0 | inhibits=0 | connected=[explanation,memory,planning] | tbl[nodes=4 json=4 drop=0 hopf=0]
  survival | subject='flee hide fight danger threat run' | nodes=4/20000 | fires=0 | inhibits=0 | connected=[alert] | tbl[nodes=4 json=4 drop=2 hopf=0]

Brain > === SEMANTIC VERB REGISTRY ===
  [action]: breaks, burns, hits, runs
  [causal]: causes, contradicts, hits, increases, makes, reduces, routes
  [emotive]: fears, feels, loves
  [epistemic]: believes, knows, thinks
  [spatial]: are, connects, is, on, sees, under, was, were
  [temporal]: after, before, chasing, follows, precedes
  --- Synonyms ---
    dreads → fears
    ponders → thinks
    reasons → thinks
    spots → sees
    strikes → hits

Brain > ╔══════════════════════════════════════════════════╗
║              GRUGBOT SYSTEM STATUS               ║
╠══════════════════════════════════════════════════╣
║  ENGINE                                          ║
  Nodes in cave   : 42
  Hopfield cache  : 0 entries
  Memory messages : 85
  Est. memory use : ~83 KB
  Trajectory buf  : 0 entries
  Temporal coher  : 0 entries
  Morph cooldowns : 0 active
  Current arousal : 0.3
  Last input ago  : 0.0s
║  LOBES                                           ║
  Lobes registered: 13
  Nodes in lobes  : 42
  Top lobe (fires): explanation (0 fires)
║  BRAINSTEM                                       ║
  Dispatches run  : 0
  Last winner     : none
  Propagations    : 0
  Is dispatching  : false
║  CHATTER                                         ║
  Chatter running : false
  Input queue     : 0 pending
  Sessions run    : 0
║  AIML NODE TRIBES                                ║
=== AIML NODE TRIBES (cycle=0) ===
  alert | pop=0/6666 | live=0 | grave=0
  celebration | pop=0/6666 | live=0 | grave=0
  comfort | pop=0/6666 | live=0 | grave=0
  craft | pop=0/6666 | live=0 | grave=0
  explanation | pop=0/6666 | live=0 | grave=0
  greeting | pop=0/6666 | live=0 | grave=0
  inquiry | pop=0/6666 | live=0 | grave=0
  memory | pop=0/6666 | live=0 | grave=0
  nature | pop=0/6666 | live=0 | grave=0
  planning | pop=0/6666 | live=0 | grave=0
  reasoning | pop=0/6666 | live=0 | grave=0
  survival | pop=0/6666 | live=0 | grave=0
╚══════════════════════════════════════════════════╝

Brain > 👁  Arousal set to 0.5. Eye system updated.

Brain > 
🔍 THESAURUS COMPARISON
  Input 1  : "happy"  → seeds: cheerful, content, delighted, elated
  Input 2  : "sad"  → seeds: dejected, downcast, gloomy, melancholy
  Type     : word-word
  ─────────────────────────────
  Overall  : 0.0%  [NEGLIGIBLE]
  Semantic : 0.0%
  Context  : 50.0%
  Assoc    : 0.0%
  Confid.  : 90.0%


Brain > 
🔍 THESAURUS COMPARISON
  Input 1  : "tool"
  Input 2  : "weapon"
  Type     : word-word
  ─────────────────────────────
  Overall  : 0.0%  [NEGLIGIBLE]
  Semantic : 0.0%
  Context  : 50.0%
  Assoc    : 0.0%
  Confid.  : 90.0%


Brain > [ENGINE] 🔗  Node 'node_4' attached to target 'node_3' with pattern "morning hello" (base_conf=0.383, 1/4 slots used).
🔗 /nodeAttach complete:
   → Attached 'node_4' to 'node_3' with pattern "morning hello" (base_conf=0.383, 1/4)

Brain > [ENGINE] 🔗  Node 'node_5' attached to target 'node_3' with pattern "casual hello" (base_conf=0.05, 2/4 slots used).
🔗 /nodeAttach complete:
   → Attached 'node_5' to 'node_3' with pattern "casual hello" (base_conf=0.05, 2/4)

Brain > [ENGINE] 🔗  Node 'node_7' attached to target 'node_6' with pattern "why think" (base_conf=0.55, 1/4 slots used).
🔗 /nodeAttach complete:
   → Attached 'node_7' to 'node_6' with pattern "why think" (base_conf=0.55, 1/4)

Brain > [ENGINE] 🔗  Node 'node_8' attached to target 'node_6' with pattern "think mechanism" (base_conf=0.05, 2/4 slots used).
🔗 /nodeAttach complete:
   → Attached 'node_8' to 'node_6' with pattern "think mechanism" (base_conf=0.05, 2/4)

Brain > [ENGINE] 🔗  Node 'node_11' attached to target 'node_10' with pattern "danger run" (base_conf=0.55, 1/4 slots used).
🔗 /nodeAttach complete:
   → Attached 'node_11' to 'node_10' with pattern "danger run" (base_conf=0.55, 1/4)

Brain > [ENGINE] 🔗  Node 'node_12' attached to target 'node_10' with pattern "danger fire" (base_conf=0.383, 2/4 slots used).
🔗 /nodeAttach complete:
   → Attached 'node_12' to 'node_10' with pattern "danger fire" (base_conf=0.383, 2/4)

Brain > [ENGINE] 🔗  Node 'node_19' attached to target 'node_18' with pattern "feel sad" (base_conf=0.55, 1/4 slots used).
🔗 /nodeAttach complete:
   → Attached 'node_19' to 'node_18' with pattern "feel sad" (base_conf=0.55, 1/4)

Brain > [ENGINE] 🔗  Node 'node_20' attached to target 'node_18' with pattern "feel worried" (base_conf=0.55, 2/4 slots used).
🔗 /nodeAttach complete:
   → Attached 'node_20' to 'node_18' with pattern "feel worried" (base_conf=0.55, 2/4)

Brain > [ENGINE] 🔗  Node 'node_21' attached to target 'node_18' with pattern "feel lonely" (base_conf=0.55, 3/4 slots used).
🔗 /nodeAttach complete:
   → Attached 'node_21' to 'node_18' with pattern "feel lonely" (base_conf=0.55, 3/4)

Brain > [ENGINE] 🔗  Node 'node_34' attached to target 'node_33' with pattern "should plan" (base_conf=0.383, 1/4 slots used).
🔗 /nodeAttach complete:
   → Attached 'node_34' to 'node_33' with pattern "should plan" (base_conf=0.383, 1/4)

Brain > [ENGINE] 🔗  Node 'node_35' attached to target 'node_33' with pattern "should next" (base_conf=0.383, 2/4 slots used).
🔗 /nodeAttach complete:
   → Attached 'node_35' to 'node_33' with pattern "should next" (base_conf=0.383, 2/4)

Brain > [ENGINE] 🔗  Node 'node_37' attached to target 'node_36' with pattern "sky river" (base_conf=0.55, 1/4 slots used).
🔗 /nodeAttach complete:
   → Attached 'node_37' to 'node_36' with pattern "sky river" (base_conf=0.55, 1/4)

Brain > [ENGINE] 🔗  Node 'node_40' attached to target 'node_39' with pattern "tool build" (base_conf=0.55, 1/4 slots used).
🔗 /nodeAttach complete:
   → Attached 'node_40' to 'node_39' with pattern "tool build" (base_conf=0.55, 1/4)

Brain > === ATTACHMENT MAP (7 targets with attachments) ===
  🎯 node_10 (2/4 attached):
      🔗 node_11 [ALIVE str=1.0] | base_conf=0.55 | connector="danger run"
      🔗 node_12 [ALIVE str=1.0] | base_conf=0.383 | connector="danger fire"
  🎯 node_18 (3/4 attached):
      🔗 node_19 [ALIVE str=1.0] | base_conf=0.55 | connector="feel sad"
      🔗 node_20 [ALIVE str=1.0] | base_conf=0.55 | connector="feel worried"
      🔗 node_21 [ALIVE str=1.0] | base_conf=0.55 | connector="feel lonely"
  🎯 node_3 (2/4 attached):
      🔗 node_4 [ALIVE str=1.0] | base_conf=0.383 | connector="morning hello"
      🔗 node_5 [ALIVE str=1.0] | base_conf=0.05 | connector="casual hello"
  🎯 node_33 (2/4 attached):
      🔗 node_34 [ALIVE str=1.0] | base_conf=0.383 | connector="should plan"
      🔗 node_35 [ALIVE str=1.0] | base_conf=0.383 | connector="should next"
  🎯 node_36 (1/4 attached):
      🔗 node_37 [ALIVE str=1.0] | base_conf=0.55 | connector="sky river"
  🎯 node_39 (1/4 attached):
      🔗 node_40 [ALIVE str=1.0] | base_conf=0.55 | connector="tool build"
  🎯 node_6 (2/4 attached):
      🔗 node_7 [ALIVE str=1.0] | base_conf=0.55 | connector="why think"
      🔗 node_8 [ALIVE str=1.0] | base_conf=0.05 | connector="think mechanism"

Brain > 💎 💎 Attachment node_18→node_19 CRYSTALIZED (origin=:user). Always fires.

Brain > 💎 💎 Attachment node_10→node_12 CRYSTALIZED (origin=:user). Always fires.

Brain > 💎 💎 Attachment node_39→node_40 CRYSTALIZED (origin=:user). Always fires.

Brain > === ATTACHMENT MAP (7 targets with attachments) ===
  🎯 node_10 (2/4 attached):
      🔗 node_11 [ALIVE str=1.0] | base_conf=0.55 | connector="danger run"
      🔗 node_12 [ALIVE str=1.0] 💎[CRYSTAL:user] | base_conf=0.383 | connector="danger fire"
  🎯 node_18 (3/4 attached):
      🔗 node_19 [ALIVE str=1.0] 💎[CRYSTAL:user] | base_conf=0.55 | connector="feel sad"
      🔗 node_20 [ALIVE str=1.0] | base_conf=0.55 | connector="feel worried"
      🔗 node_21 [ALIVE str=1.0] | base_conf=0.55 | connector="feel lonely"
  🎯 node_3 (2/4 attached):
      🔗 node_4 [ALIVE str=1.0] | base_conf=0.383 | connector="morning hello"
      🔗 node_5 [ALIVE str=1.0] | base_conf=0.05 | connector="casual hello"
  🎯 node_33 (2/4 attached):
      🔗 node_34 [ALIVE str=1.0] | base_conf=0.383 | connector="should plan"
      🔗 node_35 [ALIVE str=1.0] | base_conf=0.383 | connector="should next"
  🎯 node_36 (1/4 attached):
      🔗 node_37 [ALIVE str=1.0] | base_conf=0.55 | connector="sky river"
  🎯 node_39 (1/4 attached):
      🔗 node_40 [ALIVE str=1.0] 💎[CRYSTAL:user] | base_conf=0.55 | connector="tool build"
  🎯 node_6 (2/4 attached):
      🔗 node_7 [ALIVE str=1.0] | base_conf=0.55 | connector="why think"
      🔗 node_8 [ALIVE str=1.0] | base_conf=0.05 | connector="think mechanism"

Brain > --> Scanning specimens & looking for dialectical relations...
[ENGINE] ⚡  Attachment relay: 'node_4' fired via target 'node_3' (conf=0.29, connector="morning hello")
[ENGINE] ⚡  Attachment relay: 'node_5' fired via target 'node_3' (conf=0.1, connector="casual hello")
[ENGINE] 🔗  Attachment relay pass added 2 node(s) to expanded set.
[ORCHESTRATOR] 🎯 Lobe Curve (base × top = score):
  👑 greeting: base=0.351 × top=0.476 = 0.4397 [hard_votes=1]
  · default: base=0.522 × top=0.522 = 0.2723 [hard_votes=1]
--> 3 valid votes passed gate... compiling JIT superposition...
[ENGINE] 🐢  Node node_3 marked [GRAVED-SLOW] (avg: 5.16s > 5.0s).
[ENGINE] 🐢  Node node_4 marked [GRAVED-SLOW] (avg: 5.16s > 5.0s).
[ENGINE] 🐢  Node node_5 marked [GRAVED-SLOW] (avg: 5.16s > 5.0s).

🤖 AIML Output Scaffold:
[Grug greet warm] Hello — here is what matters: hello hi.
--- DEBUG TELEMETRY (orchestration internals, not for speech) ---
Mission: 'hello'
Primary Action: welcome  (conf=0.66, certainty=SURE)
Sure Actions: [welcome]
Unsure Actions (Coinflip Side-Features): [None]
Constraints: [None]
Winning Node: node_3
Lobe Context: [greeting (3/3 active (good morning | howdy | hello hi))]
User Triples: None
Node Triples: None
Anti-Match Detected: false
AIML Memory Bank:
Deep Memory (Pinned): [User_Pinned]: Grug speak plain. Grug not pretend smart. | [User_Pinned]: Many rocks compete. Loudest rock get to talk. | [User_Pinned]: Grug listen first, talk second. | [User_Pinned]: Tribe stronger than lone hunter. | [User_Pinned]: Hot rock burn. Soft skin remember.
Fresh Memory [threshold=0.67 eligible=10] (Recent): [System]: /grow reasoning [JSON MAP PACKET] (intensity=0.67) | [System]: /grow celebration [JSON MAP PACKET] (intensity=0.67) | [System]: /nodeAttach: Attached 'node_4' to 'node_3' with pattern "morning hello" (base_conf=0.383, 1/4) (intensity=0.73)
Memory-Pull Policy: pull_fresh=false — SURE vote (conf=0.66) and no winning node requested context — fresh memory withheld
Lobe Curve (base × top = score):
  👑 greeting: base=0.351 × top=0.476 = 0.4397 [hard_votes=1]
  · default: base=0.522 × top=0.522 = 0.2723 [hard_votes=1]
=========================================

Brain > [ENGINE] ✅ /right: contributors=1 rewarded=0 double_skip=0 coinflip_miss=0 grave_skip=1
✅ /right applied. 1 contributor(s) processed: 0 rewarded, 0 skipped (already gained), 0 missed coinflip.
   ↳ context intensity nudged up on 8 message(s) used last cycle.

Brain > --> Scanning specimens & looking for dialectical relations...
[ORCHESTRATOR] 🎯 Lobe Curve (base × top = score):
  👑 default: base=0.518 × top=0.518 = 0.2686 [hard_votes=1]
--> 1 valid votes passed gate... compiling JIT superposition...

🤖 AIML Output Scaffold:
[Highly polite greeting protocols active] Hello — here is what matters: hello hi greeting mornin.
--- DEBUG TELEMETRY (orchestration internals, not for speech) ---
Mission: 'hello'
Primary Action: greet  (conf=0.52, certainty=SURE)
Sure Actions: [greet]
Unsure Actions (Coinflip Side-Features): [None]
Constraints: [dont frown, dont insult, dont be rude]
Winning Node: node_0
Lobe Context: [default (3/3 active (hello hi greeting mornin | think ponder reason calculate | grug hits rock and makes fire))]
User Triples: None
Node Triples: None
Anti-Match Detected: false
AIML Memory Bank:
Deep Memory (Pinned): [User_Pinned]: Grug speak plain. Grug not pretend smart. | [User_Pinned]: Many rocks compete. Loudest rock get to talk. | [User_Pinned]: Grug listen first, talk second. | [User_Pinned]: Tribe stronger than lone hunter. | [User_Pinned]: Hot rock burn. Soft skin remember.
Fresh Memory [threshold=0.75 eligible=5] (Recent): [System]: /grow celebration [JSON MAP PACKET] (intensity=0.76)
Memory-Pull Policy: pull_fresh=false — SURE vote (conf=0.52) and no winning node requested context — fresh memory withheld
Lobe Curve (base × top = score):
  👑 default: base=0.518 × top=0.518 = 0.2686 [hard_votes=1]
=========================================

Brain > --> Scanning specimens & looking for dialectical relations...
[ORCHESTRATOR] 🎯 Lobe Curve (base × top = score):
  👑 default: base=0.52 × top=0.52 = 0.2704 [hard_votes=1]
--> 1 valid votes passed gate... compiling JIT superposition...

🤖 AIML Output Scaffold:
[Highly polite greeting protocols active] Hello — here is what matters: hello hi greeting mornin.
--- DEBUG TELEMETRY (orchestration internals, not for speech) ---
Mission: 'hello'
Primary Action: welcome  (conf=0.52, certainty=SURE)
Sure Actions: [welcome]
Unsure Actions (Coinflip Side-Features): [None]
Constraints: [dont frown, dont insult, dont be rude]
Winning Node: node_0
Lobe Context: [default (3/3 active (hello hi greeting mornin | think ponder reason calculate | grug hits rock and makes fire))]
User Triples: None
Node Triples: None
Anti-Match Detected: false
AIML Memory Bank:
Deep Memory (Pinned): [User_Pinned]: Grug speak plain. Grug not pretend smart. | [User_Pinned]: Many rocks compete. Loudest rock get to talk. | [User_Pinned]: Grug listen first, talk second. | [User_Pinned]: Tribe stronger than lone hunter. | [User_Pinned]: Hot rock burn. Soft skin remember.
Fresh Memory [threshold=0.38 eligible=9] (Recent): No recent sounds
Memory-Pull Policy: pull_fresh=false — SURE vote (conf=0.52) and no winning node requested context — fresh memory withheld
Lobe Curve (base × top = score):
  👑 default: base=0.52 × top=0.52 = 0.2704 [hard_votes=1]
=========================================

Brain > [ENGINE] ✅ /right: contributors=1 rewarded=1 double_skip=0 coinflip_miss=0 grave_skip=0
✅ /right applied. 1 contributor(s) processed: 1 rewarded, 0 skipped (already gained), 0 missed coinflip.
   ↳ context intensity nudged up on 5 message(s) used last cycle.

Brain > --> Scanning specimens & looking for dialectical relations...
--> No valid specimens found for this input. Cave is silent.

Brain > [ENGINE] ✅ /right: contributors=1 rewarded=0 double_skip=1 coinflip_miss=0 grave_skip=0
✅ /right applied. 1 contributor(s) processed: 0 rewarded, 1 skipped (already gained), 0 missed coinflip.
   ↳ context intensity nudged up on 5 message(s) used last cycle.

Brain > --> Scanning specimens & looking for dialectical relations...
--> No valid specimens found for this input. Cave is silent.

Brain > --> Scanning specimens & looking for dialectical relations...
[ORCHESTRATOR] 🎯 Lobe Curve (base × top = score):
  👑 explanation: base=0.911 × top=0.911 = 0.8296 [hard_votes=1]
  · default: base=0.547 × top=0.547 = 0.2987 [hard_votes=1]
  · survival: base=0.308 × top=0.308 = 0.0947 [hard_votes=0]
--> 1 valid votes passed gate... compiling JIT superposition...

🤖 AIML Output Scaffold:
[Grug explain plain] Here is the picture: what is.
--- DEBUG TELEMETRY (orchestration internals, not for speech) ---
Mission: 'what is fire'
Primary Action: explain  (conf=0.91, certainty=SURE)
Sure Actions: [explain]
Unsure Actions (Coinflip Side-Features): [None]
Constraints: [None]
Winning Node: node_14
Lobe Context: [explanation (4/4 active (what is | clarify | define))]
User Triples: (what, is, fire)
Node Triples: None
Anti-Match Detected: false
AIML Memory Bank:
Deep Memory (Pinned): [User_Pinned]: Grug speak plain. Grug not pretend smart. | [User_Pinned]: Many rocks compete. Loudest rock get to talk. | [User_Pinned]: Grug listen first, talk second. | [User_Pinned]: Tribe stronger than lone hunter. | [User_Pinned]: Hot rock burn. Soft skin remember.
Fresh Memory [threshold=0.38 eligible=10] (Recent): No recent sounds
Memory-Pull Policy: pull_fresh=false — SURE vote (conf=0.91) and no winning node requested context — fresh memory withheld
Lobe Curve (base × top = score):
  👑 explanation: base=0.911 × top=0.911 = 0.8296 [hard_votes=1]
  · default: base=0.547 × top=0.547 = 0.2987 [hard_votes=1]
  · survival: base=0.308 × top=0.308 = 0.0947 [hard_votes=0]
=========================================

Brain > [ENGINE] ✅ /right: contributors=1 rewarded=1 double_skip=0 coinflip_miss=0 grave_skip=0
✅ /right applied. 1 contributor(s) processed: 1 rewarded, 0 skipped (already gained), 0 missed coinflip.
   ↳ context intensity nudged up on 5 message(s) used last cycle.

Brain > --> Scanning specimens & looking for dialectical relations...
[ORCHESTRATOR] 🎯 Lobe Curve (base × top = score):
  👑 explanation: base=0.784 × top=0.784 = 0.6143 [hard_votes=1]
  · reasoning: base=0.327 × top=0.327 = 0.1067 [hard_votes=0]
--> 1 valid votes passed gate... compiling JIT superposition...

🤖 AIML Output Scaffold:
[Grug share what grug know] Here is the picture: chat me. Pinned note: Many rocks compete. Loudest rock get to talk.
--- DEBUG TELEMETRY (orchestration internals, not for speech) ---
Mission: 'tell me about rocks'
Primary Action: explain  (conf=0.78, certainty=SURE)
Sure Actions: [explain]
Unsure Actions (Coinflip Side-Features): [None]
Constraints: [None]
Winning Node: node_15
Lobe Context: [explanation (4/4 active (what is | clarify | define))]
User Triples: None
Node Triples: None
Anti-Match Detected: false
AIML Memory Bank:
Deep Memory (Pinned): [User_Pinned]: Grug speak plain. Grug not pretend smart. | [User_Pinned]: Many rocks compete. Loudest rock get to talk. | [User_Pinned]: Grug listen first, talk second. | [User_Pinned]: Tribe stronger than lone hunter. | [User_Pinned]: Hot rock burn. Soft skin remember.
Fresh Memory [threshold=0.38 eligible=9] (Recent): [User]: hello (intensity=0.66)
Memory-Pull Policy: pull_fresh=false — SURE vote (conf=0.78) and no winning node requested context — fresh memory withheld
Lobe Curve (base × top = score):
  👑 explanation: base=0.784 × top=0.784 = 0.6143 [hard_votes=1]
  · reasoning: base=0.327 × top=0.327 = 0.1067 [hard_votes=0]
=========================================

Brain > --> Scanning specimens & looking for dialectical relations...
[ORCHESTRATOR] 🎯 Lobe Curve (base × top = score):
  👑 reasoning: base=0.787 × top=0.787 = 0.6189 [hard_votes=1]
  · default: base=0.472 × top=0.472 = 0.2228 [hard_votes=0]
  · survival: base=0.231 × top=0.231 = 0.0532 [hard_votes=0]
--> 1 valid votes passed gate... compiling JIT superposition...

🤖 AIML Output Scaffold:
[Grug seek cause] Thinking it through: why. Pinned note: Hot rock burn. Soft skin remember.
--- DEBUG TELEMETRY (orchestration internals, not for speech) ---
Mission: 'why does fire burn'
Primary Action: analyze  (conf=0.79, certainty=SURE)
Sure Actions: [analyze]
Unsure Actions (Coinflip Side-Features): [None]
Constraints: [None]
Winning Node: node_7
Lobe Context: [reasoning (4/4 active (think about | how does | why))]
User Triples: None
Node Triples: None
Anti-Match Detected: false
AIML Memory Bank:
Deep Memory (Pinned): [User_Pinned]: Grug speak plain. Grug not pretend smart. | [User_Pinned]: Many rocks compete. Loudest rock get to talk. | [User_Pinned]: Grug listen first, talk second. | [User_Pinned]: Tribe stronger than lone hunter. | [User_Pinned]: Hot rock burn. Soft skin remember.
Fresh Memory [threshold=0.38 eligible=7] (Recent): [User]: tell me about rocks (intensity=0.81) | [System]: Mission "tell me about rocks" → primary=explain conf=0.78 node=node_15 (intensity=0.66) | [User]: why does fire burn (intensity=1.31)
Memory-Pull Policy: pull_fresh=false — SURE vote (conf=0.79) and no winning node requested context — fresh memory withheld
Lobe Curve (base × top = score):
  👑 reasoning: base=0.787 × top=0.787 = 0.6189 [hard_votes=1]
  · default: base=0.472 × top=0.472 = 0.2228 [hard_votes=0]
  · survival: base=0.231 × top=0.231 = 0.0532 [hard_votes=0]
=========================================

Brain > [ENGINE] ✅ /right: contributors=1 rewarded=1 double_skip=0 coinflip_miss=0 grave_skip=0
✅ /right applied. 1 contributor(s) processed: 1 rewarded, 0 skipped (already gained), 0 missed coinflip.
   ↳ context intensity nudged up on 8 message(s) used last cycle.

Brain > --> Scanning specimens & looking for dialectical relations...
[ORCHESTRATOR] 🎯 Lobe Curve (base × top = score):
  👑 craft: base=0.797 × top=0.797 = 0.6354 [hard_votes=1]
  · reasoning: base=0.52 × top=0.52 = 0.2701 [hard_votes=1]
  · inquiry: base=0.443 × top=0.443 = 0.1965 [hard_votes=0]
--> 1 valid votes passed gate... compiling JIT superposition...

🤖 AIML Output Scaffold:
[Grug talk about hitting-rock-with-handle] Here is the picture: hammer.
--- DEBUG TELEMETRY (orchestration internals, not for speech) ---
Mission: 'how does a hammer work'
Primary Action: describe  (conf=0.8, certainty=SURE)
Sure Actions: [describe]
Unsure Actions (Coinflip Side-Features): [None]
Constraints: [None]
Winning Node: node_41
Lobe Context: [craft (3/3 active (hammer | make a tool | build))]
User Triples: None
Node Triples: None
Anti-Match Detected: false
AIML Memory Bank:
Deep Memory (Pinned): [User_Pinned]: Grug speak plain. Grug not pretend smart. | [User_Pinned]: Many rocks compete. Loudest rock get to talk. | [User_Pinned]: Grug listen first, talk second. | [User_Pinned]: Tribe stronger than lone hunter. | [User_Pinned]: Hot rock burn. Soft skin remember.
Fresh Memory [threshold=0.38 eligible=6] (Recent): [System]: Mission "why does fire burn" → primary=analyze conf=0.79 node=node_7 (intensity=0.71)
Memory-Pull Policy: pull_fresh=false — SURE vote (conf=0.8) and no winning node requested context — fresh memory withheld
Lobe Curve (base × top = score):
  👑 craft: base=0.797 × top=0.797 = 0.6354 [hard_votes=1]
  · reasoning: base=0.52 × top=0.52 = 0.2701 [hard_votes=1]
  · inquiry: base=0.443 × top=0.443 = 0.1965 [hard_votes=0]
=========================================

Brain > --> Scanning specimens & looking for dialectical relations...
[ORCHESTRATOR] 🎯 Lobe Curve (base × top = score):
  👑 explanation: base=0.719 × top=0.719 = 0.5173 [hard_votes=1]
--> 1 valid votes passed gate... compiling JIT superposition...

🤖 AIML Output Scaffold:
[Grug explain plain] Here is the picture: what is.
--- DEBUG TELEMETRY (orchestration internals, not for speech) ---
Mission: 'what causes the storm to rumble'
Primary Action: explain  (conf=0.72, certainty=SURE)
Sure Actions: [explain]
Unsure Actions (Coinflip Side-Features): [None]
Constraints: [None]
Winning Node: node_14
Lobe Context: [explanation (4/4 active (what is | clarify | define))]
User Triples: (what, causes, the)
Node Triples: None
Anti-Match Detected: false
AIML Memory Bank:
Deep Memory (Pinned): [User_Pinned]: Grug speak plain. Grug not pretend smart. | [User_Pinned]: Many rocks compete. Loudest rock get to talk. | [User_Pinned]: Grug listen first, talk second. | [User_Pinned]: Tribe stronger than lone hunter. | [User_Pinned]: Hot rock burn. Soft skin remember.
Fresh Memory [threshold=0.38 eligible=8] (Recent): [System]: Mission "tell me about rocks" → primary=explain conf=0.78 node=node_15 (intensity=0.49) | [System]: Mission "how does a hammer work" → primary=describe conf=0.8 node=node_41 (intensity=0.65)
Memory-Pull Policy: pull_fresh=false — SURE vote (conf=0.72) and no winning node requested context — fresh memory withheld
Lobe Curve (base × top = score):
  👑 explanation: base=0.719 × top=0.719 = 0.5173 [hard_votes=1]
=========================================

Brain > --> Scanning specimens & looking for dialectical relations...
[ENGINE] ⚡  Attachment relay: 'node_12' fired via target 'node_10' (conf=0.264, connector="danger fire")
[ENGINE] 🔗  Attachment relay pass added 1 node(s) to expanded set.
[ORCHESTRATOR] 🎯 Lobe Curve (base × top = score):
  👑 survival: base=0.429 × top=0.594 = 0.3531 [hard_votes=1]
--> 2 valid votes passed gate... compiling JIT superposition...

🤖 AIML Output Scaffold:
[Grug see threat] A concern worth raising: danger.
--- DEBUG TELEMETRY (orchestration internals, not for speech) ---
Mission: 'danger ahead'
Primary Action: flee  (conf=0.59, certainty=SURE)
Sure Actions: [flee]
Unsure Actions (Coinflip Side-Features): [alert]
Constraints: [None]
Winning Node: node_10
Lobe Context: [survival (4/4 active (hide | fire burns | danger))]
User Triples: None
Node Triples: None
Anti-Match Detected: false
Other Possibilities (strong but not winners):
  🔸 node_12 | action=alert | conf=0.26 | relations=None
AIML Memory Bank:
Deep Memory (Pinned): [User_Pinned]: Grug speak plain. Grug not pretend smart. | [User_Pinned]: Many rocks compete. Loudest rock get to talk. | [User_Pinned]: Grug listen first, talk second. | [User_Pinned]: Tribe stronger than lone hunter. | [User_Pinned]: Hot rock burn. Soft skin remember.
Fresh Memory [threshold=0.38 eligible=7] (Recent): [User]: how does a hammer work (intensity=0.53) | [User]: what causes the storm to rumble (intensity=1.1)
Memory-Pull Policy: pull_fresh=false — SURE vote (conf=0.59) and no winning node requested context — fresh memory withheld
Lobe Curve (base × top = score):
  👑 survival: base=0.429 × top=0.594 = 0.3531 [hard_votes=1]
=========================================

Brain > [ENGINE] ✅ /right: contributors=2 rewarded=0 double_skip=0 coinflip_miss=2 grave_skip=0
✅ /right applied. 2 contributor(s) processed: 0 rewarded, 0 skipped (already gained), 2 missed coinflip.
   ↳ context intensity nudged up on 7 message(s) used last cycle.

Brain > --> Scanning specimens & looking for dialectical relations...
[ORCHESTRATOR] 🎯 Lobe Curve (base × top = score):
  👑 survival: base=0.523 × top=0.523 = 0.2733 [hard_votes=1]
--> 1 valid votes passed gate... compiling JIT superposition...

🤖 AIML Output Scaffold:
[Grug urge escape from harm] A concern worth raising: rush.
--- DEBUG TELEMETRY (orchestration internals, not for speech) ---
Mission: 'run from the wolf now'
Primary Action: flee  (conf=0.52, certainty=SURE)
Sure Actions: [flee]
Unsure Actions (Coinflip Side-Features): [None]
Constraints: [None]
Winning Node: node_11
Lobe Context: [survival (4/4 active (hide | fire burns | danger))]
User Triples: None
Node Triples: None
Anti-Match Detected: false
AIML Memory Bank:
Deep Memory (Pinned): [User_Pinned]: Grug speak plain. Grug not pretend smart. | [User_Pinned]: Many rocks compete. Loudest rock get to talk. | [User_Pinned]: Grug listen first, talk second. | [User_Pinned]: Tribe stronger than lone hunter. | [User_Pinned]: Hot rock burn. Soft skin remember.
Fresh Memory [threshold=0.38 eligible=6] (Recent): No recent sounds
Memory-Pull Policy: pull_fresh=false — SURE vote (conf=0.52) and no winning node requested context — fresh memory withheld
Lobe Curve (base × top = score):
  👑 survival: base=0.523 × top=0.523 = 0.2733 [hard_votes=1]
=========================================

Brain > --> Scanning specimens & looking for dialectical relations...
[ORCHESTRATOR] 🎯 Lobe Curve (base × top = score):
  👑 survival: base=0.551 × top=0.551 = 0.304 [hard_votes=1]
  · default: base=0.331 × top=0.331 = 0.1094 [hard_votes=0]
--> 1 valid votes passed gate... compiling JIT superposition...

🤖 AIML Output Scaffold:
[Grug warn of hot rock that bites] Thinking it through: fire burns.
--- DEBUG TELEMETRY (orchestration internals, not for speech) ---
Mission: 'fire burns my hand'
Primary Action: analyze  (conf=0.55, certainty=SURE)
Sure Actions: [analyze]
Unsure Actions (Coinflip Side-Features): [None]
Constraints: [None]
Winning Node: node_12
Lobe Context: [survival (4/4 active (hide | fire burns | danger))]
User Triples: (fire, burns, my)
Node Triples: None
Anti-Match Detected: false
AIML Memory Bank:
Deep Memory (Pinned): [User_Pinned]: Grug speak plain. Grug not pretend smart. | [User_Pinned]: Many rocks compete. Loudest rock get to talk. | [User_Pinned]: Grug listen first, talk second. | [User_Pinned]: Tribe stronger than lone hunter. | [User_Pinned]: Hot rock burn. Soft skin remember.
Fresh Memory [threshold=0.38 eligible=7] (Recent): [System]: Mission "run from the wolf now" → primary=flee conf=0.52 node=node_11 (intensity=0.65)
Memory-Pull Policy: pull_fresh=false — SURE vote (conf=0.55) and no winning node requested context — fresh memory withheld
Lobe Curve (base × top = score):
  👑 survival: base=0.551 × top=0.551 = 0.304 [hard_votes=1]
  · default: base=0.331 × top=0.331 = 0.1094 [hard_votes=0]
=========================================

Brain > [ENGINE] ✅ /right: contributors=1 rewarded=0 double_skip=0 coinflip_miss=1 grave_skip=0
✅ /right applied. 1 contributor(s) processed: 0 rewarded, 0 skipped (already gained), 1 missed coinflip.
   ↳ context intensity nudged up on 6 message(s) used last cycle.

Brain > --> Scanning specimens & looking for dialectical relations...
[ORCHESTRATOR] 🎯 Lobe Curve (base × top = score):
  👑 alert: base=0.555 × top=0.555 = 0.3081 [hard_votes=1]
--> 1 valid votes passed gate... compiling JIT superposition...

🤖 AIML Output Scaffold:
[Grug point at incoming thing] A caution: look out.
--- DEBUG TELEMETRY (orchestration internals, not for speech) ---
Mission: 'watch out for the cliff'
Primary Action: warn  (conf=0.56, certainty=SURE)
Sure Actions: [warn]
Unsure Actions (Coinflip Side-Features): [None]
Constraints: [None]
Winning Node: node_24
Lobe Context: [alert (3/3 active (watch out | careful | warning))]
User Triples: None
Node Triples: None
Anti-Match Detected: false
AIML Memory Bank:
Deep Memory (Pinned): [User_Pinned]: Grug speak plain. Grug not pretend smart. | [User_Pinned]: Many rocks compete. Loudest rock get to talk. | [User_Pinned]: Grug listen first, talk second. | [User_Pinned]: Tribe stronger than lone hunter. | [User_Pinned]: Hot rock burn. Soft skin remember.
Fresh Memory [threshold=0.38 eligible=6] (Recent): [User]: watch out for the cliff (intensity=1.29)
Memory-Pull Policy: pull_fresh=false — SURE vote (conf=0.56) and no winning node requested context — fresh memory withheld
Lobe Curve (base × top = score):
  👑 alert: base=0.555 × top=0.555 = 0.3081 [hard_votes=1]
=========================================

Brain > --> Scanning specimens & looking for dialectical relations...
--> No valid specimens found for this input. Cave is silent.

Brain > --> Scanning specimens & looking for dialectical relations...
[ORCHESTRATOR] 🎯 Lobe Curve (base × top = score):
  👑 nature: base=0.457 × top=0.458 = 0.2099 [hard_votes=0]
--> 2 valid votes passed gate... compiling JIT superposition...

🤖 AIML Output Scaffold:
[Grug know water move and life depend on it] Here is the picture: river. A companion frame: tree.
--- DEBUG TELEMETRY (orchestration internals, not for speech) ---
Mission: 'perhaps the river bends near the old tree'
Primary Action: explain  (conf=0.46, certainty=UNSURE)
Sure Actions: [explain, describe]
Unsure Actions (Coinflip Side-Features): [None]
Constraints: [None]
Winning Node: node_37
Lobe Context: [nature (3/3 active (the sky | river | tree))]
User Triples: None
Node Triples: None
Anti-Match Detected: false
Tied Alternatives (not selected):
  🪨 node_38 | action=describe | conf=0.46 | relations=None
AIML Memory Bank:
Deep Memory (Pinned): [User_Pinned]: Grug speak plain. Grug not pretend smart. | [User_Pinned]: Many rocks compete. Loudest rock get to talk. | [User_Pinned]: Grug listen first, talk second. | [User_Pinned]: Tribe stronger than lone hunter. | [User_Pinned]: Hot rock burn. Soft skin remember.
Fresh Memory [threshold=0.38 eligible=9] (Recent): [System]: Mission "run from the wolf now" → primary=flee conf=0.52 node=node_11 (intensity=0.57)
Memory-Pull Policy: pull_fresh=true — vote certainty=UNSURE — context helps disambiguate
Lobe Curve (base × top = score):
  👑 nature: base=0.457 × top=0.458 = 0.2099 [hard_votes=0]
=========================================

Brain > --> Scanning specimens & looking for dialectical relations...
[ORCHESTRATOR] 🎯 Lobe Curve (base × top = score):
  👑 planning: base=0.502 × top=0.502 = 0.2522 [hard_votes=1]
--> 1 valid votes passed gate... compiling JIT superposition...

🤖 AIML Output Scaffold:
[Grug weigh path forward] Thinking it through: should we.
--- DEBUG TELEMETRY (orchestration internals, not for speech) ---
Mission: 'maybe we should wait for dawn'
Primary Action: ponder  (conf=0.5, certainty=SURE)
Sure Actions: [ponder]
Unsure Actions (Coinflip Side-Features): [None]
Constraints: [None]
Winning Node: node_33
Lobe Context: [planning (3/3 active (plan to | next step | should we))]
User Triples: None
Node Triples: None
Anti-Match Detected: false
AIML Memory Bank:
Deep Memory (Pinned): [User_Pinned]: Grug speak plain. Grug not pretend smart. | [User_Pinned]: Many rocks compete. Loudest rock get to talk. | [User_Pinned]: Grug listen first, talk second. | [User_Pinned]: Tribe stronger than lone hunter. | [User_Pinned]: Hot rock burn. Soft skin remember.
Fresh Memory [threshold=0.38 eligible=7] (Recent): [User]: fire burns my hand (intensity=0.5)
Memory-Pull Policy: pull_fresh=false — SURE vote (conf=0.5) and no winning node requested context — fresh memory withheld
Lobe Curve (base × top = score):
  👑 planning: base=0.502 × top=0.502 = 0.2522 [hard_votes=1]
=========================================

Brain > [ENGINE] ✅ /right: contributors=1 rewarded=0 double_skip=0 coinflip_miss=1 grave_skip=0
✅ /right applied. 1 contributor(s) processed: 0 rewarded, 0 skipped (already gained), 1 missed coinflip.
   ↳ context intensity nudged up on 6 message(s) used last cycle.

Brain > --> Scanning specimens & looking for dialectical relations...
--> No valid specimens found for this input. Cave is silent.

Brain > --> Scanning specimens & looking for dialectical relations...
--> No valid specimens found for this input. Cave is silent.

Brain > --> Scanning specimens & looking for dialectical relations...
--> No valid specimens found for this input. Cave is silent.

Brain > --> Scanning specimens & looking for dialectical relations...
--> No valid specimens found for this input. Cave is silent.

Brain > --> Scanning specimens & looking for dialectical relations...
--> No valid specimens found for this input. Cave is silent.

Brain > --> Scanning specimens & looking for dialectical relations...
--> No valid specimens found for this input. Cave is silent.

Brain > --> Scanning specimens & looking for dialectical relations...
[ORCHESTRATOR] 🎯 Lobe Curve (base × top = score):
  👑 reasoning: base=0.88 × top=0.88 = 0.7744 [hard_votes=1]
--> 1 valid votes passed gate... compiling JIT superposition...

🤖 AIML Output Scaffold:
[Grug seek cause] Thinking it through: why.
--- DEBUG TELEMETRY (orchestration internals, not for speech) ---
Mission: 'why is this stupid garbage broken?'
Primary Action: analyze  (conf=0.88, certainty=SURE)
Sure Actions: [analyze]
Unsure Actions (Coinflip Side-Features): [None]
Constraints: [None]
Winning Node: node_7
Lobe Context: [reasoning (4/4 active (think about | how does | why))]
User Triples: (why, is, this)
Node Triples: None
Anti-Match Detected: false
AIML Memory Bank:
Deep Memory (Pinned): [User_Pinned]: Grug speak plain. Grug not pretend smart. | [User_Pinned]: Many rocks compete. Loudest rock get to talk. | [User_Pinned]: Grug listen first, talk second. | [User_Pinned]: Tribe stronger than lone hunter. | [User_Pinned]: Hot rock burn. Soft skin remember.
Fresh Memory [threshold=0.66 eligible=6] (Recent): [User]: maybe we should wait for dawn (intensity=0.83)
Memory-Pull Policy: pull_fresh=false — SURE vote (conf=0.88) and no winning node requested context — fresh memory withheld
Lobe Curve (base × top = score):
  👑 reasoning: base=0.88 × top=0.88 = 0.7744 [hard_votes=1]
=========================================

Brain > --> Scanning specimens & looking for dialectical relations...
[ORCHESTRATOR] 🎯 Lobe Curve (base × top = score):
  👑 explanation: base=0.32 × top=0.32 = 0.1024 [hard_votes=0]
--> 1 valid votes passed gate... compiling JIT superposition...

🤖 AIML Output Scaffold:
[Grug explain plain] Here is the picture: what is.
--- DEBUG TELEMETRY (orchestration internals, not for speech) ---
Mission: 'what kind of idiot designed this?'
Primary Action: explain  (conf=0.32, certainty=SURE)
Sure Actions: [explain]
Unsure Actions (Coinflip Side-Features): [None]
Constraints: [None]
Winning Node: node_14
Lobe Context: [explanation (4/4 active (what is | clarify | define))]
User Triples: None
Node Triples: None
Anti-Match Detected: false
AIML Memory Bank:
Deep Memory (Pinned): [User_Pinned]: Grug speak plain. Grug not pretend smart. | [User_Pinned]: Many rocks compete. Loudest rock get to talk. | [User_Pinned]: Grug listen first, talk second. | [User_Pinned]: Tribe stronger than lone hunter. | [User_Pinned]: Hot rock burn. Soft skin remember.
Fresh Memory [threshold=0.47 eligible=7] (Recent): No recent sounds
Memory-Pull Policy: pull_fresh=true — primary confidence=0.32 < trust floor 0.45
Lobe Curve (base × top = score):
  👑 explanation: base=0.32 × top=0.32 = 0.1024 [hard_votes=0]
=========================================

Brain > --> Scanning specimens & looking for dialectical relations...
[ORCHESTRATOR] 🎯 Lobe Curve (base × top = score):
  👑 reasoning: base=0.777 × top=0.777 = 0.604 [hard_votes=2]
  · explanation: base=0.229 × top=0.229 = 0.0522 [hard_votes=0]
  · inquiry: base=0.229 × top=0.229 = 0.0522 [hard_votes=0]
  · memory: base=0.106 × top=0.106 = 0.0113 [hard_votes=0]
--> 2 valid votes passed gate... compiling JIT superposition...

🤖 AIML Output Scaffold:
[Grug seek cause] Thinking it through: why. A companion frame: how does.
--- DEBUG TELEMETRY (orchestration internals, not for speech) ---
Mission: 'what why how when where which what why how when?'
Primary Action: reason  (conf=0.78, certainty=UNSURE)
Sure Actions: [reason, explain]
Unsure Actions (Coinflip Side-Features): [None]
Constraints: [None]
Winning Node: node_7
Lobe Context: [reasoning (4/4 active (think about | how does | why))]
User Triples: None
Node Triples: None
Anti-Match Detected: false
Tied Alternatives (not selected):
  🪨 node_8 | action=explain | conf=0.78 | relations=None
AIML Memory Bank:
Deep Memory (Pinned): [User_Pinned]: Grug speak plain. Grug not pretend smart. | [User_Pinned]: Many rocks compete. Loudest rock get to talk. | [User_Pinned]: Grug listen first, talk second. | [User_Pinned]: Tribe stronger than lone hunter. | [User_Pinned]: Hot rock burn. Soft skin remember.
Fresh Memory [threshold=0.38 eligible=6] (Recent): [System]: Mission "why is this stupid garbage broken?" → primary=analyze conf=0.88 node=node_7 (intensity=0.49) | [User]: what kind of idiot designed this? (intensity=0.89)
Memory-Pull Policy: pull_fresh=true — vote certainty=UNSURE — context helps disambiguate
Lobe Curve (base × top = score):
  👑 reasoning: base=0.777 × top=0.777 = 0.604 [hard_votes=2]
  · explanation: base=0.229 × top=0.229 = 0.0522 [hard_votes=0]
  · inquiry: base=0.229 × top=0.229 = 0.0522 [hard_votes=0]
  · memory: base=0.106 × top=0.106 = 0.0113 [hard_votes=0]
=========================================

Brain > --> Scanning specimens & looking for dialectical relations...
[ENGINE] ⚡  Attachment relay: 'node_12' fired via target 'node_10' (conf=0.32, connector="danger fire")
[ENGINE] 🔗  Attachment relay pass added 1 node(s) to expanded set.
[ORCHESTRATOR] 🎯 Lobe Curve (base × top = score):
  👑 survival: base=0.627 × top=0.935 = 0.8742 [hard_votes=1]
--> 2 valid votes passed gate... compiling JIT superposition...

🤖 AIML Output Scaffold:
[Grug see threat] A concern worth raising: danger.
--- DEBUG TELEMETRY (orchestration internals, not for speech) ---
Mission: 'STOP STOP STOP NOW NOW NOW DANGER DANGER DANGER!!!'
Primary Action: flee  (conf=0.94, certainty=SURE)
Sure Actions: [flee]
Unsure Actions (Coinflip Side-Features): [None]
Constraints: [None]
Winning Node: node_10
Lobe Context: [survival (4/4 active (hide | fire burns | danger))]
User Triples: None
Node Triples: None
Anti-Match Detected: false
AIML Memory Bank:
Deep Memory (Pinned): [User_Pinned]: Grug speak plain. Grug not pretend smart. | [User_Pinned]: Many rocks compete. Loudest rock get to talk. | [User_Pinned]: Grug listen first, talk second. | [User_Pinned]: Tribe stronger than lone hunter. | [User_Pinned]: Hot rock burn. Soft skin remember.
Fresh Memory [threshold=0.38 eligible=6] (Recent): No recent sounds
Memory-Pull Policy: pull_fresh=false — SURE vote (conf=0.94) and no winning node requested context — fresh memory withheld
Lobe Curve (base × top = score):
  👑 survival: base=0.627 × top=0.935 = 0.8742 [hard_votes=1]
=========================================

Brain > --> Scanning specimens & looking for dialectical relations...
[ENGINE] ⚡  Attachment relay: 'node_19' fired via target 'node_18' (conf=0.51, connector="feel sad")
[ENGINE] ⚡  Attachment relay: 'node_20' fired via target 'node_18' (conf=0.473, connector="feel worried")
[ENGINE] 🔗  Attachment relay pass added 1 node(s) to expanded set.
[ORCHESTRATOR] 🎯 Lobe Curve (base × top = score):
  👑 comfort: base=0.557 × top=0.599 = 0.3595 [hard_votes=2]
--> 3 valid votes passed gate... compiling JIT superposition...

🤖 AIML Output Scaffold:
[Grug sit with sadness] To acknowledge what matters here: dejected. A companion frame: i feel.
--- DEBUG TELEMETRY (orchestration internals, not for speech) ---
Mission: 'i feel sad today'
Primary Action: acknowledge  (conf=0.6, certainty=UNSURE)
Sure Actions: [acknowledge, acknowledge]
Unsure Actions (Coinflip Side-Features): [None]
Constraints: [None]
Winning Node: node_19
Lobe Context: [comfort (4/4 active (i feel | worried | sad))]
User Triples: None
Node Triples: None
Anti-Match Detected: false
Tied Alternatives (not selected):
  🪨 node_18 | action=acknowledge | conf=0.6 | relations=None
AIML Memory Bank:
Deep Memory (Pinned): [User_Pinned]: Grug speak plain. Grug not pretend smart. | [User_Pinned]: Many rocks compete. Loudest rock get to talk. | [User_Pinned]: Grug listen first, talk second. | [User_Pinned]: Tribe stronger than lone hunter. | [User_Pinned]: Hot rock burn. Soft skin remember.
Fresh Memory [threshold=0.38 eligible=5] (Recent): [User]: i feel sad today (intensity=1.3)
Memory-Pull Policy: pull_fresh=true — vote certainty=UNSURE — context helps disambiguate
Lobe Curve (base × top = score):
  👑 comfort: base=0.557 × top=0.599 = 0.3595 [hard_votes=2]
=========================================

Brain > [ENGINE] ✅ /right: contributors=2 rewarded=2 double_skip=0 coinflip_miss=0 grave_skip=0
✅ /right applied. 2 contributor(s) processed: 2 rewarded, 0 skipped (already gained), 0 missed coinflip.
   ↳ context intensity nudged up on 6 message(s) used last cycle.

Brain > --> Scanning specimens & looking for dialectical relations...
[ENGINE] ⚡  Attachment relay: 'node_19' fired via target 'node_18' (conf=0.526, connector="feel sad")
[ENGINE] ⚡  Attachment relay: 'node_8' fired via target 'node_6' (conf=0.1, connector="think mechanism")
[ENGINE] 🔗  Attachment relay pass added 2 node(s) to expanded set.
[ORCHESTRATOR] 🎯 Lobe Curve (base × top = score):
  👑 comfort: base=0.487 × top=0.497 = 0.2762 [hard_votes=1]
  · reasoning: base=0.135 × top=0.17 = 0.0289 [hard_votes=0]
--> 3 valid votes passed gate... compiling JIT superposition...

🤖 AIML Output Scaffold:
[Grug sit with sadness] To acknowledge what matters here: unhappy.
--- DEBUG TELEMETRY (orchestration internals, not for speech) ---
Mission: 'i feel worried about tomorrow'
Primary Action: comfort  (conf=0.53, certainty=SURE)
Sure Actions: [comfort]
Unsure Actions (Coinflip Side-Features): [reassure]
Constraints: [None]
Winning Node: node_19
Lobe Context: [comfort (4/4 active (i feel | worried | sad))]
User Triples: None
Node Triples: (node_18, relay_attached, feel sad)
Anti-Match Detected: false
Other Possibilities (strong but not winners):
  🔸 node_20 | action=reassure | conf=0.47 | relations=None
AIML Memory Bank:
Deep Memory (Pinned): [User_Pinned]: Grug speak plain. Grug not pretend smart. | [User_Pinned]: Many rocks compete. Loudest rock get to talk. | [User_Pinned]: Grug listen first, talk second. | [User_Pinned]: Tribe stronger than lone hunter. | [User_Pinned]: Hot rock burn. Soft skin remember.
Fresh Memory [threshold=0.38 eligible=5] (Recent): No recent sounds
Memory-Pull Policy: pull_fresh=false — SURE vote (conf=0.53) and no winning node requested context — fresh memory withheld
Lobe Curve (base × top = score):
  👑 comfort: base=0.487 × top=0.497 = 0.2762 [hard_votes=1]
  · reasoning: base=0.135 × top=0.17 = 0.0289 [hard_votes=0]
=========================================

Brain > --> Scanning specimens & looking for dialectical relations...
[ENGINE] ⚡  Attachment relay: 'node_19' fired via target 'node_18' (conf=0.536, connector="feel sad")
[ENGINE] ⚡  Attachment relay: 'node_21' fired via target 'node_18' (conf=0.467, connector="feel lonely")
[ENGINE] 🔗  Attachment relay pass added 1 node(s) to expanded set.
[ORCHESTRATOR] 🎯 Lobe Curve (base × top = score):
  👑 comfort: base=0.517 × top=0.522 = 0.2871 [hard_votes=3]
--> 3 valid votes passed gate... compiling JIT superposition...

🤖 AIML Output Scaffold:
[Grug sit with sadness] To acknowledge what matters here: unhappy. A companion frame: lonely.
--- DEBUG TELEMETRY (orchestration internals, not for speech) ---
Mission: 'i feel lonely in the cave'
Primary Action: comfort  (conf=0.54, certainty=UNSURE)
Sure Actions: [comfort, support, acknowledge]
Unsure Actions (Coinflip Side-Features): [None]
Constraints: [None]
Winning Node: node_19
Lobe Context: [comfort (4/4 active (i feel | worried | sad))]
User Triples: None
Node Triples: (node_18, relay_attached, feel sad)
Anti-Match Detected: false
Tied Alternatives (not selected):
  🪨 node_21 | action=support | conf=0.51 | relations=None
  🪨 node_18 | action=acknowledge | conf=0.51 | relations=None
AIML Memory Bank:
Deep Memory (Pinned): [User_Pinned]: Grug speak plain. Grug not pretend smart. | [User_Pinned]: Many rocks compete. Loudest rock get to talk. | [User_Pinned]: Grug listen first, talk second. | [User_Pinned]: Tribe stronger than lone hunter. | [User_Pinned]: Hot rock burn. Soft skin remember.
Fresh Memory [threshold=0.38 eligible=5] (Recent): [System]: Mission "i feel worried about tomorrow" → primary=comfort conf=0.53 node=node_19 (intensity=0.73)
Memory-Pull Policy: pull_fresh=true — vote certainty=UNSURE — context helps disambiguate
Lobe Curve (base × top = score):
  👑 comfort: base=0.517 × top=0.522 = 0.2871 [hard_votes=3]
=========================================

Brain > [ENGINE] ✅ /right: contributors=3 rewarded=1 double_skip=2 coinflip_miss=0 grave_skip=0
✅ /right applied. 3 contributor(s) processed: 1 rewarded, 2 skipped (already gained), 0 missed coinflip.
   ↳ context intensity nudged up on 6 message(s) used last cycle.

Brain > --> Scanning specimens & looking for dialectical relations...
[ORCHESTRATOR] 🎯 Lobe Curve (base × top = score):
  👑 survival: base=0.358 × top=0.358 = 0.1279 [hard_votes=0]
  · default: base=0.215 × top=0.215 = 0.0461 [hard_votes=0]
--> 1 valid votes passed gate... compiling JIT superposition...

🤖 AIML Output Scaffold:
[Grug warn of hot rock that bites] A caution: fire burns.
--- DEBUG TELEMETRY (orchestration internals, not for speech) ---
Mission: 'i did it i made fire'
Primary Action: alert  (conf=0.36, certainty=SURE)
Sure Actions: [alert]
Unsure Actions (Coinflip Side-Features): [None]
Constraints: [None]
Winning Node: node_12
Lobe Context: [survival (4/4 active (hide | fire burns | danger))]
User Triples: None
Node Triples: None
Anti-Match Detected: false
AIML Memory Bank:
Deep Memory (Pinned): [User_Pinned]: Grug speak plain. Grug not pretend smart. | [User_Pinned]: Many rocks compete. Loudest rock get to talk. | [User_Pinned]: Grug listen first, talk second. | [User_Pinned]: Tribe stronger than lone hunter. | [User_Pinned]: Hot rock burn. Soft skin remember.
Fresh Memory [threshold=0.38 eligible=6] (Recent): [User]: i feel sad today (intensity=0.61) | [System]: Mission "i feel worried about tomorrow" → primary=comfort conf=0.53 node=node_19 (intensity=0.81) | [User]: i feel lonely in the cave (intensity=0.83)
Memory-Pull Policy: pull_fresh=true — primary confidence=0.36 < trust floor 0.45
Lobe Curve (base × top = score):
  👑 survival: base=0.358 × top=0.358 = 0.1279 [hard_votes=0]
  · default: base=0.215 × top=0.215 = 0.0461 [hard_votes=0]
=========================================

Brain > --> Scanning specimens & looking for dialectical relations...
[ORCHESTRATOR] 🎯 Lobe Curve (base × top = score):
  👑 celebration: base=0.557 × top=0.557 = 0.3104 [hard_votes=1]
--> 1 valid votes passed gate... compiling JIT superposition...

🤖 AIML Output Scaffold:
[Grug celebrate with loud good noise] Hello — here is what matters: victory.
--- DEBUG TELEMETRY (orchestration internals, not for speech) ---
Mission: 'victory over the bear'
Primary Action: smile  (conf=0.56, certainty=SURE)
Sure Actions: [smile]
Unsure Actions (Coinflip Side-Features): [None]
Constraints: [None]
Winning Node: node_26
Lobe Context: [celebration (3/3 active (i did it | victory | thank you))]
User Triples: None
Node Triples: None
Anti-Match Detected: false
AIML Memory Bank:
Deep Memory (Pinned): [User_Pinned]: Grug speak plain. Grug not pretend smart. | [User_Pinned]: Many rocks compete. Loudest rock get to talk. | [User_Pinned]: Grug listen first, talk second. | [User_Pinned]: Tribe stronger than lone hunter. | [User_Pinned]: Hot rock burn. Soft skin remember.
Fresh Memory [threshold=0.38 eligible=8] (Recent): No recent sounds
Memory-Pull Policy: pull_fresh=false — SURE vote (conf=0.56) and no winning node requested context — fresh memory withheld
Lobe Curve (base × top = score):
  👑 celebration: base=0.557 × top=0.557 = 0.3104 [hard_votes=1]
=========================================

Brain > --> Scanning specimens & looking for dialectical relations...
[ORCHESTRATOR] 🎯 Lobe Curve (base × top = score):
  👑 celebration: base=0.416 × top=0.416 = 0.1727 [hard_votes=0]
--> 1 valid votes passed gate... compiling JIT superposition...

🤖 AIML Output Scaffold:
[Grug receive thanks with grace] Hello — here is what matters: thank you.
--- DEBUG TELEMETRY (orchestration internals, not for speech) ---
Mission: 'thank you for the food'
Primary Action: welcome  (conf=0.42, certainty=SURE)
Sure Actions: [welcome]
Unsure Actions (Coinflip Side-Features): [None]
Constraints: [None]
Winning Node: node_27
Lobe Context: [celebration (3/3 active (i did it | victory | thank you))]
User Triples: None
Node Triples: None
Anti-Match Detected: false
AIML Memory Bank:
Deep Memory (Pinned): [User_Pinned]: Grug speak plain. Grug not pretend smart. | [User_Pinned]: Many rocks compete. Loudest rock get to talk. | [User_Pinned]: Grug listen first, talk second. | [User_Pinned]: Tribe stronger than lone hunter. | [User_Pinned]: Hot rock burn. Soft skin remember.
Fresh Memory [threshold=0.38 eligible=7] (Recent): [User]: victory over the bear (intensity=0.95)
Memory-Pull Policy: pull_fresh=true — primary confidence=0.42 < trust floor 0.45
Lobe Curve (base × top = score):
  👑 celebration: base=0.416 × top=0.416 = 0.1727 [hard_votes=0]
=========================================

Brain > [ENGINE] ✅ /right: contributors=1 rewarded=1 double_skip=0 coinflip_miss=0 grave_skip=0
✅ /right applied. 1 contributor(s) processed: 1 rewarded, 0 skipped (already gained), 0 missed coinflip.
   ↳ context intensity nudged up on 6 message(s) used last cycle.

Brain > --> Scanning specimens & looking for dialectical relations...
[ORCHESTRATOR] 🎯 Lobe Curve (base × top = score):
  👑 planning: base=0.391 × top=0.391 = 0.1528 [hard_votes=0]
--> 1 valid votes passed gate... compiling JIT superposition...

🤖 AIML Output Scaffold:
[Grug weigh path forward] Thinking it through: should we.
--- DEBUG TELEMETRY (orchestration internals, not for speech) ---
Mission: 'should we move camp'
Primary Action: reason  (conf=0.39, certainty=SURE)
Sure Actions: [reason]
Unsure Actions (Coinflip Side-Features): [None]
Constraints: [None]
Winning Node: node_33
Lobe Context: [planning (3/3 active (plan to | next step | should we))]
User Triples: None
Node Triples: None
Anti-Match Detected: false
AIML Memory Bank:
Deep Memory (Pinned): [User_Pinned]: Grug speak plain. Grug not pretend smart. | [User_Pinned]: Many rocks compete. Loudest rock get to talk. | [User_Pinned]: Grug listen first, talk second. | [User_Pinned]: Tribe stronger than lone hunter. | [User_Pinned]: Hot rock burn. Soft skin remember.
Fresh Memory [threshold=0.38 eligible=5] (Recent): [User]: thank you for the food (intensity=0.84)
Memory-Pull Policy: pull_fresh=true — primary confidence=0.39 < trust floor 0.45
Lobe Curve (base × top = score):
  👑 planning: base=0.391 × top=0.391 = 0.1528 [hard_votes=0]
=========================================

Brain > [ENGINE] ✅ /right: contributors=1 rewarded=0 double_skip=0 coinflip_miss=1 grave_skip=0
✅ /right applied. 1 contributor(s) processed: 0 rewarded, 0 skipped (already gained), 1 missed coinflip.
   ↳ context intensity nudged up on 6 message(s) used last cycle.

Brain > --> Scanning specimens & looking for dialectical relations...
[ORCHESTRATOR] 🎯 Lobe Curve (base × top = score):
  👑 planning: base=0.525 × top=0.525 = 0.2755 [hard_votes=1]
--> 1 valid votes passed gate... compiling JIT superposition...

🤖 AIML Output Scaffold:
[Grug sketch path in dirt] Here is the picture: thought to.
--- DEBUG TELEMETRY (orchestration internals, not for speech) ---
Mission: 'plan to hunt at dawn'
Primary Action: describe  (conf=0.52, certainty=SURE)
Sure Actions: [describe]
Unsure Actions (Coinflip Side-Features): [None]
Constraints: [None]
Winning Node: node_34
Lobe Context: [planning (3/3 active (plan to | next step | should we))]
User Triples: None
Node Triples: None
Anti-Match Detected: false
AIML Memory Bank:
Deep Memory (Pinned): [User_Pinned]: Grug speak plain. Grug not pretend smart. | [User_Pinned]: Many rocks compete. Loudest rock get to talk. | [User_Pinned]: Grug listen first, talk second. | [User_Pinned]: Tribe stronger than lone hunter. | [User_Pinned]: Hot rock burn. Soft skin remember.
Fresh Memory [threshold=0.38 eligible=6] (Recent): [User]: thank you for the food (intensity=0.86)
Memory-Pull Policy: pull_fresh=false — SURE vote (conf=0.52) and no winning node requested context — fresh memory withheld
Lobe Curve (base × top = score):
  👑 planning: base=0.525 × top=0.525 = 0.2755 [hard_votes=1]
=========================================

Brain > --> Scanning specimens & looking for dialectical relations...
[ORCHESTRATOR] 🎯 Lobe Curve (base × top = score):
  👑 planning: base=0.736 × top=0.736 = 0.5414 [hard_votes=1]
--> 1 valid votes passed gate... compiling JIT superposition...

🤖 AIML Output Scaffold:
[Grug name what come after] Here is the picture: next step.
--- DEBUG TELEMETRY (orchestration internals, not for speech) ---
Mission: 'next step in the trap'
Primary Action: describe  (conf=0.74, certainty=SURE)
Sure Actions: [describe]
Unsure Actions (Coinflip Side-Features): [None]
Constraints: [None]
Winning Node: node_35
Lobe Context: [planning (3/3 active (plan to | next step | should we))]
User Triples: None
Node Triples: None
Anti-Match Detected: false
AIML Memory Bank:
Deep Memory (Pinned): [User_Pinned]: Grug speak plain. Grug not pretend smart. | [User_Pinned]: Many rocks compete. Loudest rock get to talk. | [User_Pinned]: Grug listen first, talk second. | [User_Pinned]: Tribe stronger than lone hunter. | [User_Pinned]: Hot rock burn. Soft skin remember.
Fresh Memory [threshold=0.38 eligible=7] (Recent): No recent sounds
Memory-Pull Policy: pull_fresh=false — SURE vote (conf=0.74) and no winning node requested context — fresh memory withheld
Lobe Curve (base × top = score):
  👑 planning: base=0.736 × top=0.736 = 0.5414 [hard_votes=1]
=========================================

Brain > --> Scanning specimens & looking for dialectical relations...
[ORCHESTRATOR] 🎯 Lobe Curve (base × top = score):
  👑 nature: base=0.6 × top=0.6 = 0.36 [hard_votes=1]
--> 1 valid votes passed gate... compiling JIT superposition...

🤖 AIML Output Scaffold:
[Grug look up] Here is the picture: the sky.
--- DEBUG TELEMETRY (orchestration internals, not for speech) ---
Mission: 'the sky looks dark'
Primary Action: describe  (conf=0.6, certainty=SURE)
Sure Actions: [describe]
Unsure Actions (Coinflip Side-Features): [None]
Constraints: [None]
Winning Node: node_36
Lobe Context: [nature (3/3 active (the sky | river | tree))]
User Triples: None
Node Triples: None
Anti-Match Detected: false
AIML Memory Bank:
Deep Memory (Pinned): [User_Pinned]: Grug speak plain. Grug not pretend smart. | [User_Pinned]: Many rocks compete. Loudest rock get to talk. | [User_Pinned]: Grug listen first, talk second. | [User_Pinned]: Tribe stronger than lone hunter. | [User_Pinned]: Hot rock burn. Soft skin remember.
Fresh Memory [threshold=0.38 eligible=7] (Recent): No recent sounds
Memory-Pull Policy: pull_fresh=false — SURE vote (conf=0.6) and no winning node requested context — fresh memory withheld
Lobe Curve (base × top = score):
  👑 nature: base=0.6 × top=0.6 = 0.36 [hard_votes=1]
=========================================

Brain > --> Scanning specimens & looking for dialectical relations...
[ORCHESTRATOR] 🎯 Lobe Curve (base × top = score):
  👑 nature: base=0.641 × top=0.641 = 0.4112 [hard_votes=1]
--> 1 valid votes passed gate... compiling JIT superposition...

🤖 AIML Output Scaffold:
[Grug know water move and life depend on it] Here is the picture: river.
--- DEBUG TELEMETRY (orchestration internals, not for speech) ---
Mission: 'the river is high'
Primary Action: explain  (conf=0.64, certainty=SURE)
Sure Actions: [explain]
Unsure Actions (Coinflip Side-Features): [None]
Constraints: [None]
Winning Node: node_37
Lobe Context: [nature (3/3 active (the sky | river | tree))]
User Triples: (river, is, high)
Node Triples: None
Anti-Match Detected: false
AIML Memory Bank:
Deep Memory (Pinned): [User_Pinned]: Grug speak plain. Grug not pretend smart. | [User_Pinned]: Many rocks compete. Loudest rock get to talk. | [User_Pinned]: Grug listen first, talk second. | [User_Pinned]: Tribe stronger than lone hunter. | [User_Pinned]: Hot rock burn. Soft skin remember.
Fresh Memory [threshold=0.38 eligible=7] (Recent): [User]: thank you for the food (intensity=0.41) | [User]: the sky looks dark (intensity=0.92)
Memory-Pull Policy: pull_fresh=false — SURE vote (conf=0.64) and no winning node requested context — fresh memory withheld
Lobe Curve (base × top = score):
  👑 nature: base=0.641 × top=0.641 = 0.4112 [hard_votes=1]
=========================================

Brain > [ENGINE] ✅ /right: contributors=1 rewarded=1 double_skip=0 coinflip_miss=0 grave_skip=0
✅ /right applied. 1 contributor(s) processed: 1 rewarded, 0 skipped (already gained), 0 missed coinflip.
   ↳ context intensity nudged up on 7 message(s) used last cycle.

Brain > --> Scanning specimens & looking for dialectical relations...
[ENGINE] ⚡  Attachment relay: 'node_40' fired via target 'node_39' (conf=0.628, connector="tool build")
[ENGINE] 🔗  Attachment relay pass added 1 node(s) to expanded set.
[ORCHESTRATOR] 🎯 Lobe Curve (base × top = score):
  👑 craft: base=0.587 × top=0.628 = 0.3946 [hard_votes=2]
--> 2 valid votes passed gate... compiling JIT superposition...

🤖 AIML Output Scaffold:
[Grug stack and bind] Here is the picture: produce.
--- DEBUG TELEMETRY (orchestration internals, not for speech) ---
Mission: 'make a tool from this stone'
Primary Action: explain  (conf=0.63, certainty=SURE)
Sure Actions: [explain]
Unsure Actions (Coinflip Side-Features): [explain]
Constraints: [None]
Winning Node: node_40
Lobe Context: [craft (3/3 active (hammer | make a tool | build))]
User Triples: None
Node Triples: (node_39, relay_attached, tool build)
Anti-Match Detected: false
Other Possibilities (strong but not winners):
  🔸 node_39 | action=explain | conf=0.55 | relations=None
AIML Memory Bank:
Deep Memory (Pinned): [User_Pinned]: Grug speak plain. Grug not pretend smart. | [User_Pinned]: Many rocks compete. Loudest rock get to talk. | [User_Pinned]: Grug listen first, talk second. | [User_Pinned]: Tribe stronger than lone hunter. | [User_Pinned]: Hot rock burn. Soft skin remember.
Fresh Memory [threshold=0.38 eligible=7] (Recent): [User]: the river is high (intensity=1.11) | [System]: Mission "the river is high" → primary=explain conf=0.64 node=node_37 (intensity=0.65)
Memory-Pull Policy: pull_fresh=false — SURE vote (conf=0.63) and no winning node requested context — fresh memory withheld
Lobe Curve (base × top = score):
  👑 craft: base=0.587 × top=0.628 = 0.3946 [hard_votes=2]
=========================================

Brain > [ENGINE] ✅ /right: contributors=2 rewarded=1 double_skip=0 coinflip_miss=1 grave_skip=0
✅ /right applied. 2 contributor(s) processed: 1 rewarded, 0 skipped (already gained), 1 missed coinflip.
   ↳ context intensity nudged up on 7 message(s) used last cycle.

Brain > --> Scanning specimens & looking for dialectical relations...
[ORCHESTRATOR] 🎯 Lobe Curve (base × top = score):
  👑 craft: base=0.494 × top=0.494 = 0.2436 [hard_votes=0]
--> 1 valid votes passed gate... compiling JIT superposition...

🤖 AIML Output Scaffold:
[Grug stack and bind] Here is the picture: produce.
--- DEBUG TELEMETRY (orchestration internals, not for speech) ---
Mission: 'build a shelter before night'
Primary Action: explain  (conf=0.49, certainty=SURE)
Sure Actions: [explain]
Unsure Actions (Coinflip Side-Features): [None]
Constraints: [None]
Winning Node: node_40
Lobe Context: [craft (3/3 active (hammer | make a tool | build))]
User Triples: (shelter, before, night)
Node Triples: None
Anti-Match Detected: false
AIML Memory Bank:
Deep Memory (Pinned): [User_Pinned]: Grug speak plain. Grug not pretend smart. | [User_Pinned]: Many rocks compete. Loudest rock get to talk. | [User_Pinned]: Grug listen first, talk second. | [User_Pinned]: Tribe stronger than lone hunter. | [User_Pinned]: Hot rock burn. Soft skin remember.
Fresh Memory [threshold=0.38 eligible=7] (Recent): No recent sounds
Memory-Pull Policy: pull_fresh=false — SURE vote (conf=0.49) and no winning node requested context — fresh memory withheld
Lobe Curve (base × top = score):
  👑 craft: base=0.494 × top=0.494 = 0.2436 [hard_votes=0]
=========================================

Brain > 👁  Arousal set to 0.8. Eye system updated.

Brain > --> Scanning specimens & looking for dialectical relations...
[ENGINE] ⚡  Attachment relay: 'node_11' fired via target 'node_10' (conf=0.564, connector="danger run")
[ENGINE] ⚡  Attachment relay: 'node_12' fired via target 'node_10' (conf=0.407, connector="danger fire")
[ENGINE] 🔗  Attachment relay pass added 2 node(s) to expanded set.
[ORCHESTRATOR] 🎯 Lobe Curve (base × top = score):
  👑 survival: base=0.5 × top=0.546 = 0.3179 [hard_votes=2]
--> 3 valid votes passed gate... compiling JIT superposition...

🤖 AIML Output Scaffold:
[Grug urge escape from harm] A caution: run.
--- DEBUG TELEMETRY (orchestration internals, not for speech) ---
Mission: 'danger danger predator near'
Primary Action: alert  (conf=0.56, certainty=SURE)
Sure Actions: [alert]
Unsure Actions (Coinflip Side-Features): [alert]
Constraints: [None]
Winning Node: node_11
Lobe Context: [survival (4/4 active (hide | fire burns | danger))]
User Triples: None
Node Triples: (node_10, relay_attached, danger run)
Anti-Match Detected: false
Other Possibilities (strong but not winners):
  🔸 node_10 | action=alert | conf=0.53 | relations=None
AIML Memory Bank:
Deep Memory (Pinned): [User_Pinned]: Grug speak plain. Grug not pretend smart. | [User_Pinned]: Many rocks compete. Loudest rock get to talk. | [User_Pinned]: Grug listen first, talk second. | [User_Pinned]: Tribe stronger than lone hunter. | [User_Pinned]: Hot rock burn. Soft skin remember.
Fresh Memory [threshold=0.38 eligible=8] (Recent): [System]: Mission "make a tool from this stone" → primary=explain conf=0.63 node=node_40 (intensity=0.41) | [User]: build a shelter before night (intensity=1.11)
Memory-Pull Policy: pull_fresh=false — SURE vote (conf=0.56) and no winning node requested context — fresh memory withheld
Lobe Curve (base × top = score):
  👑 survival: base=0.5 × top=0.546 = 0.3179 [hard_votes=2]
=========================================

Brain > [ENGINE] ✅ /right: contributors=2 rewarded=0 double_skip=0 coinflip_miss=2 grave_skip=0
✅ /right applied. 2 contributor(s) processed: 0 rewarded, 0 skipped (already gained), 2 missed coinflip.
   ↳ context intensity nudged up on 7 message(s) used last cycle.

Brain > 👁  Arousal set to 0.2. Eye system updated.

Brain > --> Scanning specimens & looking for dialectical relations...
[ORCHESTRATOR] 🎯 Lobe Curve (base × top = score):
  👑 explanation: base=0.52 × top=0.52 = 0.2708 [hard_votes=1]
--> 1 valid votes passed gate... compiling JIT superposition...

🤖 AIML Output Scaffold:
[Grug share what grug know] Here is the picture: chat me.
--- DEBUG TELEMETRY (orchestration internals, not for speech) ---
Mission: 'tell me a calm story'
Primary Action: explain  (conf=0.52, certainty=SURE)
Sure Actions: [explain]
Unsure Actions (Coinflip Side-Features): [None]
Constraints: [None]
Winning Node: node_15
Lobe Context: [explanation (4/4 active (what is | clarify | define))]
User Triples: None
Node Triples: None
Anti-Match Detected: false
AIML Memory Bank:
Deep Memory (Pinned): [User_Pinned]: Grug speak plain. Grug not pretend smart. | [User_Pinned]: Many rocks compete. Loudest rock get to talk. | [User_Pinned]: Grug listen first, talk second. | [User_Pinned]: Tribe stronger than lone hunter. | [User_Pinned]: Hot rock burn. Soft skin remember.
Fresh Memory [threshold=0.38 eligible=7] (Recent): No recent sounds
Memory-Pull Policy: pull_fresh=false — SURE vote (conf=0.52) and no winning node requested context — fresh memory withheld
Lobe Curve (base × top = score):
  👑 explanation: base=0.52 × top=0.52 = 0.2708 [hard_votes=1]
=========================================

Brain > --> Scanning specimens & looking for dialectical relations...
[ORCHESTRATOR] 🎯 Lobe Curve (base × top = score):
  👑 reasoning: base=1.315 × top=1.315 = 1.7304 [hard_votes=1]
--> 1 valid votes passed gate... compiling JIT superposition...

🤖 AIML Output Scaffold:
[Grug seek cause] Thinking it through: why.
--- DEBUG TELEMETRY (orchestration internals, not for speech) ---
Mission: 'why'
Primary Action: reason  (conf=1.32, certainty=SURE)
Sure Actions: [reason]
Unsure Actions (Coinflip Side-Features): [None]
Constraints: [None]
Winning Node: node_7
Lobe Context: [reasoning (4/4 active (think about | how does | why))]
User Triples: None
Node Triples: None
Anti-Match Detected: false
AIML Memory Bank:
Deep Memory (Pinned): [User_Pinned]: Grug speak plain. Grug not pretend smart. | [User_Pinned]: Many rocks compete. Loudest rock get to talk. | [User_Pinned]: Grug listen first, talk second. | [User_Pinned]: Tribe stronger than lone hunter. | [User_Pinned]: Hot rock burn. Soft skin remember.
Fresh Memory [threshold=0.38 eligible=7] (Recent): No recent sounds
Memory-Pull Policy: pull_fresh=false — SURE vote (conf=1.32) and no winning node requested context — fresh memory withheld
Lobe Curve (base × top = score):
  👑 reasoning: base=1.315 × top=1.315 = 1.7304 [hard_votes=1]
=========================================

Brain > --> Scanning specimens & looking for dialectical relations...
[ORCHESTRATOR] 🎯 Lobe Curve (base × top = score):
  👑 nature: base=1.0 × top=1.0 = 1.0 [hard_votes=1]
--> 1 valid votes passed gate... compiling JIT superposition...

🤖 AIML Output Scaffold:
[Grug know tree make shade, nut, wood for fire] Here is the picture: tree.
--- DEBUG TELEMETRY (orchestration internals, not for speech) ---
Mission: 'tree'
Primary Action: explain  (conf=1.0, certainty=SURE)
Sure Actions: [explain]
Unsure Actions (Coinflip Side-Features): [None]
Constraints: [None]
Winning Node: node_38
Lobe Context: [nature (3/3 active (the sky | river | tree))]
User Triples: None
Node Triples: None
Anti-Match Detected: false
AIML Memory Bank:
Deep Memory (Pinned): [User_Pinned]: Grug speak plain. Grug not pretend smart. | [User_Pinned]: Many rocks compete. Loudest rock get to talk. | [User_Pinned]: Grug listen first, talk second. | [User_Pinned]: Tribe stronger than lone hunter. | [User_Pinned]: Hot rock burn. Soft skin remember.
Fresh Memory [threshold=0.38 eligible=6] (Recent): [System]: Mission "tell me a calm story" → primary=explain conf=0.52 node=node_15 (intensity=0.43)
Memory-Pull Policy: pull_fresh=false — SURE vote (conf=1.0) and no winning node requested context — fresh memory withheld
Lobe Curve (base × top = score):
  👑 nature: base=1.0 × top=1.0 = 1.0 [hard_votes=1]
=========================================

Brain > --> Scanning specimens & looking for dialectical relations...
[ORCHESTRATOR] 🎯 Lobe Curve (base × top = score):
  👑 comfort: base=0.882 × top=0.882 = 0.7782 [hard_votes=1]
--> 1 valid votes passed gate... compiling JIT superposition...

🤖 AIML Output Scaffold:
[Grug sit with sadness] To acknowledge what matters here: unhappy.
--- DEBUG TELEMETRY (orchestration internals, not for speech) ---
Mission: 'sad'
Primary Action: comfort  (conf=0.88, certainty=SURE)
Sure Actions: [comfort]
Unsure Actions (Coinflip Side-Features): [None]
Constraints: [None]
Winning Node: node_19
Lobe Context: [comfort (4/4 active (i feel | worried | sad))]
User Triples: None
Node Triples: None
Anti-Match Detected: false
AIML Memory Bank:
Deep Memory (Pinned): [User_Pinned]: Grug speak plain. Grug not pretend smart. | [User_Pinned]: Many rocks compete. Loudest rock get to talk. | [User_Pinned]: Grug listen first, talk second. | [User_Pinned]: Tribe stronger than lone hunter. | [User_Pinned]: Hot rock burn. Soft skin remember.
Fresh Memory [threshold=0.38 eligible=5] (Recent): [System]: Mission "tree" → primary=explain conf=1.0 node=node_38 (intensity=0.64)
Memory-Pull Policy: pull_fresh=false — SURE vote (conf=0.88) and no winning node requested context — fresh memory withheld
Lobe Curve (base × top = score):
  👑 comfort: base=0.882 × top=0.882 = 0.7782 [hard_votes=1]
=========================================

Brain > --> Scanning specimens & looking for dialectical relations...
--> No valid specimens found for this input. Cave is silent.

Brain > [ENGINE] ❌  /wrong applied to 1 contributors. penalized= 1, newly_graved= 0.
❌  /wrong applied. 1 contributor(s) penalized via coinflip.
   ↳ context intensity nudged down on 6 message(s) used last cycle.

Brain > --> Scanning specimens & looking for dialectical relations...
--> No valid specimens found for this input. Cave is silent.

Brain > --> Scanning specimens & looking for dialectical relations...
[ENGINE] ⚡  Attachment relay: 'node_8' fired via target 'node_6' (conf=0.1, connector="think mechanism")
[ENGINE] 🔗  Attachment relay pass added 1 node(s) to expanded set.
[ORCHESTRATOR] 🎯 Lobe Curve (base × top = score):
  👑 explanation: base=0.79 × top=0.79 = 0.6249 [hard_votes=1]
  · reasoning: base=0.215 × top=0.33 = 0.1088 [hard_votes=0]
--> 1 valid votes passed gate... compiling JIT superposition...

🤖 AIML Output Scaffold:
[Grug share what grug know] Here is the picture: talk me. Pinned note: Many rocks compete. Loudest rock get to talk.
--- DEBUG TELEMETRY (orchestration internals, not for speech) ---
Mission: 'tell me about the rocks'
Primary Action: explain  (conf=0.79, certainty=SURE)
Sure Actions: [explain]
Unsure Actions (Coinflip Side-Features): [None]
Constraints: [None]
Winning Node: node_15
Lobe Context: [explanation (4/4 active (what is | clarify | define))]
User Triples: None
Node Triples: None
Anti-Match Detected: false
AIML Memory Bank:
Deep Memory (Pinned): [User_Pinned]: Grug speak plain. Grug not pretend smart. | [User_Pinned]: Many rocks compete. Loudest rock get to talk. | [User_Pinned]: Grug listen first, talk second. | [User_Pinned]: Tribe stronger than lone hunter. | [User_Pinned]: Hot rock burn. Soft skin remember.
Fresh Memory [threshold=0.38 eligible=7] (Recent): [User]: sad (intensity=0.85)
Memory-Pull Policy: pull_fresh=false — SURE vote (conf=0.79) and no winning node requested context — fresh memory withheld
Lobe Curve (base × top = score):
  👑 explanation: base=0.79 × top=0.79 = 0.6249 [hard_votes=1]
  · reasoning: base=0.215 × top=0.33 = 0.1088 [hard_votes=0]
=========================================

Brain > --> Scanning specimens & looking for dialectical relations...
[ENGINE] ⚡  Attachment relay: 'node_7' fired via target 'node_6' (conf=0.584, connector="why think")
[ENGINE] 🔗  Attachment relay pass added 1 node(s) to expanded set.
[ORCHESTRATOR] 🎯 Lobe Curve (base × top = score):
  👑 explanation: base=0.795 × top=0.795 = 0.6322 [hard_votes=1]
  · reasoning: base=0.458 × top=0.584 = 0.3409 [hard_votes=1]
--> 1 valid votes passed gate... compiling JIT superposition...

🤖 AIML Output Scaffold:
[Grug share what grug know] Here is the picture: converse me. Pinned note: Many rocks compete. Loudest rock get to talk.
--- DEBUG TELEMETRY (orchestration internals, not for speech) ---
Mission: 'tell me about the rocks'
Primary Action: explain  (conf=0.8, certainty=SURE)
Sure Actions: [explain]
Unsure Actions (Coinflip Side-Features): [None]
Constraints: [None]
Winning Node: node_15
Lobe Context: [explanation (4/4 active (what is | clarify | define))]
User Triples: None
Node Triples: None
Anti-Match Detected: false
AIML Memory Bank:
Deep Memory (Pinned): [User_Pinned]: Grug speak plain. Grug not pretend smart. | [User_Pinned]: Many rocks compete. Loudest rock get to talk. | [User_Pinned]: Grug listen first, talk second. | [User_Pinned]: Tribe stronger than lone hunter. | [User_Pinned]: Hot rock burn. Soft skin remember.
Fresh Memory [threshold=0.38 eligible=9] (Recent): [User]: tell me about the rocks (intensity=1.41) | [System]: Mission "tell me about the rocks" → primary=explain conf=0.79 node=node_15 (intensity=0.96)
Memory-Pull Policy: pull_fresh=false — SURE vote (conf=0.8) and no winning node requested context — fresh memory withheld
Lobe Curve (base × top = score):
  👑 explanation: base=0.795 × top=0.795 = 0.6322 [hard_votes=1]
  · reasoning: base=0.458 × top=0.584 = 0.3409 [hard_votes=1]
=========================================

Brain > --> Scanning specimens & looking for dialectical relations...
[ENGINE] ⚡  Attachment relay: 'node_7' fired via target 'node_6' (conf=0.621, connector="why think")
[ENGINE] 🔗  Attachment relay pass added 1 node(s) to expanded set.
[ORCHESTRATOR] 🎯 Lobe Curve (base × top = score):
  👑 explanation: base=0.796 × top=0.796 = 0.633 [hard_votes=1]
  · reasoning: base=0.477 × top=0.621 = 0.3854 [hard_votes=1]
--> 1 valid votes passed gate... compiling JIT superposition...

🤖 AIML Output Scaffold:
[Grug share what grug know] Here is the picture: say me. Pinned note: Many rocks compete. Loudest rock get to talk.
--- DEBUG TELEMETRY (orchestration internals, not for speech) ---
Mission: 'tell me about the rocks'
Primary Action: describe  (conf=0.8, certainty=SURE)
Sure Actions: [describe]
Unsure Actions (Coinflip Side-Features): [None]
Constraints: [None]
Winning Node: node_15
Lobe Context: [explanation (4/4 active (what is | clarify | define))]
User Triples: None
Node Triples: None
Anti-Match Detected: false
AIML Memory Bank:
Deep Memory (Pinned): [User_Pinned]: Grug speak plain. Grug not pretend smart. | [User_Pinned]: Many rocks compete. Loudest rock get to talk. | [User_Pinned]: Grug listen first, talk second. | [User_Pinned]: Tribe stronger than lone hunter. | [User_Pinned]: Hot rock burn. Soft skin remember.
Fresh Memory [threshold=0.75 eligible=6] (Recent): [User]: tell me about rocks (intensity=1.03)
Memory-Pull Policy: pull_fresh=false — SURE vote (conf=0.8) and no winning node requested context — fresh memory withheld
Lobe Curve (base × top = score):
  👑 explanation: base=0.796 × top=0.796 = 0.633 [hard_votes=1]
  · reasoning: base=0.477 × top=0.621 = 0.3854 [hard_votes=1]
=========================================

Brain > --> Scanning specimens & looking for dialectical relations...
[ORCHESTRATOR] 🎯 Lobe Curve (base × top = score):
  👑 default: base=0.133 × top=0.133 = 0.0176 [hard_votes=0]
--> 1 valid votes passed gate... compiling JIT superposition...

🤖 AIML Output Scaffold:
[Highly polite greeting protocols active] Hello — here is what matters: hello hi greeting mornin.
--- DEBUG TELEMETRY (orchestration internals, not for speech) ---
Mission: 'hello again old friend'
Primary Action: smile  (conf=0.13, certainty=SURE)
Sure Actions: [smile]
Unsure Actions (Coinflip Side-Features): [None]
Constraints: [dont frown, dont insult, dont be rude]
Winning Node: node_0
Lobe Context: [default (3/3 active (hello hi greeting mornin | think ponder reason calculate | grug hits rock and makes fire))]
User Triples: None
Node Triples: None
Anti-Match Detected: false
AIML Memory Bank:
Deep Memory (Pinned): [User_Pinned]: Grug speak plain. Grug not pretend smart. | [User_Pinned]: Many rocks compete. Loudest rock get to talk. | [User_Pinned]: Grug listen first, talk second. | [User_Pinned]: Tribe stronger than lone hunter. | [User_Pinned]: Hot rock burn. Soft skin remember.
Fresh Memory [threshold=0.38 eligible=8] (Recent): [User]: tell me about the rocks (intensity=1.02) | [System]: Mission "tell me about the rocks" → primary=explain conf=0.79 node=node_15 (intensity=0.6)
Memory-Pull Policy: pull_fresh=true — primary confidence=0.13 < trust floor 0.45
Lobe Curve (base × top = score):
  👑 default: base=0.133 × top=0.133 = 0.0176 [hard_votes=0]
=========================================

Brain > [ENGINE] ✅ /right: contributors=1 rewarded=0 double_skip=1 coinflip_miss=0 grave_skip=0
✅ /right applied. 1 contributor(s) processed: 0 rewarded, 1 skipped (already gained), 0 missed coinflip.
   ↳ context intensity nudged up on 7 message(s) used last cycle.

Brain > --> Scanning specimens & looking for dialectical relations...
--> No valid specimens found for this input. Cave is silent.

Brain > --> Scanning specimens & looking for dialectical relations...
--> No valid specimens found for this input. Cave is silent.

Brain > --> Scanning specimens & looking for dialectical relations...
--> No valid specimens found for this input. Cave is silent.

Brain > 🔓 🪨 Attachment node_18→node_19 de-crystalized (was :user).

Brain > === ATTACHMENT MAP (7 targets with attachments) ===
  🎯 node_10 (2/4 attached):
      🔗 node_11 [ALIVE str=2.0] | base_conf=0.55 | connector="danger run"
      🔗 node_12 [ALIVE str=7.0] 💎[CRYSTAL:user] | base_conf=0.383 | connector="danger fire"
  🎯 node_18 (3/4 attached):
      🔗 node_19 [ALIVE str=2.0] | base_conf=0.55 | connector="feel sad"
      🔗 node_20 [ALIVE str=1.0] | base_conf=0.55 | connector="feel worried"
      🔗 node_21 [ALIVE str=2.0] | base_conf=0.55 | connector="feel lonely"
  🎯 node_3 (2/4 attached):
      🔗 node_4 [GRAVE] | base_conf=0.383 | connector="morning hello"
      🔗 node_5 [GRAVE] | base_conf=0.05 | connector="casual hello"
  🎯 node_33 (2/4 attached):
      🔗 node_34 [ALIVE str=2.0] | base_conf=0.383 | connector="should plan"
      🔗 node_35 [ALIVE str=2.0] | base_conf=0.383 | connector="should next"
  🎯 node_36 (1/4 attached):
      🔗 node_37 [ALIVE str=2.0] | base_conf=0.55 | connector="sky river"
  🎯 node_39 (1/4 attached):
      🔗 node_40 [ALIVE str=4.0] 💎[CRYSTAL:user] | base_conf=0.55 | connector="tool build"
  🎯 node_6 (2/4 attached):
      🔗 node_7 [ALIVE str=3.0] | base_conf=0.55 | connector="why think"
      🔗 node_8 [ALIVE str=4.0] | base_conf=0.05 | connector="think mechanism"

Brain > [ENGINE] 🔓  Node 'node_34' detached from target 'node_33'.
🔓 Detached 'node_34' from 'node_33'

Brain > === ATTACHMENT MAP (7 targets with attachments) ===
  🎯 node_10 (2/4 attached):
      🔗 node_11 [ALIVE str=2.0] | base_conf=0.55 | connector="danger run"
      🔗 node_12 [ALIVE str=7.0] 💎[CRYSTAL:user] | base_conf=0.383 | connector="danger fire"
  🎯 node_18 (3/4 attached):
      🔗 node_19 [ALIVE str=2.0] | base_conf=0.55 | connector="feel sad"
      🔗 node_20 [ALIVE str=1.0] | base_conf=0.55 | connector="feel worried"
      🔗 node_21 [ALIVE str=2.0] | base_conf=0.55 | connector="feel lonely"
  🎯 node_3 (2/4 attached):
      🔗 node_4 [GRAVE] | base_conf=0.383 | connector="morning hello"
      🔗 node_5 [GRAVE] | base_conf=0.05 | connector="casual hello"
  🎯 node_33 (1/4 attached):
      🔗 node_35 [ALIVE str=2.0] | base_conf=0.383 | connector="should next"
  🎯 node_36 (1/4 attached):
      🔗 node_37 [ALIVE str=2.0] | base_conf=0.55 | connector="sky river"
  🎯 node_39 (1/4 attached):
      🔗 node_40 [ALIVE str=4.0] 💎[CRYSTAL:user] | base_conf=0.55 | connector="tool build"
  🎯 node_6 (2/4 attached):
      🔗 node_7 [ALIVE str=3.0] | base_conf=0.55 | connector="why think"
      🔗 node_8 [ALIVE str=4.0] | base_conf=0.05 | connector="think mechanism"

Brain > --> Grug freezing entire cave to specimen file...

╔══════════════════════════════════════════════════════════════╗
║            🧊 SPECIMEN SAVED SUCCESSFULLY                    ║
╠══════════════════════════════════════════════════════════════╣
  📁  File             : /workspace/grug_test/kitchen_sink_v9_b3a/kitchen_sink_post_run.specimen.gz
  📦  JSON size        : 155181 bytes
  🗜️   Compressed size  : 21804 bytes (85.9% smaller)
  ⏱️   Time             : 0.43s
  ─────────────────────────────────────────────
  🌱  Nodes            : 42
  🧠  Lobes            : 13
  📋  Lobe tables      : 13
  ⚡  Hopfield entries  : 0
  ⚙️   Rules            : 0
  💬  Messages         : 198
  🔧  Verb classes     : 6
  🔤  Thesaurus words  : 499
  🚫  Inhibitions      : 0
  🔗  Attachments      : 12
  🔮  Trajectory entries : 0
  🕐  Temporal coherence : 0
  ⏳  Morph cooldowns    : 0
  🤖  AIML nodes       : 0
  👁   Arousal          : 0.2
╚══════════════════════════════════════════════════════════════╝

Brain > === LOBE REGISTRY (13 lobes, 42 nodes indexed) ===
  alert | subject='warn caution notify danger flag urgent' | nodes=3/20000 | fires=0 | inhibits=0 | connected=[survival] | tbl[nodes=3 json=3 drop=0 hopf=0]
  celebration | subject='celebrate joy happy glad cheerful' | nodes=3/20000 | fires=0 | inhibits=0 | connected=[comfort,greeting] | tbl[nodes=3 json=3 drop=0 hopf=0]
  comfort | subject='comfort support validate reassure care' | nodes=4/20000 | fires=0 | inhibits=0 | connected=[celebration,greeting] | tbl[nodes=4 json=4 drop=0 hopf=0]
  craft | subject='tool make build hammer carve' | nodes=3/20000 | fires=0 | inhibits=0 | connected=[explanation] | tbl[nodes=3 json=3 drop=0 hopf=0]
  default | subject='general thinking reasoning conversation greeting' | nodes=3/20000 | fires=0 | inhibits=0 | connected=[none] | tbl[nodes=3 json=0 drop=0 hopf=0]
  explanation | subject='explain clarify describe define teach' | nodes=4/20000 | fires=0 | inhibits=0 | connected=[craft,inquiry,nature,reasoning] | tbl[nodes=4 json=4 drop=0 hopf=0]
  greeting | subject='hello hi greet welcome conversation' | nodes=3/20000 | fires=0 | inhibits=0 | connected=[celebration,comfort] | tbl[nodes=3 json=3 drop=5 hopf=0]
  inquiry | subject='question ask wonder curious investigate' | nodes=3/20000 | fires=0 | inhibits=0 | connected=[explanation] | tbl[nodes=3 json=3 drop=0 hopf=0]
  memory | subject='remember recall past history recollect' | nodes=2/20000 | fires=0 | inhibits=0 | connected=[reasoning] | tbl[nodes=2 json=2 drop=0 hopf=0]
  nature | subject='stone tree water sky weather' | nodes=3/20000 | fires=0 | inhibits=0 | connected=[explanation] | tbl[nodes=3 json=3 drop=0 hopf=0]
  planning | subject='plan strategy goal future intend' | nodes=3/20000 | fires=0 | inhibits=0 | connected=[reasoning] | tbl[nodes=3 json=3 drop=0 hopf=0]
  reasoning | subject='think reason analyze ponder logic' | nodes=4/20000 | fires=0 | inhibits=0 | connected=[explanation,memory,planning] | tbl[nodes=4 json=4 drop=0 hopf=0]
  survival | subject='flee hide fight danger threat run' | nodes=4/20000 | fires=0 | inhibits=0 | connected=[alert] | tbl[nodes=4 json=4 drop=2 hopf=0]

Brain > ╔══════════════════════════════════════════════════╗
║              GRUGBOT SYSTEM STATUS               ║
╠══════════════════════════════════════════════════╣
║  ENGINE                                          ║
  Nodes in cave   : 42
  Hopfield cache  : 0 entries
  Memory messages : 199
  Est. memory use : ~139 KB
  Trajectory buf  : 0 entries
[ Info: [ENGINE] 🔮 Action=ACTION_SPECULATE | Tone=TONE_NEUTRAL | Conf=0.34 | ArousalNudge=0.0 | Weight=1.07 [FALLBACK] [FRAME=contemplative/basic]
┌ Warning: [ENGINE] BUG-004: pattern longer than input — using cheap bidirectional scan.
│   node_id = "node_3"
│   pattern_len = 2
│   input_len = 1
└ @ Main /workspace/grugbot420_repo/src/engine.jl:2939
┌ Warning: [ENGINE] BUG-004: pattern longer than input — using cheap bidirectional scan.
│   node_id = "node_0"
│   pattern_len = 4
│   input_len = 1
└ @ Main /workspace/grugbot420_repo/src/engine.jl:2939
[ Info: [ENGINE] 🔮 Action=ACTION_SPECULATE | Tone=TONE_NEUTRAL | Conf=0.34 | ArousalNudge=0.0 | Weight=1.07 [FALLBACK] [FRAME=contemplative/basic]
[ Info: [ENGINE] 🔮 Action=ACTION_SPECULATE | Tone=TONE_NEUTRAL | Conf=0.36 | ArousalNudge=0.0 | Weight=1.07 [FALLBACK] [FRAME=contemplative/basic]
[ Info: [ENGINE] 🔮 Action=ACTION_COMMAND | Tone=TONE_NEUTRAL | Conf=0.67 | ArousalNudge=0.0 | Weight=1.33 [FALLBACK] [FRAME=imperative/basic]
[ Info: [ENGINE] 🔮 Action=ACTION_QUERY | Tone=TONE_NEUTRAL | Conf=0.41 | ArousalNudge=0.0 | Weight=1.25 [FALLBACK] [FRAME=exploratory/basic]
[ Info: [ENGINE] 🔮 Action=ACTION_QUERY | Tone=TONE_CURIOUS | Conf=0.51 | ArousalNudge=0.0 | Weight=1.31 [FRAME=exploratory/basic]
┌ Warning: [ENGINE] BUG-004: pattern longer than input — using cheap bidirectional scan.
│   node_id = "node_2"
│   pattern_len = 6
│   input_len = 3
└ @ Main /workspace/grugbot420_repo/src/engine.jl:2939
[ Info: [ENGINE] 🔮 Action=ACTION_QUERY | Tone=TONE_CURIOUS | Conf=0.51 | ArousalNudge=0.0 | Weight=1.31 [FRAME=exploratory/basic]
[ Info: [ENGINE] 🔮 Action=ACTION_QUERY | Tone=TONE_CURIOUS | Conf=0.52 | ArousalNudge=0.0 | Weight=1.31 [FRAME=exploratory/basic]
[ Info: [ENGINE] 🔮 Action=ACTION_QUERY | Tone=TONE_CURIOUS | Conf=0.55 | ArousalNudge=0.0 | Weight=1.33 [FRAME=exploratory/basic]
[ Info: [ENGINE] 🔮 Action=ACTION_QUERY | Tone=TONE_CURIOUS | Conf=0.51 | ArousalNudge=0.0 | Weight=1.31 [FRAME=exploratory/basic]
[ Info: [ENGINE] 🔮 Action=ACTION_COMMAND | Tone=TONE_NEUTRAL | Conf=1.0 | ArousalNudge=0.0 | Weight=1.5 [FALLBACK] [FRAME=imperative/basic]
[ Info: [PREDICTOR] 👁  Arousal nudged 0.5 → 0.75 (TONE_URGENT)
[ Info: [ENGINE] 🔮 Action=ACTION_COMMAND | Tone=TONE_URGENT | Conf=0.85 | ArousalNudge=0.25 | Weight=1.43 [FRAME=imperative/rel]
[ Info: [ENGINE] 🔮 Action=ACTION_COMMAND | Tone=TONE_NEUTRAL | Conf=0.43 | ArousalNudge=0.0 | Weight=1.21 [FALLBACK] [FRAME=imperative/basic]
[ Info: [ENGINE] 🔮 Action=ACTION_SPECULATE | Tone=TONE_NEUTRAL | Conf=0.36 | ArousalNudge=0.0 | Weight=1.07 [FALLBACK] [FRAME=contemplative/basic]
[ Info: [PREDICTOR] 👁  Arousal nudged 0.75 → 1.0 (TONE_URGENT)
[ Info: [ENGINE] 🔮 Action=ACTION_COMMAND | Tone=TONE_URGENT | Conf=0.58 | ArousalNudge=0.25 | Weight=1.29 [FRAME=imperative/rel]
[ Info: [PREDICTOR] 👁  Arousal nudged 1.0 → 0.85 (TONE_REFLECTIVE)
[ Info: [ENGINE] 🔮 Action=ACTION_SPECULATE | Tone=TONE_REFLECTIVE | Conf=0.56 | ArousalNudge=-0.15 | Weight=1.11 [FRAME=contemplative/rel]
[ Info: [PREDICTOR] 👁  Arousal nudged 0.85 → 0.7 (TONE_REFLECTIVE)
[ Info: [ENGINE] 🔮 Action=ACTION_SPECULATE | Tone=TONE_REFLECTIVE | Conf=0.57 | ArousalNudge=-0.15 | Weight=1.11 [FRAME=contemplative/rel]
[ Info: [PREDICTOR] 👁  Arousal nudged 0.7 → 0.55 (TONE_REFLECTIVE)
[ Info: [ENGINE] 🔮 Action=ACTION_SPECULATE | Tone=TONE_REFLECTIVE | Conf=0.13 | ArousalNudge=-0.15 | Weight=1.03 [FRAME=contemplative/rel]
[ Info: [PREDICTOR] 👁  Arousal nudged 0.55 → 0.4 (TONE_REFLECTIVE)
[ Info: [ENGINE] 🔮 Action=ACTION_SPECULATE | Tone=TONE_REFLECTIVE | Conf=0.58 | ArousalNudge=-0.15 | Weight=1.12 [FRAME=contemplative/rel]
[ Info: [PREDICTOR] 👁  Arousal nudged 0.4 → 0.75 (TONE_HOSTILE)
[ Info: [ENGINE] 🔮 Action=ACTION_NEGATE | Tone=TONE_HOSTILE | Conf=0.52 | ArousalNudge=0.35 | Weight=1.16 [FRAME=de-escalating/rel]
[ Info: [PREDICTOR] 👁  Arousal nudged 0.75 → 1.0 (TONE_HOSTILE)
[ Info: [ENGINE] 🔮 Action=ACTION_NEGATE | Tone=TONE_HOSTILE | Conf=0.12 | ArousalNudge=0.35 | Weight=1.04 [FRAME=de-escalating/rel]
[ Info: [PREDICTOR] 👁  Arousal nudged 1.0 → 1.0 (TONE_HOSTILE)
[ Info: [ENGINE] 🔮 Action=ACTION_COMMAND | Tone=TONE_HOSTILE | Conf=0.12 | ArousalNudge=0.35 | Weight=1.06 [FRAME=de-escalating/rel]
[ Info: [PREDICTOR] 👁  Arousal nudged 1.0 → 1.0 (TONE_HOSTILE)
[ Info: [ENGINE] 🔮 Action=ACTION_NEGATE | Tone=TONE_HOSTILE | Conf=0.12 | ArousalNudge=0.35 | Weight=1.04 [FRAME=de-escalating/rel]
[ Info: [PREDICTOR] 👁  Arousal nudged 1.0 → 1.0 (TONE_HOSTILE)
[ Info: [ENGINE] 🔮 Action=ACTION_QUERY | Tone=TONE_HOSTILE | Conf=1.0 | ArousalNudge=0.35 | Weight=1.6 [FRAME=de-escalating/rel]
[ Info: [PREDICTOR] 👁  Arousal nudged 1.0 → 1.0 (TONE_HOSTILE)
[ Info: [ENGINE] 🔮 Action=ACTION_QUERY | Tone=TONE_HOSTILE | Conf=1.0 | ArousalNudge=0.35 | Weight=1.6 [FRAME=de-escalating/rel]
[ Info: [PREDICTOR] 🌀 Per-query Gini damping active — action_gini=0.832, tone_gini=0.802
[ Info: [PREDICTOR] 🌀 Per-query Gini damping active — action_gini=0.832, tone_gini=0.803
[ Info: [ENGINE] 🔮 Action=ACTION_QUERY | Tone=TONE_CURIOUS | Conf=1.0 | ArousalNudge=0.0 | Weight=1.6 [LORENZ-DAMPED] [FRAME=exploratory/basic]
[ Info: [PREDICTOR] 🌀 Per-query Gini damping active — action_gini=0.812, tone_gini=0.559
[ Info: [PREDICTOR] 👁  Arousal nudged 1.0 → 1.0 (TONE_URGENT)
[ Info: [PREDICTOR] 🌀 Per-query Gini damping active — action_gini=0.812, tone_gini=0.566
[ Info: [ENGINE] 🔮 Action=ACTION_ESCALATE | Tone=TONE_URGENT | Conf=1.0 | ArousalNudge=0.45 | Weight=1.7 [LORENZ-DAMPED] [FRAME=imperative/rel]
[ Info: [ENGINE] 🔮 Action=ACTION_SPECULATE | Tone=TONE_NEUTRAL | Conf=0.12 | ArousalNudge=0.0 | Weight=1.02 [FALLBACK] [FRAME=contemplative/basic]
[ Info: [ENGINE] 🔮 Action=ACTION_SPECULATE | Tone=TONE_NEUTRAL | Conf=1.0 | ArousalNudge=0.0 | Weight=1.2 [FALLBACK] [FRAME=contemplative/basic]
[ Info: [ENGINE] 🔮 Action=ACTION_SPECULATE | Tone=TONE_NEUTRAL | Conf=1.0 | ArousalNudge=0.0 | Weight=1.2 [FALLBACK] [FRAME=contemplative/basic]
[ Info: [ENGINE] 🔮 Action=ACTION_NEGATE | Tone=TONE_NEUTRAL | Conf=0.46 | ArousalNudge=0.0 | Weight=1.14 [FALLBACK] [FRAME=terse/basic]
[ Info: [ENGINE] 🔮 Action=ACTION_SPECULATE | Tone=TONE_NEUTRAL | Conf=0.48 | ArousalNudge=0.0 | Weight=1.1 [FALLBACK] [FRAME=contemplative/basic]
[ Info: [ENGINE] 🔮 Action=ACTION_SPECULATE | Tone=TONE_NEUTRAL | Conf=1.0 | ArousalNudge=0.0 | Weight=1.2 [FALLBACK] [FRAME=contemplative/basic]
[ Info: [ENGINE] 🔮 Action=ACTION_SPECULATE | Tone=TONE_NEUTRAL | Conf=0.25 | ArousalNudge=0.0 | Weight=1.05 [FALLBACK] [FRAME=contemplative/basic]
[ Info: [ENGINE] 🔮 Action=ACTION_COMMAND | Tone=TONE_NEUTRAL | Conf=0.82 | ArousalNudge=0.0 | Weight=1.41 [FALLBACK] [FRAME=imperative/basic]
[ Info: [ENGINE] 🔮 Action=ACTION_COMMAND | Tone=TONE_NEUTRAL | Conf=0.53 | ArousalNudge=0.0 | Weight=1.27 [FALLBACK] [FRAME=imperative/basic]
[ Info: [ENGINE] 🔮 Action=ACTION_COMMAND | Tone=TONE_NEUTRAL | Conf=0.12 | ArousalNudge=0.0 | Weight=1.06 [FALLBACK] [FRAME=imperative/basic]
[ Info: [ENGINE] 🔮 Action=ACTION_SPECULATE | Tone=TONE_NEUTRAL | Conf=0.55 | ArousalNudge=0.0 | Weight=1.11 [FALLBACK] [FRAME=contemplative/basic]
[ Info: [ENGINE] 🔮 Action=ACTION_COMMAND | Tone=TONE_NEUTRAL | Conf=0.71 | ArousalNudge=0.0 | Weight=1.35 [FRAME=imperative/basic]
[ Info: [ENGINE] 🔮 Action=ACTION_COMMAND | Tone=TONE_NEUTRAL | Conf=0.68 | ArousalNudge=0.0 | Weight=1.34 [FRAME=imperative/basic]
[ Info: [ENGINE] 🔮 Action=ACTION_COMMAND | Tone=TONE_NEUTRAL | Conf=0.78 | ArousalNudge=0.0 | Weight=1.39 [FALLBACK] [FRAME=imperative/basic]
[ Info: [ENGINE] 🔮 Action=ACTION_QUERY | Tone=TONE_CURIOUS | Conf=0.56 | ArousalNudge=0.0 | Weight=1.34 [FRAME=exploratory/basic]
[ Info: [ENGINE] 🔮 Action=ACTION_QUERY | Tone=TONE_CURIOUS | Conf=0.53 | ArousalNudge=0.0 | Weight=1.32 [FRAME=exploratory/basic]
[ Info: [ENGINE] 🔮 Action=ACTION_NEGATE | Tone=TONE_NEUTRAL | Conf=0.28 | ArousalNudge=0.0 | Weight=1.09 [FALLBACK] [FRAME=terse/basic]
[ Info: [ENGINE] 🔮 Action=ACTION_COMMAND | Tone=TONE_NEUTRAL | Conf=0.78 | ArousalNudge=0.0 | Weight=1.39 [FALLBACK] [FRAME=imperative/basic]
[ Info: [ENGINE] 🔮 Action=ACTION_COMMAND | Tone=TONE_NEUTRAL | Conf=0.12 | ArousalNudge=0.0 | Weight=1.06 [FALLBACK] [FRAME=imperative/basic]
[ Info: [ENGINE] 🔮 Action=ACTION_COMMAND | Tone=TONE_NEUTRAL | Conf=0.43 | ArousalNudge=0.0 | Weight=1.22 [FRAME=imperative/basic]
[ Info: [ENGINE] 🔮 Action=ACTION_QUERY | Tone=TONE_CURIOUS | Conf=0.53 | ArousalNudge=0.0 | Weight=1.32 [FRAME=exploratory/basic]
[ Info: [ENGINE] 🔮 Action=ACTION_QUERY | Tone=TONE_CURIOUS | Conf=0.55 | ArousalNudge=0.0 | Weight=1.33 [FRAME=exploratory/basic]
[ Info: [ENGINE] 🔮 Action=ACTION_QUERY | Tone=TONE_CURIOUS | Conf=0.55 | ArousalNudge=0.0 | Weight=1.33 [FRAME=exploratory/basic]
[ Info: [ENGINE] 🔮 Action=ACTION_COMMAND | Tone=TONE_NEUTRAL | Conf=0.47 | ArousalNudge=0.0 | Weight=1.24 [FALLBACK] [FRAME=imperative/basic]
┌ Warning: [ORCHESTRATOR] ⚠ No votes passed AIML_CONFIDENCE_THRESHOLD=0.35. Falling back to highest-confidence vote.
└ @ Main /workspace/grugbot420_repo/src/Main.jl:1287
[ Info: [ENGINE] 🔮 Action=ACTION_NEGATE | Tone=TONE_NEUTRAL | Conf=0.24 | ArousalNudge=0.0 | Weight=1.07 [FALLBACK] [FRAME=terse/basic]
[ Info: [ENGINE] 🔮 Action=ACTION_QUERY | Tone=TONE_NEUTRAL | Conf=0.12 | ArousalNudge=0.0 | Weight=1.08 [FALLBACK] [FRAME=exploratory/basic]
[ Info: [ENGINE] 🔮 Action=ACTION_SPECULATE | Tone=TONE_NEUTRAL | Conf=0.12 | ArousalNudge=0.0 | Weight=1.02 [FALLBACK] [FRAME=contemplative/basic]
  Temporal coher  : 0 entries
  Morph cooldowns : 0 active
  Current arousal : 0.2
  Last input ago  : 0.0s
║  LOBES                                           ║
  Lobes registered: 13
  Nodes in lobes  : 42
  Top lobe (fires): explanation (0 fires)
║  BRAINSTEM                                       ║
  Dispatches run  : 0
  Last winner     : none
  Propagations    : 0
  Is dispatching  : false
║  CHATTER                                         ║
  Chatter running : false
  Input queue     : 0 pending
  Sessions run    : 0
║  AIML NODE TRIBES                                ║
=== AIML NODE TRIBES (cycle=54) ===
  alert | pop=0/6666 | live=0 | grave=0
  celebration | pop=0/6666 | live=0 | grave=0
  comfort | pop=0/6666 | live=0 | grave=0
  craft | pop=0/6666 | live=0 | grave=0
  explanation | pop=0/6666 | live=0 | grave=0
  greeting | pop=0/6666 | live=0 | grave=0
  inquiry | pop=0/6666 | live=0 | grave=0
  memory | pop=0/6666 | live=0 | grave=0
  nature | pop=0/6666 | live=0 | grave=0
  planning | pop=0/6666 | live=0 | grave=0
  reasoning | pop=0/6666 | live=0 | grave=0
  survival | pop=0/6666 | live=0 | grave=0
╚══════════════════════════════════════════════════╝

Brain > [GRUG] 👋 /quit received. Cave closes. Goodbye.
